Categoria,Titulo,Conteudo,Palavras chave,Url
Rejeições NFE,Rejeição: 201 - O número máximo de numeração de NF-e a inutilizar ultrapassou o limite.,"Rejeição

A rejeição 201 ""O número máximo de numeração de NF-e a inutilizar ultrapassou o limite"" ocorre quando se tenta inutilizar mais de 10.000 números de NF-e.

Dicas

Solução 

Para inutilizar todos os números, é preciso fazer mais de um registro. Por exemplo, inutilizar a faixa de 1 a 10.001 e depois a faixa de 10.002 a 10.002. 
Informar um número menor de notas a ser inutilizado. 
Verificar a numeração a ser inutilizada. 

Como consultar o status de uma NF-e inutilizada? 

É possível consultar o status de uma NF-e inutilizada gratuitamente no Portal Nacional da Nota Fiscal Eletrônica (www.nfe.fazenda.gov.br).","nfe, erros comuns nfe, resoluções nfe, erros comuns e resoluções - nf-e, erros comuns e resoluções - nfe",https://unoerpwiki.herokuapp.com/pt-br/menu-implantacao/configuracao-plugins/configuracao-nf-e/erros-nfe/rejeicao-201
Rejeições NFE,Rejeição: 202 - Falha no reconhecimento da autoria ou integridade do arquivo digital.,"Rejeição
Rejeição: 202 - Falha no reconhecimento da autoria ou integridade do arquivo digital.
Causa
Motivo
Essa rejeição indica uma falha no 'namespace' do arquivo template utilizado para a UF, entretanto, quase sempre trata-se de alguma falha técnica na própria Sefaz.
Exceções
Para essa regra de validação, não há exceções nem observações.
Exemplo
Não há.
Como Resolver no UNO ERP
Para corrigir esse problema, deve se aguardar alguns minutos e reprocessar o arquivo. Caso a situação não seja solucionada, será necessário entrar em contato com a Sefaz do estado emissor.
Referência
www.oobj.com.br/erro-202
Dicas
Erro pode vir em conjunto com outro código, da qual, ao solucionado o outro código, este não seja mais apresentado.","nfe, erros comuns nfe, resoluções nfe, erros comuns e resoluções - nf-e, erros comuns e resoluções - nfe",https://unoerpwiki.herokuapp.com/pt-br/menu-implantacao/configuracao-plugins/configuracao-nf-e/erros-nfe/rejeicao-202
Rejeições NFE,Rejeição: 203 - Emissor não habilitado para emissão de NF-e.,"Rejeição

A rejeição ""Emissor não habilitado para emissão da NF-e"" significa que a empresa não está autorizada pela SEFAZ (Secretaria da Fazenda) do seu estado a emitir a nota fiscal.

Motivos da rejeição 

A empresa está em situação irregular perante o Fisco
O CNPJ da empresa ainda não foi credenciado na SEFAZ
A empresa tem pendências na SEFAZ ou na Receita Federal
Dicas

Como resolver 

Consulte a sua Inscrição Estadual ou CNPJ através do SINTEGRA ou do Cadastro Centralizado de Contribuintes (CCC) 
Entre em contato com o seu contador 
Situação de empresas recém-criadas 
Empresas recém-criadas que ainda estão em processo de cadastramento na SEFAZ podem apresentar esta rejeição. 
Considerações sobre o credenciamento 
Cada estado tem autonomia para trabalhar por conta própria, logo os credenciamentos variam de uma UF para outra. 

 

 ","nfe, erros comuns nfe, resoluções nfe, erros comuns e resoluções - nf-e, erros comuns e resoluções - nfe",https://unoerpwiki.herokuapp.com/pt-br/menu-implantacao/configuracao-plugins/configuracao-nf-e/erros-nfe/rejeicao-203
Rejeições NFE,Rejeição: 204 - Duplicidade de NF-e. OK,"Rejeição

Esta rejeição ocorre quando o número da NF-e já foi autorizado anteriormente na Secretaria da Fazenda (Sefaz), causando o erro de duplicidade

Este erro ocorre também pode acontecer quando a Sefaz passa por uma instabilidade, pois durante a instabilidade a Sefaz autoriza a NF-e mas não retorna como Emitida com sucesso.

Dicas

Dessa forma, apenas siga consultando a nota de tempo em tempo na lupa que fica ao lado direito da nota com o erro em questão 

Caso a sefaz esteja passando por instabilidade, é recomendado consultar a nota de 15 em 15 minutos, para que a mesma não seja bloqueada pela sefaz!","nfe, erros comuns nfe, resoluções nfe, erros comuns e resoluções - nf-e, erros comuns e resoluções - nfe",https://unoerpwiki.herokuapp.com/pt-br/menu-implantacao/configuracao-plugins/configuracao-nf-e/erros-nfe/rejeicao-204
Rejeições NFE,Rejeição: 205 - NF-e está denegada na base de dados da SEFAZ.,"Rejeição

A rejeição 205 significa que a nota fiscal eletrônica (NF-e) está denegada na base de dados da SEFAZ. Isso acontece quando a numeração da nota já foi utilizada anteriormente e está denegada. 

Motivos para a denegação de uma NF-e 

Problemas com o CNPJ ou Inscrição Estadual da empresa
Irregularidade do CNPJ do destinatário na SEFAZ
Pendências do emitente junto à Secretaria da Fazenda/Receita
Pendências do destinatário junto à SEFAZ, como CPF suspenso ou dívida ativa

O que fazer se houver uma sequência de notas denegadas? 

Caso tenha este retorno com uma sequência de notas, é necessário consultar sua contabilidade e verificar o motivo das notas estarem como denegadas. 

Dicas

Para resolver a rejeição 205, é necessário emitir uma nova nota fiscal com um número diferente. ","nfe, erros comuns nfe, resoluções nfe, erros comuns e resoluções - nf-e, erros comuns e resoluções - nfe",https://unoerpwiki.herokuapp.com/pt-br/menu-implantacao/configuracao-plugins/configuracao-nf-e/erros-nfe/rejeicao-205
Rejeições NFE,Rejeição: 206 - NF-e já está inutilizada na base de dados da SEFAZ.,"Rejeição

A rejeição 206 ""NF-e já está inutilizada na base de dados da SEFAZ"" ocorre quando a numeração da nota fiscal já foi inutilizada. Para resolver, é necessário emitir uma nova nota fiscal com um número diferente. 

Por que ocorre a rejeição? 

A rejeição 206 pode ocorrer quando: 

Uma faixa de notas fiscais é inutilizada, mas o sistema emissor não está preparado corretamente 
Uma numeração que já foi inutilizada é reutilizada 
Como consultar as numerações inutilizadas? 
Você pode consultar as numerações inutilizadas no site da SEFAZ do seu estado. 
Dicas

Como resolver? 

Confirme se o número da nota já foi inutilizado consultando o site da SEFAZ 
Emita uma nova nota fiscal com um número diferente. 
Se a rejeição ocorrer em uma sequência de notas, verifique com a contabilidade qual é o próximo número que deve ser emitido.

 

 ","nfe, erros comuns nfe, resoluções nfe, erros comuns e resoluções - nf-e, erros comuns e resoluções - nfe",https://unoerpwiki.herokuapp.com/pt-br/menu-implantacao/configuracao-plugins/configuracao-nf-e/erros-nfe/rejeicao-206
Rejeições NFE,Rejeição: 207 - CNPJ do emitente inválido.,"Rejeição

A rejeição 207 significa que o CNPJ do emitente é inválido. Isso pode acontecer por vários motivos, como o tamanho do CNPJ, o posicionamento dos números ou o dígito verificador.

Dicas

Para resolver a rejeição 207, você pode: 

Verificar se o CNPJ está correto no sistema
Consultar o site da Receita Federal para verificar se o cadastro está ativo e correto
Verificar se o CNPJ está credenciado como emissor de NF-e, verificar se a situação do CNPJ está habilitada
Verificar se a situação IE está habilitada
Verificar do status do seu cadastro na SEFAZ","nfe, erros comuns nfe, resoluções nfe, erros comuns e resoluções - nf-e, erros comuns e resoluções - nfe",https://unoerpwiki.herokuapp.com/pt-br/menu-implantacao/configuracao-plugins/configuracao-nf-e/erros-nfe/rejeicao-207
Rejeições NFE,Rejeição: 208 - CNPJ do destinatário inválido.,"Rejeição

A rejeição 208 significa que o CNPJ do destinatário está inválido, ou seja, foi informado incorretamente. Isso pode acontecer ao emitir uma nota fiscal eletrônica. 

Causas da rejeição 208 

O CNPJ foi preenchido com zeros
O dígito verificador está incorreto
O número de dígitos do CNPJ é diferente de 14
Dicas

Como resolver a rejeição 208 

Para resolver a rejeição 208, deve informar o CNPJ válido do destinatário, que exista no Sintegra. Depois, basta inutilizar a NFe errada, recarregar a empresa no pedido e faturar novamente.","nfe, erros comuns nfe, resoluções nfe, erros comuns e resoluções - nf-e, erros comuns e resoluções - nfe",https://unoerpwiki.herokuapp.com/pt-br/menu-implantacao/configuracao-plugins/configuracao-nf-e/erros-nfe/rejeicao-208
Rejeições NFE,Rejeição: 209 - IE do emitente inválida.,"Motivos da rejeição

A rejeição 209 ""IE do emitente inválida"" ocorre quando a Inscrição Estadual (IE) do emitente não está válida. Isso pode acontecer por vários motivos, como: 

O código da IE está fora do padrão exigido (entre 2 e 14 caracteres numéricos)
O posicionamento de alguns números está incorreto
O dígito verificador está errado
A IE não está vinculada ao CNPJ
Dicas de correção

Para corrigir esse problema:

Se o erro for no cadastro do cliente:

Precisa validar no cadastro a IE que esta cadastrada de acordo as informações do SINTEGRA:

Para fazer a validação, clique no botão ‘Sintegra’, coloque a UF do cliente e consulte:

 ","nfe, erros comuns nfe, resoluções nfe, erros comuns e resoluções - nf-e, erros comuns e resoluções - nfe",https://unoerpwiki.herokuapp.com/pt-br/menu-implantacao/configuracao-plugins/configuracao-nf-e/erros-nfe/rejeicao-209
Rejeições NFE,Rejeição: 210 - IE do destinatário inválida.,"Rejeição

Rejeição: IE do destinatário invalida.

Dicas

No cadastro mostra que a IE do cliente do é RJ, mas o endereço definido no pedido é de SP, por este motivo  SEFAZ não valida.","nfe, erros comuns nfe, resoluções nfe, erros comuns e resoluções - nf-e, erros comuns e resoluções - nfe",https://unoerpwiki.herokuapp.com/pt-br/menu-implantacao/configuracao-plugins/configuracao-nf-e/erros-nfe/rejeicao-210
Rejeições NFE,Rejeição: 211 - IE do substituto inválida.,"Rejeição

A rejeição 211 significa que a Inscrição Estadual do Substituto Tributário (IEST) foi informada incorretamente. 

Causa:

A IEST informada no cadastro da empresa é inválida
Dicas

Como resolver :

Verifique se a IEST cadastrada está correta
Edite a IEST caso esteja errada
Exclua a IEST caso não esteja cadastrada
Clique em ""Salvar""
Saia e entre no sistema novamente
Tente Gerar a NF-e novamente

Considerações :

A IEST é única para cada UF (Estado) 
Na validação da IEST são consideradas as regras da UF do Local de Entrega para operação de Faturamento Direto de veículos novos 
Nos demais casos, são consideradas as regras da UF do destinatário 
A IEST do Substituto Tributário deve ser diferente da IE do emitente e do destinatário ","nfe, erros comuns nfe, resoluções nfe, erros comuns e resoluções - nf-e, erros comuns e resoluções - nfe",https://unoerpwiki.herokuapp.com/pt-br/menu-implantacao/configuracao-plugins/configuracao-nf-e/erros-nfe/rejeicao-211
Rejeições NFE,Rejeição: 212 - Data de emissão NF-e posterior à data de recebimento.,"Rejeição

A rejeição 212 ocorre quando a data e hora de emissão de uma Nota Fiscal Eletrônica (NF-e) é posterior à data e hora da Secretaria da Fazenda (SEFAZ). 

Motivos da rejeição Erros de digitação, Atrasos na emissão, Mudanças no horário de verão, O sistema emissor não foi atualizado para o novo fuso horário da SEFAZ.

Dicas

Como resolver 

Verifique a data e hora de emissão da NF-e
Compare com a data e hora da SEFAZ do seu estado
Corrija a data de emissão no software de emissão
Inutilize a NFe errada e fature novamente","nfe, erros comuns nfe, resoluções nfe, erros comuns e resoluções - nf-e, erros comuns e resoluções - nfe",https://unoerpwiki.herokuapp.com/pt-br/menu-implantacao/configuracao-plugins/configuracao-nf-e/erros-nfe/rejeicao-212
Rejeições NFE,Rejeição: 213 - CNPJ base do Emitente difere do CNPJ base do Certificado Digital. OK,"Rejeição
Rejeição: 213 - CNPJ base do Emitente difere do CNPJ base do Certificado Digital
Causa
Motivo
Quando uma NF-e for emitida com um CNPJ-Base (CNPJ do emitente) diferente do CNPJ-Base do Certificado Digital, será retornado a rejeição ""213 - CNPJ-Base do Autor difere do CNPJ-Base do Certificado Digital"".

Há duas situações em que pode ocorrer essa situação:

Quando o CNPJ-Base do emitente for informado errado;
Quando a NF-e for assinada com um Certificado Digital errado.
Exceções
À Criar
Exemplo
À Criar
Como Resolver no UNO ERP
Deve-se verificar se o CNPJ-Base do emitente foi informado corretamente na NF-e. Caso esteja correto o CNPJ-Base do emitente, é preciso confirmar se o Certificado Digital usado para assinar a NF-e é realmente o certificado emitido para o CNPJ-Base do emitente.
Entrar em contato com empresa/cliente e validar se o CNPJ e o certificado estão corretos, de acordo com o CNPJ cadastrado.
Referência
www.oobj.com.br/erro-213
Dicas
Erro pode vir em conjunto com outro código, da qual, ao solucionado o outro código, este não seja mais apresentado.","nfe, erros comuns nfe, resoluções nfe, erros comuns e resoluções - nf-e, erros comuns e resoluções - nfe",https://unoerpwiki.herokuapp.com/pt-br/menu-implantacao/configuracao-plugins/configuracao-nf-e/erros-nfe/rejeicao-213
Rejeições NFE,Rejeição: 214 - Tamanho da mensagem excedeu o limite estabelecido.,"Detalhe do Erro

A rejeição 214 significa que a mensagem enviada à SEFAZ excedeu o limite de tamanho estabelecido. 

Onde ocorre a rejeição 214? 

Ao emitir uma NF-e
Ao emitir um CT-e
Ao tentar realizar o processo de Envio de Nota Fiscal Eletrônica pelo componente FISFP093

O que é o limite de tamanho da mensagem?

O limite de tamanho do arquivo que deve ser transmitido à SEFAZ para se obter a autorização de uso é de 500 Kbytes
Dicas de Correção

O que fazer para resolver a rejeição 214? 

Reduzir o tamanho da mensagem enviada à SEFAZ
Dividir a mensagem em duas ou mais NFS-e
Resumir as informações de forma que ocupem menos caracteres

Como reduzir o tamanho da mensagem? 

Dividir a NF-e em outras 2 
Caso a NF-e contenha muitos produtos, divida esses produtos e emita 2 NFS-e com numerações diferentes para esse mesmo cliente 
Eliminar itens do documento ","nfe, erros comuns nfe, resoluções nfe, erros comuns e resoluções - nf-e, erros comuns e resoluções - nfe",https://unoerpwiki.herokuapp.com/pt-br/menu-implantacao/configuracao-plugins/configuracao-nf-e/erros-nfe/rejeicao-214
Rejeições NFE,Rejeição: 215 - Falha no schema XML. OK,"Rejeição

Falha no schema XML - Ocorre quando o arquivo XML da nota fiscal não segue as regras do schema XSD exigido pela SEFAZ

Dicas

Este erro se trata, quando na descrição da inutilização de Nf, contem menos de 15 caracteres ou caracteres especiais. É necessário descrever a inutilização com no mínimo 15 linhas e sem caracteres especiais.   ","nfe, erros comuns nfe, resoluções nfe, erros comuns e resoluções - nf-e, erros comuns e resoluções - nfe",https://unoerpwiki.herokuapp.com/pt-br/menu-implantacao/configuracao-plugins/configuracao-nf-e/erros-nfe/rejeicao-215
Rejeições NFE,Rejeição: 216 - Chave de acesso difere da cadastrada.,"Rejeição

A rejeição 216 significa que a chave de acesso informada é diferente da que está cadastrada na base de dados da SEFAZ. 

Pode ocorrer quando: 

Tenta transmitir uma nota fiscal para a SEFAZ
Tenta vincular um evento a uma NF-e autorizada
Tenta consultar um CT-e
Dicas

Para corrigir, deve informar a chave de acesso que consta na base de dados do órgão autorizador. 

Como corrigir? 

Verifique a numeração do documento 
Certifique-se de que todos os campos que compõem a chave de acesso coincidem com os dados do documento original 

Este erro pode ocorrer quando: 

Já existe uma NFC-e na base de dados da SEFAZ para o mesmo CNPJ 
A Sefaz passa por uma instabilidade ","nfe, erros comuns nfe, resoluções nfe, erros comuns e resoluções - nf-e, erros comuns e resoluções - nfe",https://unoerpwiki.herokuapp.com/pt-br/menu-implantacao/configuracao-plugins/configuracao-nf-e/erros-nfe/rejeicao-216
Rejeições NFE,Rejeição: 217 - NF-e não consta na base de dados da SEFAZ. OK,"Rejeição

Rejeição: NF-e não consta na base de dados da SEFAZ

Dicas

Para resolver a Rejeição 217: NF-e não consta na base de dados da SEFAZ, será necessário consultar a chave de acesso da NF-e em questão no portal nacional da SEFAZ ou no portal estadual da SEFAZ. Caso não encontrada no portal nacional consulte também no portal estadual. Caso não consiga, poderá entrar em contato com o suporte para resolução do problema. ","nfe, erros comuns nfe, resoluções nfe, erros comuns e resoluções - nf-e, erros comuns e resoluções - nfe",https://unoerpwiki.herokuapp.com/pt-br/menu-implantacao/configuracao-plugins/configuracao-nf-e/erros-nfe/rejeicao-217
Rejeições NFE,Rejeição: 234 - IE do destinatário não vinculada ao CNPJ. OK,"Rejeição

Esta rejeição ocorre quando a o CNPJ do cliente está com a situação BAIXADO ou a IE foi preenchida de forma incorreta no cadastro do cliente, por conta disso a SEFAZ retorna com a mensagem “IE do destinatário não vinculada ao CNPJ”. 

Dicas

É necessário conferir o CNPJ do cliente no site do SINTEGRA pelo seguinte link: http://www.sintegra.gov.br/  por lá é possível conferir se o CNPJ está ativo e o número correto da IE. 

Caso o CNPJ esteja com a situação BAIXADO é necessário orientar o solicitante a conferir essa informação com o cliente.

Caso seja necessário corrigir a IE no cadastro, seguir os seguintes passos para emitir a nota com os dados corretos:

Inutilizar a nota que está com a rejeição e reabrir o pedido.
Corrigir o cadastro do cliente.
Acessar o pedido de venda e recarregar o cliente. 

Após essas validações é só realizar o faturamento. 

 ","nfe, erros comuns nfe, resoluções nfe, erros comuns e resoluções - nf-e, erros comuns e resoluções - nfe",https://unoerpwiki.herokuapp.com/pt-br/menu-implantacao/configuracao-plugins/configuracao-nf-e/erros-nfe/rejeicao-234
Rejeições NFE,Rejeição: 235 - Inscrição SUFRAMA inválida.,"Rejeição

A Rejeição 235: Inscrição SUFRAMA inválida basicamente ocorre quando o cliente tenta fazer uma emissão de nota e a SUFRAMA não está informada ou está informada, porém, incorreta ou também com o código SUFRAMA preenchidos com zero (0) ou ainda com a numeração e digito verificador inválido.

Dicas

Como resolver? 

Para solucionar esta rejeição, precisa validar com o cliente ou contabilidade qual a numeração e digito verificar correto para o cliente, cadastrar ele agora com a numeração correta e fazer novamente a emissão.","nfe, erros comuns nfe, resoluções nfe, erros comuns e resoluções - nf-e, erros comuns e resoluções - nfe",https://unoerpwiki.herokuapp.com/pt-br/menu-implantacao/configuracao-plugins/configuracao-nf-e/erros-nfe/rejeicao-235
Rejeições NFE,Rejeição: 236 - Chave de acesso com dígito verificador inválido.,"Rejeição

A rejeição 236 ""Chave de Acesso com dígito verificador inválido"" ocorre quando o dígito verificador da chave de acesso não corresponde ao cálculo dos outros dígitos. 

A rejeição 236 pode ocorrer por:

A chave de acesso informada pertencer a outro documento fiscal que não seja uma NF-e

Conter espaços, pontos ou traços na chave acesso

Possuir algum número incorreto ou faltante

A formação dos campos da chave não estiver correta

Houver algum erro no processo de cálculo do dígito verificador

Dicas

Para resolver essa rejeição, você pode: 

Verificar se a chave de acesso foi gerada corretamente pelo sistema emissor 
Validar se a chave está digitada corretamente 
Revisar o processo de formação da chave de acesso, garantindo que todos os campos estejam corretamente preenchidos
Garantir que o cálculo do dígito verificador seja feito de acordo com as especificações do manual do contribuinte 
Gerar uma nova chave de acesso no sistema 
Reenviar a NF-e com a chave de acesso correta ","nfe, erros comuns nfe, resoluções nfe, erros comuns e resoluções - nf-e, erros comuns e resoluções - nfe",https://unoerpwiki.herokuapp.com/pt-br/menu-implantacao/configuracao-plugins/configuracao-nf-e/erros-nfe/rejeicao-236
Rejeições NFE,Rejeição: 237 - CPF do destinatário inválido.,"Detalhes do erro

Essa rejeição ocorre pelo preenchimento errado do CPF no contato no cadastro do cliente.

Dicas de correção

Para corrigir esse problema, basta acessar o cadastro de clientes: ‘Cadastros Gerais’ → ‘Clientes’

Acesse o cadastro do cliente a ser corrigido e vá na aba de contatos:

Assim você pode validar os números no cadastro do CPF, corrigir e após isso, basta recarregar o cliente no pedido e faturar novamente.","nfe, erros comuns nfe, resoluções nfe, erros comuns e resoluções - nf-e, erros comuns e resoluções - nfe",https://unoerpwiki.herokuapp.com/pt-br/menu-implantacao/configuracao-plugins/configuracao-nf-e/erros-nfe/rejeicao-237
Rejeições NFE,Rejeição: 238 - Cabeçalho Versão do arquivo XML superior a versão vigente.,"Rejeição

A rejeição ""238: Cabeçalho - Versão do arquivo XML superior à Versão vigente"" ocorre quando a versão do arquivo XML da NF-e enviada para a SEFAZ é superior à versão vigente suportada pelo sistema autorizador. Isso pode acontecer quando o sistema emissor utiliza uma versão mais recente do que a versão homologada pela SEFAZ.

A SEFAZ define uma versão específica do schema XML que deve ser utilizada para a emissão de NF-e. Se o arquivo XML enviado estiver em uma versão superior à suportada, a SEFAZ rejeita a nota fiscal.

Dicas
Como Resolver

Para resolver a rejeição 238, siga os passos abaixo:

Verifique a versão do schema XML com o suporte. A versão deve ser exatamente a mesma que está vigente na SEFAZ.
Refaça o processo novamente dentro do sistema e gere o arquivo XML da NF-e com a versão correta do schema.","nfe, erros comuns nfe, resoluções nfe, erros comuns e resoluções - nf-e, erros comuns e resoluções - nfe",https://unoerpwiki.herokuapp.com/pt-br/menu-implantacao/configuracao-plugins/configuracao-nf-e/erros-nfe/rejeicao-238
Rejeições NFE,Rejeição: 239 - Cabeçalho Versão do arquivo XML não suportada.,"Detalhes do erro

A Rejeição 239 ocorre quando o cabeçalho do arquivo XML enviado para o WebService da SEFAZ não é suportado. Isso acontece porque a versão do XML utilizada não está de acordo com as especificações exigidas pela SEFAZ.

Na prática, isso significa que o cabeçalho do arquivo que está sendo enviado ao WebService não está de acordo com os padrões atualmente exigidos. Dessa maneira, o WebService recusa a recepção do arquivo e envia a rejeição informando a incompatibilidade.

Dicas de correção

Esse rejeição precisa ser tratada internamente pela UNO, sendo assim, se isso ocorrer, entrem em contato imediatamente com o suporte para efetuarmos a correção o quanto antes!!!

Se ocorrer, entrem em contato pelo portal ‘Extranet’ de ocorrências ou liguem nos números do suporte.

 

Apenas para fins de conhecimento:

Para resolver a Rejeição 239: Cabeçalho - Versão do arquivo XML não suportada, é necessário alterar o conteúdo do campo versao para ""4.00"". Além disso, todo o layout do XML deve estar de acordo com as exigências da NF-e 4.00, conforme estabelecido pela NT 2016.002.","nfe, erros comuns nfe, resoluções nfe, erros comuns e resoluções - nf-e, erros comuns e resoluções - nfe",https://unoerpwiki.herokuapp.com/pt-br/menu-implantacao/configuracao-plugins/configuracao-nf-e/erros-nfe/rejeicao-239
Rejeições NFE,Rejeição: 240 - Cancelamento/Inutilização – Irregularidade fiscal do emitente.,"Rejeição

A rejeição 240 ""Cancelamento/Inutilização - Irregularidade Fiscal do Emitente"" indica que a SEFAZ encontrou irregularidades no cadastro do emitente. 

Quando ocorre a rejeição 240? 

A rejeição 240 ocorre quando o emitente tenta cancelar ou inutilizar a numeração de uma nota fiscal e a SEFAZ encontra irregularidades no cadastro do emitente. 

Dicas

Como resolver:

Verifique a situação do cadastro do emitente junto à SEFAZ do Estado 
Peça ao cliente que entre em contato com o Posto Fiscal mais próximo e resolva a irregularidade 
Após a regularização, realize o cancelamento ou a inutilização da NF-e ","nfe, erros comuns nfe, resoluções nfe, erros comuns e resoluções - nf-e, erros comuns e resoluções - nfe",https://unoerpwiki.herokuapp.com/pt-br/menu-implantacao/configuracao-plugins/configuracao-nf-e/erros-nfe/rejeicao-240
Rejeições NFE,Rejeição: 241 - Um número da faixa já foi utilizado. OK,"Rejeição

Rejeição: Um número da faixa já foi utilizado

Dicas

A mensagem ""Um número da faixa já foi utilizado"" é uma rejeição (241) que ocorre quando se tenta inutilizar uma numeração de nota fiscal que já foi usada ou constou intermitência na Sefaz e a  nota já foi processada mas o usuário consulta novamente antes de confirmar a validação. Orientamos que aguarde a nota ser validada ou invalidade pela SEFAZ e retransmitir novamente.","nfe, erros comuns nfe, resoluções nfe, erros comuns e resoluções - nf-e, erros comuns e resoluções - nfe",https://unoerpwiki.herokuapp.com/pt-br/menu-implantacao/configuracao-plugins/configuracao-nf-e/erros-nfe/rejeicao-241
Rejeições NFE,Rejeição: 242 - Cabeçalho – Falha no schema XML.,"Rejeição

 

A rejeição 242 ""Cabeçalho - Falha no Schema XML"" ocorre quando o arquivo XML não segue as regras do schema XSD exigido pela SEFAZ. 

Causas 

Caracteres especiais no arquivo
Campos com mais informações do que o permitido
Falta do elemento nfeCabecMsg no Header do envelope SAOP
Dicas

Como resolver :

Entre em contato com o time de suporte pelo extranet e relate sobre o erro anexando o XML completo, para que seja feita a correção do código dentro do sistema.","nfe, erros comuns nfe, resoluções nfe, erros comuns e resoluções - nf-e, erros comuns e resoluções - nfe",https://unoerpwiki.herokuapp.com/pt-br/menu-implantacao/configuracao-plugins/configuracao-nf-e/erros-nfe/rejeicao-242
Rejeições NFE,Rejeição: 243 - XML mal formado.,"Detalhes do erro

A formação correta de arquivos XML depende de algumas regras a serem seguidas. Tags que são abertas e não são fechadas, caracteres inválidos dentro das tags de abertura e fechamento, influenciam diretamente na validação da estrutura de um arquivo XML.

 

Dicas de correção

Para resolver a Rejeição 243: XML Mal Formado, verifique a estrutura do arquivo XML, pois não está de acordo com o Schema definido pela SEFAZ. Isso pode ser causado por espaços em branco entre as tags, tags que podem estar abertas e não fechadas, caracteres inválidos dentro das tags.

Caso ocorra esse erro, entre em contato com nosso suporte para validação.","nfe, erros comuns nfe, resoluções nfe, erros comuns e resoluções - nf-e, erros comuns e resoluções - nfe",https://unoerpwiki.herokuapp.com/pt-br/menu-implantacao/configuracao-plugins/configuracao-nf-e/erros-nfe/rejeicao-243
Rejeições NFE,Rejeição: 244 - CNPJ do certificado digital difere do CNPJ da matriz e do CNPJ do emitente.,"Rejeição

A rejeição 244 significa que o CNPJ do certificado digital não corresponde ao CNPJ do emitente. Isso ocorre quando o certificado digital utilizado para assinar um documento fiscal está incorreto. 

Quando a rejeição 244 ocorre? 

A rejeição 244 ocorre quando o certificado digital utilizado para assinar um documento fiscal está incorreto. Isso viola as normas do órgão autorizador. 

O que fazer se a situação persistir? 

Se a situação persistir, entre em contato com a SEFAZ do estado emissor para obter assistência adicional e resolver a questão técnica. 

Dicas

Como corrigir a rejeição 244? 

Verifique o CNPJ informado no cadastro da empresa
Verifique o CNPJ associado ao certificado digital
Utilize um certificado digital adequado e alinhado ao CNPJ correto do emitente
Insira o certificado valido dentro da tela de cadastro da empresa e refaça a validação","nfe, erros comuns nfe, resoluções nfe, erros comuns e resoluções - nf-e, erros comuns e resoluções - nfe",https://unoerpwiki.herokuapp.com/pt-br/menu-implantacao/configuracao-plugins/configuracao-nf-e/erros-nfe/rejeicao-244
Rejeições NFE,Rejeição: 245 - CNPJ emitente não cadastrado. - OK,"Rejeição
Rejeição: 245 - CNPJ emitente não cadastrado
Causa
Motivo
CNPJ não está apto a realizar emissões de NFe pois não está cadastrado para realizar operação na SEFAZ.
Exceções
Não há.
Exemplo
Não há.
Como Resolver no UNO ERP
Para resolver, contabilidade da empresa precisará realizar o cadastro/registro na SEFAZ e disponibilizar CNPJ para emissão de NFe. Depois dessa liberação, deverá ser realizado o reenvio de NFe para validar se autorização deu certo.
Referência
Não há.
Dicas
Não há.","nfe, erros comuns nfe, resoluções nfe, erros comuns e resoluções - nf-e, erros comuns e resoluções - nfe",https://unoerpwiki.herokuapp.com/pt-br/menu-implantacao/configuracao-plugins/configuracao-nf-e/erros-nfe/rejeicao-245
Rejeições NFE,Rejeição: 246 - CNPJ destinatário não cadastrado. OK,"Rejeição

CNPJ destinatário não cadastrado

Dicas

Para resolver a Rejeição 246, é necessário verificar se o CNPJ do destinatário está cadastrado e habilitado na SEFAZ através do link.","nfe, erros comuns nfe, resoluções nfe, erros comuns e resoluções - nf-e, erros comuns e resoluções - nfe",https://unoerpwiki.herokuapp.com/pt-br/menu-implantacao/configuracao-plugins/configuracao-nf-e/erros-nfe/rejeicao-246
Rejeições NFE,Rejeição: 247 - Sigla da UF do emitente diverge da UF autorizada.,"Rejeição

A rejeição 247 significa que a sigla da Unidade Federativa (UF) do emitente é diferente do código da UF do emitente. Este erro ocorre quando se emite uma Nota Fiscal Eletrônica (NF-e) ou um CT-e. 

Para resolver a rejeição 247, é necessário que o campo cUF e UF sejam correspondentes.

Como verificar a rejeição 247? 

Ative o botão [XML – Visualizar XML
Procure pela tag UF dentro dos grupos infNFe/emit
Procure pela tag cUF dentro dos grupos infNFe/ide
Dicas

Como resolver :

Para resolver a rejeição 247, é necessário que o campo cUF e UF sejam correspondentes.
Caso não consiga alterar, poderá abrir uma OC pelo Extranet para o suporte.

 ","nfe, erros comuns nfe, resoluções nfe, erros comuns e resoluções - nf-e, erros comuns e resoluções - nfe",https://unoerpwiki.herokuapp.com/pt-br/menu-implantacao/configuracao-plugins/configuracao-nf-e/erros-nfe/rejeicao-247
Rejeições NFE,Rejeição: 248 - UF do recibo diverge da UF autorizada.,"Rejeição

A rejeição indica que, ao realizar uma consulta de recibo de uma determinada Nota Fiscal Eletrônica (NF-e), a Unidade Federativa (UF) do recibo não corresponde à UF que executou o processamento da NF-e. Na prática, isso significa que ao efetuar uma consulta de recibo, é necessário realizar essa consulta na mesma UF que executou o processamento da NF-e. A UF do recibo deve ser consistente com a UF autorizadora que recebeu a nota fiscal por meio da requisição de envio.

Dicas

Solução: Para resolver essa situação, ao consultar o recibo de uma NF-e, certifique-se de realizar a consulta na UF correta, aquela que processou e autorizou a emissão da nota fiscal. Isso garante a integridade e consistência das informações entre a consulta de recibo e o processamento efetuado pela UF autorizadora.","nfe, erros comuns nfe, resoluções nfe, erros comuns e resoluções - nf-e, erros comuns e resoluções - nfe",https://unoerpwiki.herokuapp.com/pt-br/menu-implantacao/configuracao-plugins/configuracao-nf-e/erros-nfe/rejeicao-248
Rejeições NFE,Rejeição: 249 - UF da Chave de Acesso diverge da UF autorizada.,"Rejeição

A rejeição 249 ""UF da Chave de Acesso diverge da UF autorizada"" ocorre quando a Unidade Federativa (UF) da chave de acesso de uma Nota Fiscal Eletrônica (NF-e) é diferente da UF da Secretaria da Fazenda (SEFAZ) que autorizou a nota. 

Causa do erro 

A rejeição 249 pode ocorrer quando o código de UF da NF-e está inválido ou foi preenchido incorretamente. 
Dicas

Para corrigir esse erro, é preciso revisar a chave de acesso e garantir que a UF esteja correta. 

Como corrigir o erro? 

Verifique se a UF da chave de acesso está de acordo com a UF da SEFAZ que autorizou a nota.
Certifique-se de que todos os dados, incluindo a UF, estão configurados corretamente.
Tente reenviar o documento para processamento.

 ","nfe, erros comuns nfe, resoluções nfe, erros comuns e resoluções - nf-e, erros comuns e resoluções - nfe",https://unoerpwiki.herokuapp.com/pt-br/menu-implantacao/configuracao-plugins/configuracao-nf-e/erros-nfe/rejeicao-249
Rejeições NFE,Rejeição: 250 - UF diverge da UF autorizada.,"Rejeição

A rejeição 250 ""UF diverge da UF autorizada"" ocorre quando a validação de uma Nota Fiscal Eletrônica (NF-e) é enviada para uma Secretaria da Fazenda (SEFAZ) diferente da de origem do emitente. 

Dicas

     Como corrigir o erro? 

Verifique as configurações do sistema  de NF-e
Reenvie a NF-e para processamento

Situações semelhantes 
A rejeição 226 ocorre quando o código da UF do emitente diverge da UF autorizadora 
A rejeição 248 ocorre quando a UF do recibo diverge da UF autorizadora ","nfe, erros comuns nfe, resoluções nfe, erros comuns e resoluções - nf-e, erros comuns e resoluções - nfe",https://unoerpwiki.herokuapp.com/pt-br/menu-implantacao/configuracao-plugins/configuracao-nf-e/erros-nfe/rejeicao-250
Rejeições NFE,Rejeição: 251 - UF/Município destinatário não pertence a SUFRAMA.,"Rejeição

UF/Município destinatário não pertence a SUFRAMA

Dicas

Para resolver a Rejeição 251: UF/Município destinatário não pertence a Suframa, deve ser informado um estado/município que pertença a SUFRAMA (Superintendência da Zona Franca de Manaus) nos campos UF ou cMun do destinatário quando a inscrição na SUFRAMA estiver informada no campo ISUF.","nfe, erros comuns nfe, resoluções nfe, erros comuns e resoluções - nf-e, erros comuns e resoluções - nfe",https://unoerpwiki.herokuapp.com/pt-br/menu-implantacao/configuracao-plugins/configuracao-nf-e/erros-nfe/rejeicao-251
Rejeições NFE,Rejeição: 252 - Ambiente informado diverge do Ambiente de recebimento.,"Rejeição

A Rejeição (252):""Ambiente informado diverge do Ambiente de recebimento"", indica que ao emitir uma NF-e com o ambiente de recebimento indicado no campo tpAmb diferente do ambiente atendido pelo WebService para o qual a nota está sendo enviada a rejeição 252 irá ocorrer.

Na prática, o que isso significa?

Caso o emissor informe “2” no campo tpAmb e envie a nota para o servidor de Produção, será retornada a Rejeição (252) “Ambiente informado diverge do Ambiente de recebimento”. Ou informar “1” no campo tpAmb e enviar a nota para o servidor de Homologação, a mesma rejeição será retornada.

Dicas

Como Resolver :

Verifique se nos parâmetros de NF ELETRÔNICA se o ambiente é o mesmo ambiente da NF
CADASTROS GERAIS > CADASTROS INICIAS > PARÂMETROS INICIAS > MODULO DE NF ELETRÔNICA

 ","nfe, erros comuns nfe, resoluções nfe, erros comuns e resoluções - nf-e, erros comuns e resoluções - nfe",https://unoerpwiki.herokuapp.com/pt-br/menu-implantacao/configuracao-plugins/configuracao-nf-e/erros-nfe/rejeicao-252
Rejeições NFE,Rejeição: 253 - Dígito verificador da chave de acesso composta inválida.,"Rejeição

A rejeição 253 significa que o dígito verificador da chave de acesso está inválido. Isso pode acontecer quando a formação da chave de acesso ou o cálculo do dígito verificador não estão de acordo com os critérios da SEFAZ. 

Causas :

A chave de acesso contém espaços, pontos ou traços 
A chave de acesso contém algum número incorreto ou faltante 
A chave de acesso pertence a outro documento fiscal que não seja uma NF-e
O cálculo da chave de acesso está diferente do que é exigido pela Receita Federal 
Dicas

Solução :

Verificar se o número de dígitos da chave de acesso está correto 
Verificar como está sendo feita a formação da chave de acesso e o cálculo do dígito verificador 
Analisar se algum campo foi preenchido fora das especificações da Receita Federal 
Reprocessar a emissão do documento 
O dígito verificador (DV) garante a integridade da chave de acesso, protegendo-a principalmente contra digitações erradas.

 

 

 ","nfe, erros comuns nfe, resoluções nfe, erros comuns e resoluções - nf-e, erros comuns e resoluções - nfe",https://unoerpwiki.herokuapp.com/pt-br/menu-implantacao/configuracao-plugins/configuracao-nf-e/erros-nfe/rejeicao-253
Rejeições NFE,Rejeição: 254 - NF-e referenciada não informada para NF-e complementar.OK,"Rejeição

NF-e referenciada não informada para NF-e complementar

Dicas

Para resolver a Rejeição 254: NF-e complementar não possui NF referenciada, é necessário referenciar uma NF-e, NFC-e, CT-e, ECF, NF de produtor rural ou NF modelo 1/1A no grupo NFRef. Quando emitida uma NF-e complementar (finNFe=2), deve-se obrigatoriamente informar o documento fiscal referenciado.","nfe, erros comuns nfe, resoluções nfe, erros comuns e resoluções - nf-e, erros comuns e resoluções - nfe",https://unoerpwiki.herokuapp.com/pt-br/menu-implantacao/configuracao-plugins/configuracao-nf-e/erros-nfe/rejeicao-254
Rejeições NFE,Rejeição: 255 - Informada mais de uma NF-e referenciada para NF-e complementar.,"Rejeição

A rejeição 255 ocorre quando uma NF-e complementar é emitida com mais de uma NF referenciada. 

A rejeição 255 ocorre porque: 

A operação de complementar ou ajustar está atrelada a um único objeto por vez 
Notas Fiscais Complementares não podem ter mais de um documento referenciado 
Deve ser criada uma Nota Fiscal Complementar para cada NF-e que será complementada 
Dicas

Como resolver :

Só poderá ser referenciada uma NF por NF complementar. 

 ","nfe, erros comuns nfe, resoluções nfe, erros comuns e resoluções - nf-e, erros comuns e resoluções - nfe",https://unoerpwiki.herokuapp.com/pt-br/menu-implantacao/configuracao-plugins/configuracao-nf-e/erros-nfe/rejeicao-255
Rejeições NFE,Rejeição: 256 - Uma NF-e da faixa já está inutilizada na base de dados da SEFAZ.,"Rejeição

A rejeição 256 ""Uma NF-e da faixa já está inutilizada na Base de dados da SEFAZ"" ocorre quando se tenta utilizar uma numeração que já foi inutilizada. O processo de validação acontece automaticamente, podendo levar alguns minutos, então em alguns casos também pode ocorrer de acontecer esta rejeição devido a consulta feita antes de que o processo seja validado automaticamente.

Dicas

O que fazer? 

Consultar na SEFAZ se a numeração está inutilizada
Utilizar outra numeração que não esteja inutilizada
Verificar se existe uma nota com essa numeração autorizada ou cancelada
Realizar o registro apenas com os números que ainda não foram inutilizados na SEFAZ
(BOTÃO DE RETRANSMISSÃO) 

Também poderá realizar a retransmissão da NF e aguardar ela ser validada sem efetuar a consulta da nota no SEFAZ, para que ela seja validada sozinha e corretamente","nfe, erros comuns nfe, resoluções nfe, erros comuns e resoluções - nf-e, erros comuns e resoluções - nfe",https://unoerpwiki.herokuapp.com/pt-br/menu-implantacao/configuracao-plugins/configuracao-nf-e/erros-nfe/rejeicao-256
Rejeições NFE,Rejeição: 257 - Solicitante não habilitado para emissão da NF-e.,"Rejeição

A Rejeição (257):""Solicitante não habilitado para emissão da NF-e"", indica que ao emitir uma NF-e o CNPJ do emissor não está autorizado pela SEFAZ para emitir esse tipo de documentos fiscal eletrônico.

Na prática, o que isso significa?

Que para emitir NF-e ou qualquer outro documento fiscal eletrônico, o emitente tem que estar autorizado pela SEFAZ da UF em que atua para emitir a nota fiscal eletrônica.

Dicas

Para resolver a Rejeição 257: Solicitante não habilitado para emissão da NF-e, deve-se entrar em contato com a SEFAZ, pois essa rejeição indica que o CNPJ que está tentando enviar a NF-e não está autorizado a emitir nota fiscal eletrônica.","nfe, erros comuns nfe, resoluções nfe, erros comuns e resoluções - nf-e, erros comuns e resoluções - nfe",https://unoerpwiki.herokuapp.com/pt-br/menu-implantacao/configuracao-plugins/configuracao-nf-e/erros-nfe/rejeicao-257
Rejeições NFE,Rejeição: 258 - CNPJ da consulta inválido.,"Rejeição

A Rejeição (258):""CNPJ da consulta inválido"", indica que ao realizar um requisição ao WebService de Consulta de Cadastro, o CNPJ do contribuinte utilizado não é válido. Segundo o manual é feita uma validação no dígito de controle ou zeros.

Na prática, o que isso significa?

Ao utilizar o WebService de Consulta de Cadastro para determinada UF, deve se conferir se o CNPJ do contribuinte é válido.

Dicas

Para resolver a Rejeição 258: CNPJ da consulta inválido, deve-se informar um CNPJ de contribuinte válido para o WebService de Consulta de Cadastro.
 ","nfe, erros comuns nfe, resoluções nfe, erros comuns e resoluções - nf-e, erros comuns e resoluções - nfe",https://unoerpwiki.herokuapp.com/pt-br/menu-implantacao/configuracao-plugins/configuracao-nf-e/erros-nfe/rejeicao-258
Rejeições NFE,Rejeição: 259 - CNPJ da consulta não cadastrado como contribuinte na UF.,"Rejeição

A Rejeição (259):""CNPJ da consulta não cadastrado como contribuinte na UF"", indica que ao realizar uma requisição ao WebService de Consulta de Cadastro, o CNPJ do contribuinte consultado não pertence a UF na qual se está executando a consulta.

Na prática, o que isso significa?

Ao utilizar o WebService de Consulta de Cadastro para determinada UF, deve se conferir se o CNPJ do contribuinte pertence a mesma UF da SEFAZ.

Dicas

Para resolver a Rejeição 259: CNPJ da consulta não cadastrado como contribuinte na UF, deve-se informar um CNPJ de contribuinte que possua o cadastro na UF a qual se está efetuando a Consulta de Cadastro.

Tela de cadastro dentro da uno","nfe, erros comuns nfe, resoluções nfe, erros comuns e resoluções - nf-e, erros comuns e resoluções - nfe",https://unoerpwiki.herokuapp.com/pt-br/menu-implantacao/configuracao-plugins/configuracao-nf-e/erros-nfe/rejeicao-259
Rejeições NFE,Rejeição: 260 - IE da consulta inválida.,"Rejeição

A rejeição 260 ""IE da consulta inválida"" significa que a Inscrição Estadual (IE) do contribuinte consultado não corresponde à UF em que a consulta está sendo realizada. 

Causas 

A IE pode estar inválida se o número de cadastro tiver entre 2 e 14 caracteres numéricos
Os dois primeiros dígitos podem estar posicionados incorretamente
A IE pode estar inválida se algum número estiver posicionado incorretamente
Dicas

Soluções

Verifique no SINTEGRA e o IE é o mesmo do sistema e altere conforme cadastrado dentro do SINTEGRA.
Tela de cadastro dentro do uno

 ","nfe, erros comuns nfe, resoluções nfe, erros comuns e resoluções - nf-e, erros comuns e resoluções - nfe",https://unoerpwiki.herokuapp.com/pt-br/menu-implantacao/configuracao-plugins/configuracao-nf-e/erros-nfe/rejeicao-260
Rejeições NFE,Rejeição: 261 - IE da consulta não cadastrado como contribuinte na UF.,"Rejeição
Causa

A rejeição 261 IE da consulta não cadastrada como contribuinte na UF, é um erro que pode ocorrer durante a emissão de uma NF-e. Esse erro indica que a Inscrição Estadual (IE) do destinatário não está registrada como contribuinte do ICMS na Unidade Federativa (UF) informada.

Dicas
Como Resolver

Para resolver a rejeição 261, é necessário verificar e corrigir a IE do destinatário na tela de cadastro dentro do uno.

Tela de cadastro dentro do uno","nfe, erros comuns nfe, resoluções nfe, erros comuns e resoluções - nf-e, erros comuns e resoluções - nfe",https://unoerpwiki.herokuapp.com/pt-br/menu-implantacao/configuracao-plugins/configuracao-nf-e/erros-nfe/rejeicao-261
Rejeições NFE,Rejeição: 262 - UF não fornece consulta por CPF.,"Rejeição
Causa

A rejeição 262 ocorre porque algumas UFs não permitem consultas de Inscrição Estadual utilizando o CPF do destinatário. Para evitar essa rejeição, é essencial verificar a necessidade da IE, utilizar o CNPJ para empresas e seguir as regras específicas de consulta de cada UF. 

Dicas
Como Resolver

Para resolver a rejeição 262, é necessário entender e ajustar a forma de consulta da Inscrição Estadual do destinatário. Aqui estão os passos detalhados para solucionar o problema:

Verifique a Necessidade da IE:

Determine se o destinatário realmente necessita de uma Inscrição Estadual. Pessoas físicas ou entidades que não são contribuintes do ICMS geralmente não têm IE.

Utilize o CNPJ em Vez do CPF:

Se o destinatário for uma empresa, utilize o CNPJ em vez do CPF para a consulta da IE. As UFs suportam consultas de IE baseadas em CNPJ.

Consulte a SEFAZ da UF:

Verifique no site da SEFAZ da UF do destinatário se há informações específicas sobre as formas de consulta de IE permitidas. Cada UF pode ter regras e sistemas diferentes, qualquer dúvida basta entrar em contato com nosso suporte.","nfe, erros comuns nfe, resoluções nfe, erros comuns e resoluções - nf-e, erros comuns e resoluções - nfe",https://unoerpwiki.herokuapp.com/pt-br/menu-implantacao/configuracao-plugins/configuracao-nf-e/erros-nfe/rejeicao-262
Rejeições NFE,Rejeição: 263 - CPF da consulta inválido.,"Detalhes do erro

Ao realizar uma consulta do CPF do contribuinte utilizando um CPF inconsistente (ex. erro no dígito de controle, ou seja, no código do CPF), o órgão autorizador retorna à rejeição ""263 – CPF da consulta inválido"".

Dicas de correção

É necessário verificar a situação cadastral do contribuinte, considerando as possíveis causas. Consulte a situação do CPF no site da Receita Federal: Comprovante de Situação Cadastral no CPF.","nfe, erros comuns nfe, resoluções nfe, erros comuns e resoluções - nf-e, erros comuns e resoluções - nfe",https://unoerpwiki.herokuapp.com/pt-br/menu-implantacao/configuracao-plugins/configuracao-nf-e/erros-nfe/rejeicao-263
Rejeições NFE,Rejeição: 264 - CPF da consulta não cadastrado como contribuinte na UF.,"Rejeição

Causa

Ao realizar uma consulta do CPF do contribuinte, utilizando o Webservice NfeConsultaCadastro, responsável em consultar o cadastro de contribuintes do ICMS da Unidade Federada, e o mesmo não corresponde a UF consultada, o órgão autorizador retorna à rejeição ""264 – CPF da consulta não cadastrado como contribuinte na UF"".

Dicas

Como Resolver

É necessário, verificar a situação cadastral do contribuinte, considerando a UF de cadastro do CPF. Consulte a situação do CPF no site da Receita Federal: Comprovante de Situação Cadastral no CPF.","nfe, erros comuns nfe, resoluções nfe, erros comuns e resoluções - nf-e, erros comuns e resoluções - nfe",https://unoerpwiki.herokuapp.com/pt-br/menu-implantacao/configuracao-plugins/configuracao-nf-e/erros-nfe/rejeicao-264
Rejeições NFE,Rejeição: 265 - Sigla da UF da consulta difere da UF do Web Service.,"Rejeição

A rejeição 265 ""Sigla da UF da consulta difere da UF do Web Service"" acontece quando a Unidade Federativa (UF) da consulta é diferente da UF do Web Service da SEFAZ.

Dicas

O que fazer para resolver? 

Verifique se a UF informada confere com o Web Service consultado. 
Verifique a configuração do sistema para que não esteja configurado para gerar requisições em determinada UF e estar fazendo o envio para outra UF. 

Quando pode acontecer? 

Esta rejeição pode ocorrer ao realizar uma consulta no Webservice NfeConsultaCadastro, que é responsável por consultar o cadastro de contribuintes do ICMS da Unidade Federada. ","nfe, erros comuns nfe, resoluções nfe, erros comuns e resoluções - nf-e, erros comuns e resoluções - nfe",https://unoerpwiki.herokuapp.com/pt-br/menu-implantacao/configuracao-plugins/configuracao-nf-e/erros-nfe/rejeicao-265
Rejeições NFE,Rejeição: 266 - Série utilizada não permitida no Web Service.,"Detalhes do erro

Ao emitir uma NF-e (modelo 55) onde o campo processo de emissão é igual 0 ou 3 e o campo série estiver fora do intervalo 0-889, o órgão autorizador retornará a rejeição 266.

Ou seja, no cadastro de Série: ‘Vendas’ → ‘Cadastro de Série’ o ‘Código da série’ deve estar nesse intervalo de 0 a 889.

Dicas de correção

Para cada tipo de processo de emissão existe uma faixa de numeração para série da NF-e. Seguem os tipos possíveis:

0=Emissão de NF-e com aplicativo do contribuinte.
1=Emissão de NF-e avulsa pelo Fisco.
2=Emissão de NF-e avulsa, pelo contribuinte com seu certificado digital, através do site do Fisco.
3=Emissão NF-e pelo contribuinte com aplicativo fornecido pelo Fisco.
Para os tipos 0 e 3 o campo série deve estar entre 0-889.
Para os tipos 1 e 2 o campo série deve estar entre 890-899.

Sendo assim, no cadastro de série, o número de série deve respeitar a faixa de numeração.

 ","nfe, erros comuns nfe, resoluções nfe, erros comuns e resoluções - nf-e, erros comuns e resoluções - nfe",https://unoerpwiki.herokuapp.com/pt-br/menu-implantacao/configuracao-plugins/configuracao-nf-e/erros-nfe/rejeicao-266
Rejeições NFE,Rejeição: 267 - NF complementar referencia outra NF-e inexistente. - OK,"Rejeição

Essa rejeição indica que ao emitir uma NF-e que referencia outra NF-e através da chave de acesso, a NF-e referenciada ainda não foi autorizada. Isso acontece quando NF-e que referencia e a NF-e referenciada pertencem a mesma UF.

Dicas

Ao emitir uma NF-e que faz referência a outra nota através da chave de acesso e ambas são da mesma UF, devemos aguardar que a nota referenciada seja autorizada antes de emitirmos a nota que irá fazer a referência.","nfe, erros comuns nfe, resoluções nfe, erros comuns e resoluções - nf-e, erros comuns e resoluções - nfe",https://unoerpwiki.herokuapp.com/pt-br/menu-implantacao/configuracao-plugins/configuracao-nf-e/erros-nfe/rejeicao-267
Rejeições NFE,Rejeição: 268 - NF complementar referencia outra NF-e complementar.,"Rejeição

A rejeição 268 ocorre quando uma nota fiscal complementar (NF-e) referencia outra NF-e complementar. Isso não é permitido, pois as NF-es complementares só podem referenciar notas com as finalidades ""Normal"", ""Ajuste"" ou ""Devolução"". 
 

Quando ocorre a rejeição 268? 

Ocorre quando, no campo de ""Documento Referenciado"" na nota fiscal complementar, foram inseridos dados de outra nota fiscal complementar. 

Dicas

Como resolver:

Não existe a possibilidade de gerar uma nf complementar usando outra nf complementar.
 ","nfe, erros comuns nfe, resoluções nfe, erros comuns e resoluções - nf-e, erros comuns e resoluções - nfe",https://unoerpwiki.herokuapp.com/pt-br/menu-implantacao/configuracao-plugins/configuracao-nf-e/erros-nfe/rejeicao-268
Rejeições NFE,Rejeição: 269 - CNPJ emitente da NF complementar difere do CNPJ da NF referenciada.,"Rejeição

A rejeição 269 ocorre quando o CNPJ do emitente da nota fiscal complementar é diferente do CNPJ do documento referenciado.

Causa 

A nota fiscal complementar está referenciando um documento com um CNPJ diferente 
A chave do documento referenciado foi informada incorretamente 
Dicas

Solução 

Verificar se a nota fiscal complementar está sendo emitida corretamente
Validar se o campo NF-e está configurado corretamente
Baixar o XML da nota referenciada
Validar se o CNPJ do emissor está igual ao CNPJ da empresa
Identificar qual foi informado incorretamente
Fazer a correção e reemitir a nota fiscal","nfe, erros comuns nfe, resoluções nfe, erros comuns e resoluções - nf-e, erros comuns e resoluções - nfe",https://unoerpwiki.herokuapp.com/pt-br/menu-implantacao/configuracao-plugins/configuracao-nf-e/erros-nfe/rejeicao-269
Rejeições NFE,Rejeição: 270 - Código município do fato gerador: dígito inválido.,"Rejeição

A rejeição 270 ""Código Município do Fato Gerador: dígito inválido"" acontece quando o código do município informado na nota fiscal não está correto ou não está cadastrado no IBGE. 

Dicas

Para resolver esse erro, você pode: 

Verificar e corrigir o código do município do Fato Gerador (cMunFG)
Consultar a Tabela de Municípios do IBGE para identificar o código correto
Reenviar a nota fiscal para processamento

Como consultar a Tabela de Municípios do IBGE? 

Você pode consultar a Tabela de Municípios do IBGE no próprio site do IBGE","nfe, erros comuns nfe, resoluções nfe, erros comuns e resoluções - nf-e, erros comuns e resoluções - nfe",https://unoerpwiki.herokuapp.com/pt-br/menu-implantacao/configuracao-plugins/configuracao-nf-e/erros-nfe/rejeicao-270
Rejeições NFE,Rejeição: 271 - Código município do fato gerador: difere da UF do emitente.,"Rejeição

A rejeição 271 ocorre quando o código do município do fato gerador (cMunFG) de uma nota fiscal eletrônica (NF-e) tem os dois primeiros dígitos diferentes do código da unidade federativa (cUF). 

Dicas

Para resolver a rejeição, é preciso verificar se o código do município do fato gerador está de acordo com o código da UF informado. O código do município do fato gerador deve estar igual ao cadastrado no site do IBGE. 

Para corrigir a rejeição, é possível: 

Verificar o código do município do fato gerador no campo cMunFG
Verificar se o código do município do fato gerador está de acordo com o código da UF informado no campo cUF
Verificar se o código do município do fato gerador está igual ao cadastrado no site do IBGE","nfe, erros comuns nfe, resoluções nfe, erros comuns e resoluções - nf-e, erros comuns e resoluções - nfe",https://unoerpwiki.herokuapp.com/pt-br/menu-implantacao/configuracao-plugins/configuracao-nf-e/erros-nfe/rejeicao-271
Rejeições NFE,Rejeição: 272 - Código município do emitente: dígito inválido.,"Rejeição

A rejeição 272 ""Código Município do Emitente: dígito inválido"" ocorre quando o código do município informado está incorreto ou não existe na tabela do IBGE. 

O erro pode ocorrer quando: 

O município preenchido nos dados de endereço da empresa está incorreto.
O código do município informado para o emitente não existe na tabela de municípios do IBGE.
O código do município informado para o emitente é diferente do correspondente ao nome do município.
Dicas

Para resolver o erro, é possível: 

Consultar o código do município na tabela de municípios do IBGE.
Corrigir o código do município no cadastro do cliente em CADASTROS GERAIS > CLIENTES.","nfe, erros comuns nfe, resoluções nfe, erros comuns e resoluções - nf-e, erros comuns e resoluções - nfe",https://unoerpwiki.herokuapp.com/pt-br/menu-implantacao/configuracao-plugins/configuracao-nf-e/erros-nfe/rejeicao-272
Rejeições NFE,Rejeição: 273 - Código município do emitente: difere da UF do emitente.,"Rejeição

A rejeição 273 ""Código Município do Emitente: difere da UF do emitente"" ocorre quando o município preenchido nos dados da empresa não corresponde ao estado selecionado.

Exemplo

Foi emitida uma NFC-e com o Código do Município do Emitente, mas os dois primeiros dígitos são diferentes do Código da UF
Dicas

Resolução:

Para resolver essa falha, é preciso consultar a tabela de municípios do IBGE e identificar o código correto do emitente. Com a numeração correta, corrija a nota fiscal. ","nfe, erros comuns nfe, resoluções nfe, erros comuns e resoluções - nf-e, erros comuns e resoluções - nfe",https://unoerpwiki.herokuapp.com/pt-br/menu-implantacao/configuracao-plugins/configuracao-nf-e/erros-nfe/rejeicao-273
Rejeições NFE,Rejeição: 274 - Código município do destinatário: dígito inválido.,"Rejeição

A rejeição 274 ""Código Município do Destinatário: dígito inválido"" ocorre quando o código do município do destinatário está incorreto ou não existe na Tabela de Municípios do IBGE. 

Causa 

O município informado na nota fiscal não está correto 
O código do município não está de acordo com a Tabela de Municípios do IBGE 
O código do município está cadastrado no sistema de forma desatualizada 
Dicas

Solução

Verifique o código do município do destinatário na Tabela de Municípios do IBGE
Corrija o código do município
Reenvie a nota fiscal para processamento

Considerações 

O campo do código do município deve ser composto por 7 dígitos 
O erro pode ocorrer na emissão de uma NF-e (mod. 55) ou NFC-e (mod. 65) 
Caso o CEP esteja correto, o erro pode ocorrer quando o código do município do IBGE cadastrado no sistema está desatualizado 
Para corrigir o código do município do IBGE, é preciso contatar o suporte do sistema ","nfe, erros comuns nfe, resoluções nfe, erros comuns e resoluções - nf-e, erros comuns e resoluções - nfe",https://unoerpwiki.herokuapp.com/pt-br/menu-implantacao/configuracao-plugins/configuracao-nf-e/erros-nfe/rejeicao-274
Rejeições NFE,Rejeição: 275 - Código município do destinatário: difere da UF do destinatário.,"Detalhes do erro

Essa rejeição ocorre quando a UF cadastrada no cliente esta diferente da UF que o cliente esta cadastrado e validado no IBGE.

Dicas de correção

Para resolver a Rejeição 275: Código Município do Destinatário: difere da UF do Destinatário, verifique o código do município no endereço do destinatário, no campo cMun é igual ao que está cadastrado no site do IBGE e também pertence a UF informada.

Neste caso, qualquer diferente ao site do IBGE não será valido.

Valide no cadastro do cliente em:

Cadastros Gerais → Clientes > No endereço do cliente, o campo de UF deve ser o mesmo que tem no site do IBGE.","nfe, erros comuns nfe, resoluções nfe, erros comuns e resoluções - nf-e, erros comuns e resoluções - nfe",https://unoerpwiki.herokuapp.com/pt-br/menu-implantacao/configuracao-plugins/configuracao-nf-e/erros-nfe/rejeicao-275
Rejeições NFE,Rejeição: 276 - Código município do local de retirada: dígito inválido.,"Rejeição

A rejeição 276 significa que o código do município do local de retirada informado na nota fiscal é inválido ou inexistente.  

A rejeição 276 ocorre quando: 

A nota fiscal é emitida com o local de retirada no Brasil 
O código do município do local de retirada não existe na tabela de municípios do IBGE

Exemplo 

Por exemplo, se for emitida uma nota fiscal para o estado de Goiás, na cidade de Goiânia, e for informado o código do município como “5208700”, a nota fiscal será rejeitada. Esse código não existe na tabela do IBGE.

Dicas

Como resolver

Consultar a Tabela de Municípios do IBGE para obter o código correto do município
Entre em contato com o suporte informando o código correto para realizar a alteração.","nfe, erros comuns nfe, resoluções nfe, erros comuns e resoluções - nf-e, erros comuns e resoluções - nfe",https://unoerpwiki.herokuapp.com/pt-br/menu-implantacao/configuracao-plugins/configuracao-nf-e/erros-nfe/rejeicao-276
Rejeições NFE,Rejeição: 277 - Código município do local de retirada: difere da UF do local de retirada.,"Rejeição

A rejeição 277 ocorre quando o código do município do local de retirada difere da UF do local de retirada. Isso pode acontecer ao emitir uma nota fiscal eletrônica (NF-e). 

Causa 

Ao emitir uma NF-e, os dois primeiros dígitos do código do município (cMun) são diferentes do código da UF correspondente.
Dicas

Como resolver 

Verifique se a UF vinculada para as cidades envolvidas está correta.
Acesse a tela ""Cidades"" e revise os campos ""Cód. UF"" e ""Mun. domicílio fiscal"".
Entre em contato com o suporte informando o código correto para correção do erro.

Consultando o IBGE 

Para obter os códigos corretos, consulte a Tabela de Municípios do IBGE. 

 ","nfe, erros comuns nfe, resoluções nfe, erros comuns e resoluções - nf-e, erros comuns e resoluções - nfe",https://unoerpwiki.herokuapp.com/pt-br/menu-implantacao/configuracao-plugins/configuracao-nf-e/erros-nfe/rejeicao-277
Rejeições NFE,Rejeição: 278 - Código município do local de entrega: dígito inválido.,"Rejeição

A rejeição 278 ""Código Município do Local de Entrega inexistente"" ocorre quando o código do município informado na Nota Fiscal Eletrônica (NF-e) não é válido. 

Causas 

O código do município informado está incorreto 
O código do município informado não existe na tabela de municípios do IBGE
Dicas

Como resolver 

Verifique se o código do município informado está correto e atualizado
Consulte a Tabela de Município do IBGE
Solicite a correção do código para p suporte.","nfe, erros comuns nfe, resoluções nfe, erros comuns e resoluções - nf-e, erros comuns e resoluções - nfe",https://unoerpwiki.herokuapp.com/pt-br/menu-implantacao/configuracao-plugins/configuracao-nf-e/erros-nfe/rejeicao-278
Rejeições NFE,Rejeição: 279 - Código município do local de entrega: difere da UF do local de entrega.,"Detalhes do erro

Esse rejeição é referente a UF do endereço de entrega estar diferente do endereço cadastrado no IBGE.

 

Dicas de correção

Para resolver a Rejeição 279: Código Município do Local de Entrega: difere da UF do Local de Entrega, verifique o código do município no local de entrega, no campo cMun, é igual ao que está cadastrado no site do IBGE.

Neste caso, qualquer diferente ao site do IBGE não será valido.

Ou seja, precisa validar qual a UF esta no cadastro do cliente (Cadastros Gerais → Clientes) no endereço de entrega.

Se apresentar esse erro, entre em contato com o suporte.","nfe, erros comuns nfe, resoluções nfe, erros comuns e resoluções - nf-e, erros comuns e resoluções - nfe",https://unoerpwiki.herokuapp.com/pt-br/menu-implantacao/configuracao-plugins/configuracao-nf-e/erros-nfe/rejeicao-279
Rejeições NFE,Rejeição: 280 - Certificado transmissor inválido.,"Rejeição
Rejeição: Certificado Transmissor inválido

A Rejeição 280 pode ocorrer quando uma o CTe for emitido com certificado inválido, podendo estar inválido para uso, por diversos motivos, como: 

Dicas
Como Resolver

Para resolver a Rejeição 280: Certifique-se de que o certificado digital utilizado, tem validade para uso. 

Caso identifique que o certificado de fato é inválido, faça a reinstalação e ou contate a Sefaz para uma validação. Em alguns casos, pode ser necessária a substituição do certificado, junto a certificadora. ","nfe, erros comuns nfe, resoluções nfe, erros comuns e resoluções - nf-e, erros comuns e resoluções - nfe",https://unoerpwiki.herokuapp.com/pt-br/menu-implantacao/configuracao-plugins/configuracao-nf-e/erros-nfe/rejeicao-280
Rejeições NFE,Rejeição: 281 - Certificado transmissor data validade.,"Rejeição

A rejeição 281 ""Certificado Transmissor Data Validade"" ocorre quando o certificado digital utilizado para emitir uma NF-e está vencido. Também aparece dentro do sistema como transport error 403 error forbidden

Quando ocorre a rejeição 281? 

A rejeição 281 ocorre quando o certificado digital utilizado para a transmissão de informações está vencido ou possui uma data de validade expirada. 

Dicas

Como resolver a rejeição 281? 

Verifique a data de validade do certificado digital
Atualize o certificado digital
Realize uma nova emissão da NF-e

Se o certificado digital estiver inválido, pode ser necessário reinstalá-lo ou substituí-lo. Para isso, é possível entrar em contato com uma empresa certificadora. ","nfe, erros comuns nfe, resoluções nfe, erros comuns e resoluções - nf-e, erros comuns e resoluções - nfe",https://unoerpwiki.herokuapp.com/pt-br/menu-implantacao/configuracao-plugins/configuracao-nf-e/erros-nfe/rejeicao-281
Rejeições NFE,Rejeição: 282 - Certificado transmissor sem CNPJ.,"Rejeição

A rejeição 282 ""Certificado Transmissor sem CNPJ/CPF"" ocorre quando o certificado digital utilizado para transmitir um documento fiscal eletrônico não está vinculado a um CNPJ. 

A rejeição 282 é retornada pela SEFAZ. 

Para obter mais informações sobre essa rejeição, você pode entrar em contato com a SEFAZ. 

Dicas

Para resolver a rejeição 282, você pode: 

Revisar a configuração do certificado digital com a empresa certificadora.
Após regularização com certificadora, informar o suporte sobre a alteração.

 ","nfe, erros comuns nfe, resoluções nfe, erros comuns e resoluções - nf-e, erros comuns e resoluções - nfe",https://unoerpwiki.herokuapp.com/pt-br/menu-implantacao/configuracao-plugins/configuracao-nf-e/erros-nfe/rejeicao-282
Rejeições NFE,Rejeição: 283 - Certificado Transmissor – erro cadeia de certificação.,"Rejeição

283 - Rejeição: Certificado Transmissor - erro de cadeia de certificado. 

O erro 283 ocorre quando o Web Service da SEFAZ não considera o certificado digital do transmissor como confiável, isto é ela não confia na AC emissora do certificado digital que está sendo utilizado pelo transmissor da NF-e.

Dicas

Como resolver:

Entre em contato com a sua certificadora e informe o erro, para que eles alterem alguma possível configuração.
Entrar em contato com o suporte se necessário após a alteração do certificado.","nfe, erros comuns nfe, resoluções nfe, erros comuns e resoluções - nf-e, erros comuns e resoluções - nfe",https://unoerpwiki.herokuapp.com/pt-br/menu-implantacao/configuracao-plugins/configuracao-nf-e/erros-nfe/rejeicao-283
Rejeições NFE,Rejeição: 293 - Certificado Assinatura – erro cadeia de certificação.,"Rejeição

A rejeição 293 ""Certificado Assinatura - erro Cadeia de Certificação"" ocorre quando a SEFAZ não consegue verificar a cadeia de certificação do certificado digital. 

Este erro pode acontecer quando:

O certificado da AC emissora não está cadastrado na SEFAZ
O certificado de AC está revogado
O certificado não foi assinado pela AC emissora
A entidade certificadora está fora do ar
Dicas

Para reportar o problema à SEFAZ, deve:

Informar o nome da Autoridade Certificadora que realizou a emissão do certificado digital.
Entrar em contato com a certificadora que realizou a emissão do certificado e informar sobre.
Após a realização da regularização do certificado atualizar dentro do cadastro da empresa.","nfe, erros comuns nfe, resoluções nfe, erros comuns e resoluções - nf-e, erros comuns e resoluções - nfe",https://unoerpwiki.herokuapp.com/pt-br/menu-implantacao/configuracao-plugins/configuracao-nf-e/erros-nfe/rejeicao-293
Rejeições NFE,Rejeição: 294 - Certificado Assinatura revogado.,"Rejeição

A rejeição 294 ""Certificado Assinatura revogado"" ocorre quando a Secretaria da Fazenda (SEFAZ) identifica que o certificado digital utilizado para assinar um documento está revogado. 

Dicas

O que fazer? 

Verificar se o certificado está na Lista de Certificados Revogados (LCR)
Entrar em contato com a certificadora que emitiu o certificado
Obter um novo certificado digital válido
Instalar e configurar o novo certificado digital","nfe, erros comuns nfe, resoluções nfe, erros comuns e resoluções - nf-e, erros comuns e resoluções - nfe",https://unoerpwiki.herokuapp.com/pt-br/menu-implantacao/configuracao-plugins/configuracao-nf-e/erros-nfe/rejeicao-294
Rejeições NFE,Rejeição: 295 - Certificado Assinatura difere ICP Brasil.,"Rejeição

A rejeição 295 ""Certificado Assinatura difere ICP-Brasil"" ocorre quando o certificado digital utilizado para assinar um documento fiscal eletrônico não está de acordo com a ICP-Brasil. 

Dicas

Para resolver essa rejeição, você pode: 

Confirmar se o certificado foi emitido por uma autoridade certificadora reconhecida pela ICP-Brasil
Caso o certificado não seja compatível, solicitar um novo certificado digital
Instalar e configurar o novo certificado digital
 
Tela do cadastro da empresa.

Como solicitar um novo certificado digital? 

Solicite um novo certificado digital emitido por uma autoridade certificadora que atenda aos padrões da ICP-Brasil","nfe, erros comuns nfe, resoluções nfe, erros comuns e resoluções - nf-e, erros comuns e resoluções - nfe",https://unoerpwiki.herokuapp.com/pt-br/menu-implantacao/configuracao-plugins/configuracao-nf-e/erros-nfe/rejeicao-295
Rejeições NFE,Rejeição: 296 - Certificado Assinatura erro no acesso a LCR.,"Rejeição

A rejeição 296 ""Certificado Assinatura erro no acesso a LCR"" ocorre quando a SEFAZ não consegue consultar a Lista de Certificados Revogados (LCR). Isso pode acontecer por problemas internos da SEFAZ. 

O que significa 

Essa rejeição não significa que o certificado está revogado. O problema é técnico e está relacionado à comunicação com a LCR. 

Dicas

Como resolver

Aguarde alguns minutos e volte a tentar a emissão ou comunicação
Reprocesse a nota fiscal
Caso o problema persista, entre em contato com o suporte","nfe, erros comuns nfe, resoluções nfe, erros comuns e resoluções - nf-e, erros comuns e resoluções - nfe",https://unoerpwiki.herokuapp.com/pt-br/menu-implantacao/configuracao-plugins/configuracao-nf-e/erros-nfe/rejeicao-296
Rejeições NFE,Rejeição: 297 - Assinatura difere do calculado.,"Rejeição

A rejeição 297 ""Assinatura difere do calculado"" ocorre quando a assinatura digital de uma nota fiscal é violada. Isso pode acontecer por causa de caracteres especiais, espaços em branco ou quebras de linha. 

Dicas

Como resolver 

Verificar se há caracteres especiais, espaços em branco ou quebras de linha nos campos da nota fiscal 
Remover ou substituir os caracteres especiais, espaços em branco ou quebras de linha 
Verificar se o XML da nota fiscal foi manipulado após a assinatura 
Reenviar a nota fiscal ","nfe, erros comuns nfe, resoluções nfe, erros comuns e resoluções - nf-e, erros comuns e resoluções - nfe",https://unoerpwiki.herokuapp.com/pt-br/menu-implantacao/configuracao-plugins/configuracao-nf-e/erros-nfe/rejeicao-297
Rejeições NFE,Rejeição: 298 - Assinatura difere do padrão do projeto.,"Rejeição

A rejeição 298 ""Assinatura difere do padrão do projeto"" indica que a assinatura digital de um documento fiscal não atende às especificações da SEFAZ.

Causas 

O certificado digital não está credenciado no ICP-Brasil
O documento não apresenta as características exigidas pelo padrão da MDF-e
Existem caracteres especiais nos cadastros, como ""/"", ""*"", ""!"", ""&"", etc.
Dicas

Solução

Verifique o Manual do Contribuinte para saber os requisitos técnicos e procedimentos para emitir a NF-e
Verifique o formato da assinatura digital no XML da NF-e
Compare a assinatura com as especificações do manual do contribuinte
Faça os ajustes necessários para que a assinatura esteja em conformidade com o padrão
Reemita a NF-e com a nova assinatura digital","nfe, erros comuns nfe, resoluções nfe, erros comuns e resoluções - nf-e, erros comuns e resoluções - nfe",https://unoerpwiki.herokuapp.com/pt-br/menu-implantacao/configuracao-plugins/configuracao-nf-e/erros-nfe/rejeicao-298
Rejeições NFE,Rejeição: 299 - XML da área de cabeçalho com codificação diferente de UTF-8.,"Rejeição

A rejeição 299 significa que o XML da área de cabeçalho da nota fiscal eletrônica (NF-e) possui uma codificação diferente de UTF-8. 

Causa 

Ocorre quando o XML contém caracteres que não estão incluídos no conjunto de caracteres da codificação UTF-8 
Pode acontecer quando há caracteres especiais e/ou acentuados no texto
Dicas

Solução 

Verifique os campos preenchidos com acentuação
Remova ou substitua as letras acentuadas
Reenvie a NF-e para processamento","nfe, erros comuns nfe, resoluções nfe, erros comuns e resoluções - nf-e, erros comuns e resoluções - nfe",https://unoerpwiki.herokuapp.com/pt-br/menu-implantacao/configuracao-plugins/configuracao-nf-e/erros-nfe/rejeicao-299
Rejeições NFE,Rejeição: 346 - Somatório das quantidades informadas na Exportação Indireta não corresponde a quantidade total do item. - OK,"Detalhe do Erro
Ao realizar a emissão de uma NF-e (mod. 55) informando o grupo de Exportação Indireta (exportInd) e quantidade exportada (qExport) diferente da quantidade comercial total do item (qCom)
Dicas de Correção
O somatório das quantidades informada (tag:qExport), deve corresponder a quantidade comercial informada para o item (tag:qCom).
Na aplicação em vendas validas os itens e em cadastros gerais > Produtos, confira se todos estão na respectiva unidade tributável. Para que seja possível fazer o comparativo acesse: Tabela atualizada NCM e respectiva Utrib (comércio exterior).
Sendo necessário o cadastro de novas unidades de medida acesse Cadastros Gerais > Cadastros iniciais > Unidades de medida.","nfe, erros comuns nfe, resoluções nfe, erros comuns e resoluções - nf-e, erros comuns e resoluções - nfe",https://unoerpwiki.herokuapp.com/pt-br/menu-implantacao/configuracao-plugins/configuracao-nf-e/erros-nfe/rejeicao-346
Rejeições NFE,Rejeição: 347 - Descrição do Combustível diverge da descrição adotada pela ANP.,"Detalhe do Erro
Quando for emitida uma NF-e para Operação com Combustíveis e for informado Código do Produto da ANP (cProdANP) que não existe na Tabela do Sistema de Informações de Movimentação de Produtos ( SIMP ), será retornado a rejeição ""761 - Código de Produto ANP inexistente"". 
 
Quando for emitida uma NFC-e com Frete (Campo: modFrete) e Indicador de presença do comprador (Campo: indPres) for diferente de ""4 - NFC-e em operação com entrega a domicílio""

 

Dicas de Correção
Deve-se consultar a Tabela com os Códigos dos Produtos ANP divulgados pela Sefaz e SIMP e identificar Código que existente na mesma referente ao produto que está sendo comercializado.
 
A Sefaz divulgou em seu Portal Nacional tabela com a relação de códigos existentes, porém não possui a descrição dos produtos para cada código. Para ter acesso a essa tabela, acesse o endereço a seguir para baixá-la: http://www.nfe.fazenda.gov.br/portal/exibirArquivo.aspx?conteudo=2Cm8MVJiCVc=
 
Para ter acesso a tabela do SIMP, acesse o endereço: http://www.anp.gov.br/SITE/EXTRAS/SITE_SIMP/tabela-codigos.asp


Referência:

     Nota Técnica 2015/003 (v 1.60) -  http://www.nfe.fazenda.gov.br/portal/exibirArquivo.aspx?conteudo=zJGzcwysHPo=","nfe, erros comuns nfe, resoluções nfe, erros comuns e resoluções - nf-e, erros comuns e resoluções - nfe",https://unoerpwiki.herokuapp.com/menu-implantacao/configuracao-plugins/configuracao-nf-e/erros-nfe/rejeicao-347
Rejeições NFE,Rejeição: 348 - NFC-e com grupo RECOPI. - OK,"Detalhe do Erro
Quando for emitida uma NFC-e e for informado o grupo RECOPI (Reconhecimento e Controle das Operações com Papel Imune) (tag nRECOPI)será retornado a rejeição.

 

Dicas de Correção
Se o grupo RECOPI deve ser informado, então, deve-se emitir uma NF-e (modelo 55). Caso realmente, o documento a ser emitido seja uma NFC-e (modelo 65) o grupo RECOPI pode ter sido informado indevidamente

 

Referência:

Manual de Orientação do Contribuinte (v. 6.0) - http://www.nfe.fazenda.gov.br/portal/exibirArquivo.aspx?conteudo=URCYvjVMIzI=

 

 

 ","nfe, erros comuns nfe, resoluções nfe, erros comuns e resoluções - nf-e, erros comuns e resoluções - nfe",https://unoerpwiki.herokuapp.com/pt-br/menu-implantacao/configuracao-plugins/configuracao-nf-e/erros-nfe/rejeicao-348
Rejeições NFE,Rejeição: 349 - Número RECOPI não informado. - OK,"Detalhe do Erro
Ao tentar realizar a emissão de uma NF-e (mod.55), sem o número de RECOPI (Reconhecimento e Controle das Operações com Papel Imune), em operações de impressão de livros, jornais e/ou periódicos (NCM identificando tais itens), o órgão autorizador retorna a rejeição

 

Dicas de Correção

 

É necessário adicionar o número de registro de controle da operação, cadastrado no Sistema RECOPI Nacional, que possuí 20 dígitos, na tag nRECOPI, dentro do grupo prod.

                                                                                       ","nfe, erros comuns nfe, resoluções nfe, erros comuns e resoluções - nf-e, erros comuns e resoluções - nfe",https://unoerpwiki.herokuapp.com/pt-br/menu-implantacao/configuracao-plugins/configuracao-nf-e/erros-nfe/rejeicao-349
Rejeições NFE,Rejeição: 350 - Número RECOPI inválido. - OK,"Detalhe do Erro

 

Ao tentar realizar a emissão de uma NF-e (mod.55), com o número de RECOPI (Reconhecimento e Controle das Operações com Papel Imune) inválido, o órgão autorizador retorna à rejeição.

 

O erro está relacionado ao preenchimento da tag nRECOPI sem considerar os seguintes critérios:
20 dígitos numéricos (0-9);
Não conter separadores, espaços ou caracteres não numéricos;
Dígitos verificadores inválidos
Dicas de Correção
Corrigindo o conteúdo informado no campo nRECOPI, dentro do grupo prod.

 

 ","nfe, erros comuns nfe, resoluções nfe, erros comuns e resoluções - nf-e, erros comuns e resoluções - nfe",https://unoerpwiki.herokuapp.com/pt-br/menu-implantacao/configuracao-plugins/configuracao-nf-e/erros-nfe/rejeicao-350
Rejeições NFE,Rejeição: 351 - Valor do ICMS da Operação no CST=51 difere do produto BC e Alíquota. - OK,"Detalhe do Erro

 

Quando for emitida uma NF-e, com CST de ICMS igual a 51 - ""Diferimento"" e o Valor do ICMS da Operação (vICMSOp) for diferente do produto (multiplicação) da Base de Cálculo (vBC) e a Alíquota (pICMS), será retornado a rejeição.

      Veja como é feito o cálculo do Valor do ICMS da Operação da NF-e:

 

vBC (ID: N15)

pICMS (ID: N16)

_________________________

vICMSOp (ID: N16a)

 

Exemplo hipotético:
Foi emitida uma NF-e com CST de ICMS igual a 51, com Base de Cálculo igual a R$ 98.99 e Alíquota de 18.00% (por cento) e foi informado o Valor do ICMS da Operação igual a R$ 18.00. Sendo o valor correto da multiplicação da Base de Cálculo e Alíquota igual a R$ 17.82, a NF-e será rejeitada pelo motivo 351.Cálculo (vBC) e a Alíquota (pICMS), será retornado a rejeição.

 

Dicas de Correção
Na aplicação precisa validar nas regras de ICMS se a regra referente ao item esta correta com as alíquotas. No exemplo apresentado anteriormente o cálculo seria realizado da seguinte forma:

 

vBC (ID: N15) = 98.99

pICMS (ID: N16) = 18.00

______________________________________

vICMSOp (ID: N16a) = 98.99 x 18.00%

vICMSOp (ID: N16a) = 17.8182

 

     Realizando aproximação das quatro casas decimais para duas:

     vICMSOp (ID: N16a) = 17.82 

 

 

 ","nfe, erros comuns nfe, resoluções nfe, erros comuns e resoluções - nf-e, erros comuns e resoluções - nfe",https://unoerpwiki.herokuapp.com/pt-br/menu-implantacao/configuracao-plugins/configuracao-nf-e/erros-nfe/rejeicao-351
Rejeições NFE,Rejeição: 352 - Valor do ICMS Diferido no CST=51 difere do produto Valor ICMS Operação e percentual diferimento. - OK,"Detalhe do Erro

 

Quando for emitida uma NF-e, com CST de ICMS igual a 51 - ""Diferimento"" e o Valor do ICMS Diferido (vICMSDif) for diferente do produto (multiplicação) do Valor do ICMS da Operação (vICMSOp) e a Alíquota de Diferimento (pDif), será retornado a rejeição.

Veja como é feito o cálculo do Valor do ICMS da Operação da NF-e:A

 

vICMSOp (ID: N16a)

pDif (ID: N16b)

___________________

vICMSDif (ID: N16c)

 

Exemplo hipotético:
Foi emitida uma NF-e com CST de ICMS igual a 51, com Valor do ICMS da Operação igual a R$ 17.82 e Alíquota de Diferimento de 33.33% (por cento) e foi informado o Valor do ICMS de Diferido igual a R$ 6.00. Sendo o valor correto da multiplicação da Base de Cálculo e Alíquota igual a R$ 5.94.

 

Dicas de Correção

 

Na aplicação precisa validar nas regras de ICMS se a regra referente ao item esta correta com as alíquotas. No exemplo apresentado anteriormente o cálculo seria realizado da seguinte forma:

 

vICMSOp (ID: N16a) = 17.82

pDif (ID: N16b) = 33.33%

_____________________________________

vICMSDif (ID: N16c) = 5.939406

 

Realizando aproximação das quatro casas decimais para duas:

vICMSDif (ID: N16c) = 5.94

 ","nfe, erros comuns nfe, resoluções nfe, erros comuns e resoluções - nf-e, erros comuns e resoluções - nfe",https://unoerpwiki.herokuapp.com/pt-br/menu-implantacao/configuracao-plugins/configuracao-nf-e/erros-nfe/rejeicao-352
Rejeições NFE,Rejeição: 353 - Valor do ICMS no CST=51 não corresponde a diferença do ICMS operação e ICMS diferido. OK,"Detalhe do Erro
Quando for emitida uma NF-e, com CST de ICMS igual a 51 - ""Diferimento"" e o Valor do ICMS (vICMS) for diferente da diferença entre o Valor do ICMS Diferido (vICMSDif) e o Valor do ICMS da Operação (vICMSOp), será retornado a rejeição

 

Veja como é feito o cálculo do Valor do ICMS da Operação da NF-e:

vICMSOp (ID: N16a)

vICMSDif (ID: N16c)

__________________________

vICMS (ID: N17)

 

Exemplo hipotético:
Foi emitida uma NF-e com CST de ICMS igual a 51, com Valor do ICMS da Operação igual a R$ 17.82 e o Valor do ICMS Diferido igual a R$ 5.94 e foi informado o Valor do ICMS igual a R$ 12.00. Sendo o valor correto da diferença do Valor do ICMS da Operação e o Valor do ICMS Diferido igual a R$ 11.88, a NF-e será rejeitada pelo motivo 353.

 

Dicas de Correção
Na aplicação precisa validar nas regras de ICMS se a regra referente ao item esta correta com as alíquotas. No exemplo apresentado anteriormente o cálculo seria realizado da seguinte forma:

 

vICMSOp (ID: N16a) = 17.82

vICMSDif (ID: N16c)  = 5.94

__________________________________

vICMS (ID: N17) = 11.88

 

 

 ","nfe, erros comuns nfe, resoluções nfe, erros comuns e resoluções - nf-e, erros comuns e resoluções - nfe",https://unoerpwiki.herokuapp.com/pt-br/menu-implantacao/configuracao-plugins/configuracao-nf-e/erros-nfe/rejeicao-353
Rejeições NFE,Rejeição: 354 - Informado grupo de devolução de tributos para NF-e que não tem finalidade de devolução de mercadoria.,"Detalhe do Erro

 

Quando for emitida uma NF-e (modelo 55) com a finalidade de emissão diferente de devolução (finNFe <> 4) e informado o grupo de devolução de tributos (Grupo: det/impostoDevol), haverá a rejeição pelo motivo 354.

 

Exceções e Observações

 

Para essa Regra de Validação não há exceções. O grupo de devolução de tributos só deve ser informado quando a finalidade de emissão da NF-e for igual a devolução (finNFe=4).

 

 

Dicas de Correção

 

Na aplicação validar se a NOP não esta como 'devolução' marcado sendo uma operação de venda normal, com CFOP de venda. Se estiver na NOP precisa desmarcar a opção de 'devolução' e recarregar a NOP no pedido. 

 

 

 

 ","nfe, erros comuns nfe, resoluções nfe, erros comuns e resoluções - nf-e, erros comuns e resoluções - nfe",https://unoerpwiki.herokuapp.com/pt-br/menu-implantacao/configuracao-plugins/configuracao-nf-e/erros-nfe/rejeicao-354
Rejeições NFE,Rejeição: 355 - Informar o local de saída do Pais no caso da exportação. - OK,"Detalhe do Erro
Quando for emitida uma NF-e (modelo 55) com a finalidade de emissão diferente de devolução (finNFe <> 4) e informado o grupo de devolução de tributos (Grupo: det/impostoDevol), haverá a rejeição pelo motivo 354.

 

Exceções e Observações
Para essa Regra de Validação não há exceções. O grupo de devolução de tributos só deve ser informado quando a finalidade de emissão da NF-e for igual a devolução (finNFe=4).

 

Dicas de Correção

 

Na aplicação em Vendas > pedidos, buscar pelo pedido relacionado a nota fiscal emitida e pegar a NOP que esta no pedido e validar se ela esta marcada como Exportação, caso não esteja precisa marcar na NOP e depois de salvar as alterações no pedido retirar e colocar a NOP e faturar novamente para que gere a linha no banco de dados.

 

 ","nfe, erros comuns nfe, resoluções nfe, erros comuns e resoluções - nf-e, erros comuns e resoluções - nfe",https://unoerpwiki.herokuapp.com/pt-br/menu-implantacao/configuracao-plugins/configuracao-nf-e/erros-nfe/rejeicao-355
Rejeições NFE,Rejeição: 356 - Informar o local de saída do Pais somente no caso da exportação. - OK,"Detalhes do Erro

 

O erro se deve pelo motivo de que no pedido de venda o nome do País estar escrito errado ou como no caso como 'Sem País'.
Dicas de Correção

 

Na aplicação em Vendas > pedidos, buscar pelo pedido relacionado a nota fiscal emitida e validar no campo de endereço se o Pais esta preenchido correto com o nome, precisa estar com nome correto ex: Brasil.

 ","nfe, erros comuns nfe, resoluções nfe, erros comuns e resoluções - nf-e, erros comuns e resoluções - nfe",https://unoerpwiki.herokuapp.com/pt-br/menu-implantacao/configuracao-plugins/configuracao-nf-e/erros-nfe/rejeicao-356
Rejeições NFE,Rejeição: 357 - Chave de Acesso do grupo de Exportação Indireta inexistente [nRef: xxx]. - OK,"Detalhes do Erro
Este retorno de rejeição irá ocorrer nos casos em que for informada uma chave de acesso que não existe no portal do estado do emissor da NF-e. A chave de acesso a ser validada é a chave que consta no grupo detExport/exportInd campo <chNFe> e que seja do modelo 55.

 

Podem ocorrer casos em que a nota a ser referenciada foi emitida em produção e a nota que está sendo emitida seja em homologação, a SEFAZ também irá retornar esta rejeição em função de que a mesma consulta o documento no mesmo portal de autorização da nota.

 

 

Dicas de Correção
No pedido no passo dois nos itens informar a chave. Especifico para Exportação Indireta: Chave de Acesso da NF-e recebida para exportação: Deverá ser informado a Chave de Acesso da NF-e recebida que efetivou a exportação; (NF-e recebida com fim específico de exportação em caso de Exportação Indireta);

 ","nfe, erros comuns nfe, resoluções nfe, erros comuns e resoluções - nf-e, erros comuns e resoluções - nfe",https://unoerpwiki.herokuapp.com/pt-br/menu-implantacao/configuracao-plugins/configuracao-nf-e/erros-nfe/rejeicao-357
Rejeições NFE,Rejeição: 358 - Chave de Acesso do grupo de Exportação Indireta cancelada ou denegada [nRef: xxx]. - OK,"Detalhes do Erro
Essa rejeição ocorre, quando você tenta emitir uma NF-e de exportação, e no grupo de Exportação Indireta é informada a chave de acesso de uma nota cancelada ou denegada

 

Dicas de Correção

 

No pedido de venda passo dois corrigir a informação da chave. Ela não pode estar cancelada ou denegada. Caso precise, é possível consultar a nota diretamente na SEFAZ pela chave de acesso.

 

 ","nfe, erros comuns nfe, resoluções nfe, erros comuns e resoluções - nf-e, erros comuns e resoluções - nfe",https://unoerpwiki.herokuapp.com/pt-br/menu-implantacao/configuracao-plugins/configuracao-nf-e/erros-nfe/rejeicao-358
Rejeições NFE,Rejeição: 359 - NF-e de venda a Órgão Público sem informar a Nota de Empenho. - OK,"Detalhes do Erro
A Rejeição indica que ao emitir uma NF-e que possui o campo motDesICMS = 8, desoneração de ICMS motivada por venda a órgão público, devemos obrigatoriamente informar a nota de emprenho e a Data, Número e Cód. Unidade Executora, caso contrário a rejeição irá ocorrer. Ou que contenha a discriminação de uma nota de empenho que não é válida para aquele estado. tag xNEmp dentro do grupo compra

 

Valide o preenchimento das tags xNEmp (Identificação da Nota de Empenho), xPed (Pedido – informar o pedido) e xCont (Contrato – informar o contrato de compra).

 

Dicas de Correção
Verificar junto a licitação do Órgão Público as informações necessárias para informar na Nota de Empenho.

 ","nfe, erros comuns nfe, resoluções nfe, erros comuns e resoluções - nf-e, erros comuns e resoluções - nfe",https://unoerpwiki.herokuapp.com/pt-br/menu-implantacao/configuracao-plugins/configuracao-nf-e/erros-nfe/rejeicao-359
Rejeições NFE,Rejeição: 360 - NF-e com Nota de Empenho inválida para a UF. - OK,"Detalhes do Erro
Ao realizar a emissão de uma NF-e (mod. 55), que contenha a discriminação de uma nota de empenho que não é válida para aquele estado, o órgão autorizador retorna a rejeição

 

      Localizando a informação

Utilizando o Gestão DF-e, acesse a opção [Consulta de NF-e Emitidas] e acione o botão [XML – Visualizar XML]. Procure pela tag xNEmp dentro do grupo compra

 

 

Dicas de Correção
Verificar junto a licitação do Órgão Público as informações necessárias para informar na Nota de Empenho.

 

      Referência: Manual de Orientação ao Contribuinte (versão 6.00) - páginas: 226 e 259","nfe, erros comuns nfe, resoluções nfe, erros comuns e resoluções - nf-e, erros comuns e resoluções - nfe",https://unoerpwiki.herokuapp.com/pt-br/menu-implantacao/configuracao-plugins/configuracao-nf-e/erros-nfe/rejeicao-360
Rejeições NFE,Rejeição: 361 - NF-e com Nota de Empenho inexistente na UF. - OK,"Detalhes do Erro
 Esta rejeição ocorre nos casos em que for transmitida uma NF-e a órgão público com desoneração de ICMS motivada por venda a Órgão Público, <motDesICMS> igual a 8, e a nota de empenho referenciada no campo <xNEmp> do grupo compra não existir na UF que está sendo emitida a nota.

 

Dicas de Correção
Para resolver esse problema deverá referenciar notas de empenho que existam na UF de emissão com retorno de aprovada. Esta implementação é opcional para cada UF, devendo analisar se o seu estado emissor adere a esta regra ou não.","nfe, erros comuns nfe, resoluções nfe, erros comuns e resoluções - nf-e, erros comuns e resoluções - nfe",https://unoerpwiki.herokuapp.com/pt-br/menu-implantacao/configuracao-plugins/configuracao-nf-e/erros-nfe/rejeicao-361
Rejeições NFE,Rejeição: 362 - Venda de combustível sem informação do Transportador. - OK,"Detalhes do Erro
Quando for emitida uma NF-e com CFOP de Venda de Combustível e o Transportador não for identificado (CNPJ / CPF), será retornado a rejeição.

 

      Exceção a regra:

A regra de validação 362 se aplica somente para a NF-e com Finalidade de Emissão normal (finNFe = 1);
A regra de validação 362 se aplica somente para os Códigos de Produto ANP relacionados no Anexo XI.01 do MOC;
A regra de validação 362 não se aplica se for informada a UF do Transportador no exterior (transporta/UF = ”EX”).

 

      Exemplo hipotético:

Foi emitida uma NF-e de Venda de Combustível com o CFOP 5.656 e o Transportador não foi identificado. Nessa situação, a NF-e será rejeitada pelo motivo 362.

 

Dicas de Correção
Deve-se informar o CNPJ ou CPF do Transportador dentro do cadastro da transportadora, a fim de identificá-lo. Veja a seguir o exemplo corrigido:","nfe, erros comuns nfe, resoluções nfe, erros comuns e resoluções - nf-e, erros comuns e resoluções - nfe",https://unoerpwiki.herokuapp.com/pt-br/menu-implantacao/configuracao-plugins/configuracao-nf-e/erros-nfe/rejeicao-362
Rejeições NFE,Rejeição: 364 - Total do valor da dedução do ISS difere do somatório dos itens. - OK,"Detalhes do Erro
Ao realizar a emissão de uma NF-e (mod. 55) ou NFC-e (mod. 65) com total da dedução do ISS (tag vDeducao) no grupo total diferente da soma do Valor da dedução (tag vDeducao) de cada item, o órgão autorizador retorna a rejeição.

 

      Localizando a informação

Utilizando o Gestão DF-e, acesse a opção [Consulta de NF-e Emitidas] ou [Consulta de NFC-e Emitidas] e acione o botão [XML – Visualizar XML]. Procure pela tag vDeducao dentro do grupo infNFe/total/ISSQNtot.

 

No exemplo abaixo, o valor da dedução do ISS (tag vDeducao) de cada item é R$ 0,99. O somatório dos valores está incorreto na tag vDeducao dentro dos grupos total/ISSQNtot: vDeducao item 1 + vDeducao item 2 + vDeducao item n = vDeducao (total).

 

 

Dicas de Correção
Corrigindo o conteúdo informado no campo vDeducao do grupo ISSQNtot em total. Certifique-se que a informação preenchida seja igual à soma dos valores da dedução do ISS de cada item.

 

No exemplo utilizado, foi corrigido o valor na tag vDeducao, segundo o cálculo: R$ 0,99 (vDeducao item 1) + R$ 0,99 (vDeducao item 2) = R$ 1,98 (vDeducao total).

 

 ","nfe, erros comuns nfe, resoluções nfe, erros comuns e resoluções - nf-e, erros comuns e resoluções - nfe",https://unoerpwiki.herokuapp.com/pt-br/menu-implantacao/configuracao-plugins/configuracao-nf-e/erros-nfe/rejeicao-364
Rejeições NFE,Rejeição: 365 - Total de outras retenções difere do somatório dos itens. - OK,"Detalhes do Erro
Ao realizar a emissão de uma NF-e (mod. 55) ou NFC-e (mod. 65) e o Total de Outras Retenções (tag vOutro no grupo total) estiver diferente da soma entre o Valor de Outras Retenções (tag vOutro) de cada item, o órgão autorizador retorna a rejeição.

 

      Localizando a informação

Utilizando o Gestão DF-e, acesse a opção [Consulta de NF-e Emitidas] ou [Consulta de NFC-e Emitidas] e acione o botão [XML – Visualizar XML]. Procure pela tag vOutro dentro dos grupos infNFe/total/ISSQNtot.

 

No exemplo abaixo, o valor de outras retenções (tag vOutro) de cada item é R$ 0,99. O somatório dos valores está incorreto na tag vOutro dentro dos grupos total/ISSQNtot: vOutro (item 1) + vOutro (item 2)+ vOutro (demais itens)= vOutro (total).

 

Dicas de Correção
Corrigindo o conteúdo informado no campo vOutro do grupo ISSQNtot em total. Certifique-se que a informação preenchida seja igual à soma dos valores de outras retenções de cada item.

 

No exemplo utilizado, foi corrigido o valor na tag vOutro, segundo o cálculo: 0,99 (vOutro item 1) + 0,99 (vOutro item 2) = 1,98 (vOutro total).

 ","nfe, erros comuns nfe, resoluções nfe, erros comuns e resoluções - nf-e, erros comuns e resoluções - nfe",https://unoerpwiki.herokuapp.com/pt-br/menu-implantacao/configuracao-plugins/configuracao-nf-e/erros-nfe/rejeicao-365
Rejeições NFE,Rejeição: 366 - Total do desconto incondicionado ISS difere do somatório dos itens. - OK,"Detalhes do Erro
Ao realizar a emissão de uma NF-e (mod. 55) ou NFC-e (mod. 65) com Total do Desconto Incondicionado ISS (tag vDescIncond) do grupo total diferente da soma do Valor do Desconto Incondicionado ISS (tag vDescIncond) de cada item, o órgão autorizador retorna a rejeição.

 

      Localizando a informação

Utilizando o Gestão DF-e, acesse a opção [Consulta de NF-e Emitidas] ou [Consulta de NFC-e Emitidas] e acione o botão [XML – Visualizar XML]. Procure pela tag vDescIncond dentro do grupo infNFe/total/ISSQNtot.

 

No exemplo abaixo, o valor do Desconto Incondicionado ISS (tag vDescIncond) de cada item é R$ 1,19. O somatório dos valores está incorreto na tag vDescIncond dentro do grupo total/ISSQNtot: vDescIncond item 1 + vDescIncond item 2 + vDescIncond item n = vDescIncond (total).

 

 

 

Dicas de Correção
Corrigindo o conteúdo informado no campo vDescIncond do grupo ISSQNtot em total. Certifique-se que a informação preenchida seja igual à soma dos valores do Desconto Incondicionado ISS de cada item.

 

No exemplo utilizado, foi corrigido o valor na tag vDescIncond, segundo o cálculo: R$ 1,19 (vDescIncond item 1) + R$ 1,19 (vDescIncond item 2) = R$ 2,38 (vDescIncond total).

 ","nfe, erros comuns nfe, resoluções nfe, erros comuns e resoluções - nf-e, erros comuns e resoluções - nfe",https://unoerpwiki.herokuapp.com/pt-br/menu-implantacao/configuracao-plugins/configuracao-nf-e/erros-nfe/rejeicao-366
Rejeições NFE,Rejeição: 367 - Total do desconto condicionado ISS difere do somatório dos itens. - OK,"Detalhes do Erro
Ao realizar a emissão de uma NF-e (mod. 55) ou NFC-e (mod. 65) com o Total do Desconto Condicionado ISS (tag vDescCond) do grupo total diferente da soma entre o Valor do Desconto Condicionado ISS (tag vDescCond) de cada item, o órgão autorizador retorna a rejeição.

 

      Localizando a informação

Utilizando o Gestão DF-e, acesse a opção [Consulta de NF-e Emitidas] ou [Consulta de NFC-e Emitidas] e acione o botão [XML – Visualizar XML]. Procure pela tag vDescCond dentro do grupo infNFe/total/ISSQNtot.

 

No exemplo abaixo, o valor do Desconto Condicionado ISS (tag vDescCond) de cada item é R$ 1,19. O somatório dos valores está incorreto na tag vDescCond dentro do grupo total/ISSQNtot: vDescCond item 1 + vDescCond item 2 + vDescCond item n = vDescCond (total).

 

Dicas de Correção
Corrigindo o conteúdo informado no campo vDescCond do grupo ISSQNtot em total. Certifique-se que a informação preenchida seja igual à soma dos valores do Desconto Condicionado ISS de cada item.

 

No exemplo utilizado, foi corrigido o valor na tag vDescCond, segundo o cálculo: R$ 1,19 (vDescCond item 1) + R$ 1,19 (vDescCond item 2) = R$ 2,38 (vDescCond total).

 ","nfe, erros comuns nfe, resoluções nfe, erros comuns e resoluções - nf-e, erros comuns e resoluções - nfe",https://unoerpwiki.herokuapp.com/pt-br/menu-implantacao/configuracao-plugins/configuracao-nf-e/erros-nfe/rejeicao-367
Rejeições NFE,Rejeição: 368 - Total de ISS retido difere do somatório dos itens. - OK,"Detalhes do Erro
Ao realizar a emissão de uma NF-e (mod. 55) ou NFC-e (mod. 65) com Total do ISS Retido (tag vISSRet no grupo total) diferente da soma entre o Valor do ISS Retido (tag vISSRet) de cada item, o órgão autorizador retorna a rejeição.

 

      Localizando a informação

Utilizando o Gestão DF-e, acesse a opção [Consulta de NF-e Emitidas] ou [Consulta de NFC-e Emitidas] e acione o botão [XML – Visualizar XML]. Procure pela tag vISSRet dentro do grupo infNFe/total/ISSQNtot.

 

No exemplo abaixo, o valor do ISS Retido (tag vISSRet) de cada item é R$ 2,58. O somatório dos valores está incorreto na tag vISSRet dentro dos grupos total/ISSQNtot: vISSRet (nItem=”1”) + vISSRet (nItem=”2”) + vISSRet (nItem=”n”) = vISSRet (total).

 

 

Dicas de Correção
Corrigindo o conteúdo informado no campo vISSRet do grupo ISSQNtot em total. Certifique-se que a informação preenchida seja igual à soma dos valores do ISS Retido de cada item.

 

No exemplo utilizado, foi corrigido o valor na tag vISSRet, segundo o cálculo: R$ 2,58 (vISSRet/nItem=”1”) + R$ 2,58 (vISSRet/nItem=”2”) = R$ 5,16 (vISSRet total).

 ","nfe, erros comuns nfe, resoluções nfe, erros comuns e resoluções - nf-e, erros comuns e resoluções - nfe",https://unoerpwiki.herokuapp.com/pt-br/menu-implantacao/configuracao-plugins/configuracao-nf-e/erros-nfe/rejeicao-368
Rejeições NFE,Rejeição: 369 - Não informado o grupo avulsa na emissão pelo Fisco. - OK,"Detalhes do Erro
Ao realizar a emissão de uma NF-e (mod. 55) ou uma NFC-e (mod. 65) com Processo de Emissão (tag procEmi) igual à 1 (Emissão de NF-e Avulsa pelo Fisco) ou 2 (Emissão de NF-e Avulsa pelo contribuinte), e não for informado o grupo Avulsa (tag avulsa), o órgão autorizador retorna a rejeição.

 

      Localizando a informação

Utilizando o Gestão DF-e, acesse a opção [Consulta de NF-e Emitidas] ou [Consulta de NFC-e Emitidas] e acione o botão [XML – Visualizar XML]. Procure pela tag procEmi dentro do grupo infNFe/ide (exemplo abaixo).

 

Dicas de Correção
Para resolver, é necessário adicionar o grupo avulsa no XML. Certifique-se que o documento esteja com o campo procEmi igual a 1 ou 2.

 ","nfe, erros comuns nfe, resoluções nfe, erros comuns e resoluções - nf-e, erros comuns e resoluções - nfe",https://unoerpwiki.herokuapp.com/pt-br/menu-implantacao/configuracao-plugins/configuracao-nf-e/erros-nfe/rejeicao-369
Rejeições NFE,Rejeição: 370 - Nota Fiscal Avulsa com tipo de emissão inválido. - OK,"Detalhes do Erro
Ao realizar a emissão de NF-e (mod. 55) ou NFC-e (mod. 65) com Processo de Emissão (tag procEmi) igual à 1 (Emissão de NF-e Avulsa pelo Fisco) ou 2 (Emissão de NF-e Avulsa pelo contribuinte), informando o Tipo de Emissão (tag tpEmi) diferente de normal, o órgão autorizador retorna a rejeição.

 

       Localizando a informação

Utilizando o Gestão DF-e, acesse a opção [Consulta de NF-e Emitidas] ou [Consulta de NFC-e Emitidas] e acione o botão [XML – Visualizar XML]. Procure pela tag tpEmi dentro do grupo infNFe/ide (exemplo abaixo).

 

Dicas de Correção
Para resolver, é necessário colocar o Tipo de Emissão (tag tpEmi) igual à 1 (Normal). Certifique-se que o documento esteja com o campo procEmi igual a 1 ou 2.

 ","nfe, erros comuns nfe, resoluções nfe, erros comuns e resoluções - nf-e, erros comuns e resoluções - nfe",https://unoerpwiki.herokuapp.com/pt-br/menu-implantacao/configuracao-plugins/configuracao-nf-e/erros-nfe/rejeicao-370
Rejeições NFE,Rejeição: 387 - Codigo de Enquadramento Legal do IPI invalido - OK,"Rejeição
Rejeição 387: Rejeicao: Codigo de Enquadramento Legal do IPI invalido
Causa
Motivo

Quando for emitida uma NF-e com Código de Enquadramento Legal do IPI (cEnq) preenchido com valor que não existe no Anexo XIV , será retornado a rejeição ""387 - Código de Enquadramento Legal do IPI inválido"".

Exemplo: Foi emitida uma NF-e com CST de IPI igual a 52 e com o Código de Enquadramento Legal do IPI (cEnq) igual a 399. Como o Código de Enquadramento informado não existe na tabela disponibilizada pela Sefaz, a NF-e será rejeitada pelo motivo 387.

Exceções
À Criar
Exemplo

Um erro muito comum dos usuários é informar códigos que ainda não foram publicados pela Sefaz em decorrência das regras de validação abaixo:

Se CST = ""02"" ou ""52"", informar cEnq com um valor entre ""301"" e ""399"";
Se CST = ""04"" ou ""54"", informar cEnq com um valor entre ""001"" e ""099"";
Se CST = ""05"" ou ""55"", informar cEnq com um valor entre ""101"" e ""199"";
Para os demais casos, informar cEnq com um valor entre ""601"" e ""608"" ou ""999"".

Por exemplo, foi informado o Código de Enquadramento Legal do IPI 399 para o CST 52. Apesar de estar no intervalo aceito para o CST de IPI igual 52, esse Código (399) ainda não consta na Lista disponibilizada pela Sefaz.

Para corrigir, é preciso informar código que esteja dentro do intervalo aceito para cada CST e que exista na Tabela: Código de Enquadramento Legal do IPI.

Como Resolver no UNO ERP

Na tela “CDW0011 - Classificação Fiscal” é necessário alterar o campo “cod enquadramento” para o código correto.

Após corrigir, reenviar a NF-e para processamento.

Referência
www.oobj.com.br/erro-387
Dicas
O que é código de enquadramento legal do IPI? Clique aqui.","nfe, erros comuns nfe, resoluções nfe, erros comuns e resoluções - nf-e, erros comuns e resoluções - nfe",https://unoerpwiki.herokuapp.com/pt-br/menu-implantacao/configuracao-plugins/configuracao-nf-e/erros-nfe/erro-387
Rejeições NFE,Rejeição: 401 - CPF do remetente inválido. - OK,"Detalhes do Erro
Ao emitir uma NF-e ou NFC-e com o CPF do emitente invalido. 
Motivos para um CPF invalido:
Número de dígitos diferente de 9 números;
Sequencia de 0;
Composição do digito verificador.

 

 

Dicas de Correção

 

Na aplicação em cadastros gerais > clientes, em contatos, aba: dados pessoais, no campo CPF precisa validar se as informações referente ao documento esta correto.

 

 ","nfe, erros comuns nfe, resoluções nfe, erros comuns e resoluções - nf-e, erros comuns e resoluções - nfe",https://unoerpwiki.herokuapp.com/pt-br/menu-implantacao/configuracao-plugins/configuracao-nf-e/erros-nfe/rejeicao-401
Rejeições NFE,Rejeição: 402 - XML da área de dados com codificação diferente de UTF-8. - OK,"Ao realizar a emissão de uma NF-e (mod. 55) com codificação diferente de UTF-8, o órgão autorizador retorna a rejeição.
O erro está relacionado ao uso de caracteres no XML que não pertencem ao conjunto da codificação UTF-8. Você pode consultar o Padrão de Codificação na página 16 do Manual de Orientação ao Contribuinte (versão 6.00).

 

      Localizando a informação

 

Utilizando o Gestão DF-e, acesse a opção [Consulta de NF-e Emitidas] e acione o botão [XML – Visualizar XML]. No exemplo abaixo, a tag xProd dentro dos infNFe/prod foi preenchida utilizando letras acentuadas.

 

Dicas de Correção
Para resolver, é necessário verificar no XML quais campos foram preenchidos com letras acentuadas e remover as mesmas, ou substitui-las como no exemplo abaixo.

 

Ao emitir um documento, recomendamos que não sejam utilizados caracteres acentuados e textos copiados de ferramentas como editores de texto e planilhas de cálculo.

 ","nfe, erros comuns nfe, resoluções nfe, erros comuns e resoluções - nf-e, erros comuns e resoluções - nfe",https://unoerpwiki.herokuapp.com/pt-br/menu-implantacao/configuracao-plugins/configuracao-nf-e/erros-nfe/rejeicao-402
Rejeições NFE,Rejeição: 403 - O grupo de informações da NF-e avulsa é de uso exclusivo do Fisco. - OK,"Detalhes do Erro
A Rejeição (403):""O grupo de informações da NF-e avulsa é de uso exclusivo do Fisco"", indica que foi emitida uma NF-e que possui a tag avulsa de uso exclusivo do fisco, e nesse caso a rejeição 403 irá ocorrer.

 

      Na prática, o que isso significa?

Que não podemos incluir o grupo avulsa em notas fiscais emitidas em nenhuma circunstância, seu uso é exclusivo do fisco.

 

Dicas de Correção
Para resolver a Rejeição 403: O grupo de informações da NF-e avulsa é de uso exclusivo do Fisco, deve ser removido do XML da NF-e o grupo de informações da NF-e avulsa (tag:avulsa). Esse grupo é de uso exclusivo do fisco.

 ","nfe, erros comuns nfe, resoluções nfe, erros comuns e resoluções - nf-e, erros comuns e resoluções - nfe",https://unoerpwiki.herokuapp.com/pt-br/menu-implantacao/configuracao-plugins/configuracao-nf-e/erros-nfe/rejeicao-403
Rejeições NFE,Rejeição: 404 - Uso de prefixo de namespace não permitido. - OK,"Detalhes do Erro
A Rejeição (404):""Uso de prefixo de namespace não permitido"", indica que ao emitir uma NF-e, foi informado um prefixo não permitido em algum namespace da mensagem de envio. E nesse caso a rejeição 404 irá ocorrer.

 

      Na prática, o que isso significa?

Ao efetuarmos uma comunicação com a SEFAZ devemos seguir obrigatoriamente o padrão de comunicação exigida, caso contrário, iremos receber uma mensagem de rejeição. No exemplo ao lado, caso tivéssemos informado um prefixo ""xsi"" (por exemplo) no namespace padrão, ficando como no exemplo ao lado.

 

Dicas de Correção
Para resolver a Rejeição 404: Uso de prefixo de namespace não permitido, deve-se verificar se os namespaces da mensagem de envio da NF-e possuem algum prefixo diferente do que são permitidos pelo projeto NF-e da SEFAZ.

 

Abaixo exemplo de mensagem XML correto em relação ao padrão da SEFAZ:

 ","nfe, erros comuns nfe, resoluções nfe, erros comuns e resoluções - nf-e, erros comuns e resoluções - nfe",https://unoerpwiki.herokuapp.com/pt-br/menu-implantacao/configuracao-plugins/configuracao-nf-e/erros-nfe/rejeicao-404
Rejeições NFE,Rejeição: 405 - Código do país do emitente: dígito inválido. - OK,"Detalhes do Erro
Ao realizar a emissão de uma NF-e (mod. 55) com o Código do País (tag cPais), dentro do grupo Emitente, informado incorretamente, o órgão autorizador retorna a rejeição.

 

      Localizando a informação

Utilizando o Gestão DF-e, acesse a opção [Consulta de NF-e Emitidas] e acione o botão [XML – Visualizar XML]. Procure pela tag cPais dentro do grupo emit/enderEmit (exemplo ao lado).

 

Dicas de Correção
Para resolver, é necessário corrigir o Código do País (tag cPais). Certifique-se que o Código do País informado esteja correto. Utilize como referência a Tabela de Países, publicada no Portal da Nota Fiscal Eletrônica.

 

 ","nfe, erros comuns nfe, resoluções nfe, erros comuns e resoluções - nf-e, erros comuns e resoluções - nfe",https://unoerpwiki.herokuapp.com/pt-br/menu-implantacao/configuracao-plugins/configuracao-nf-e/erros-nfe/rejeicao-405
Rejeições NFE,Rejeição: 406 - Código do país do destinatário: dígito inválido. - OK,"Detalhes do Erro
Ao realizar a emissão de uma NF-e (mod. 55) com o Código do País (tag cPais), dentro do grupo Destinatário, informado incorretamente, o órgão autorizador retorna a rejeição.

 

       Localizando a informação

Utilizando o Gestão DF-e, acesse a opção [Consulta de NF-e Emitidas] e acione o botão [XML – Visualizar XML]. Procure pela tag cPais dentro do grupo dest/enderDest

 

Dicas de Correção
Para resolver, é necessário corrigir o Código do País (tag cPais). Certifique-se que o Código do País informado esteja correto, utilizando como referência a Tabela de Países, publicada no Portal da Nota Fiscal Eletrônica.

 ","nfe, erros comuns nfe, resoluções nfe, erros comuns e resoluções - nf-e, erros comuns e resoluções - nfe",https://unoerpwiki.herokuapp.com/pt-br/menu-implantacao/configuracao-plugins/configuracao-nf-e/erros-nfe/rejeicao-406
Rejeições NFE,Rejeição: 407 - O CPF só pode ser informado no campo emitente para a NF-e avulsa. - OK,"Detalhes do Erro
Quando for emitida uma NF-e e for informado um CPF como emissor do documento, e este não for uma NF-e avulsa, será retornado a rejeição.

 

       Exemplo hipotético:

Foi emitida uma NF-e e foi informado um CPF como emissor por Sistema de Emissão próprio do Contribuinte. Nessa situação, por não ser uma NF-e avulsa, a NF-e será rejeitada pelo motivo 407.

 

 

Dicas de Correção
A emissão de NF-e avulsa é feita através dos Portais Estaduais, das Sefaz que disponibilizam esse recurso. Uma NF-e Avulsa é emitida com o CNPJ da Sefaz do Estado e Certificado da mesma, logo não é possível emitir o mesmo pelo Emissor Gratuito da Sefaz ou Emissor próprio. Para orientações sobre como emitir uma NF-e avulsa entre em contato com a Sefaz do seu Estado. Veja a seguir um exemplo de NF-e avulsa:

 ","nfe, erros comuns nfe, resoluções nfe, erros comuns e resoluções - nf-e, erros comuns e resoluções - nfe",https://unoerpwiki.herokuapp.com/pt-br/menu-implantacao/configuracao-plugins/configuracao-nf-e/erros-nfe/rejeicao-407
Rejeições NFE,Rejeição: 408 - Evento não disponível para Autor pessoa física. - OK,"Detalhes do Erro
Nos casos de envio de NF-e em contingência EPEC é realizada a geração do documento a ser enviado a SEFAZ, nesta estruturação do documento as informações preenchidas são extraídas do arquivo da NF-e enviado pelo emissor.
Um dos campos preenchido é o campo CNPJ/CPF do emitente do documento, caso o emissor seja pessoa física, CPF, a SEFAZ rejeitará o EPEC enviado com o retorno 408 – Evento não disponível para Autor pessoa física.
Esta rejeição ocorre em função de que a SEFAZ não permite emissão de NF-e em contingência EPEC, tpEmis=4, para pessoa física, apenas pessoa jurídica.

 

Dicas de Correção
Para resolver a situação deverá ser emissor pessoa jurídica, CNPJ, e se for pessoa física, CPF, deverá analisar outras opções de contingência, como no caso SVC.","nfe, erros comuns nfe, resoluções nfe, erros comuns e resoluções - nf-e, erros comuns e resoluções - nfe",https://unoerpwiki.herokuapp.com/pt-br/menu-implantacao/configuracao-plugins/configuracao-nf-e/erros-nfe/rejeicao-408
Rejeições NFE,Rejeição: 409 - Campo cUF inexistente no elemento nfeCabecMsg do SOAP Header. - OK,"Detalhes do Erro
A Rejeição (409):""Campo cUF inexistente no elemento nfeCabecMsg do SOAP Header"", indica que ao enviar uma NF-e para SEFAZ, existe um problema no Header do envelope SOAP, que é a falta do campo cUF dentro do elemento nfeCabecMsg, que é o padrão exigido pela SEFAZ.

 

Dicas de Correção
Para resolver a Rejeição 409: Campo cUF inexistente no elemento nfeCabecMsg do SOAP Header, deve ser informado no Header do envelope SOAP o campo cUF dentro do elemento nfeCabecMSg, com o estado da SEFAZ para a qual a nota está sendo enviada.

 

      Exemplo de uma mensagem requisição padrão SOAP exigido pela SEFAZ:

 ","nfe, erros comuns nfe, resoluções nfe, erros comuns e resoluções - nf-e, erros comuns e resoluções - nfe",https://unoerpwiki.herokuapp.com/pt-br/menu-implantacao/configuracao-plugins/configuracao-nf-e/erros-nfe/rejeicao-409
Rejeições NFE,Rejeição: 410 - UF informada no campo cUF não é atendida pelo Web Service. - OK,"Detalhes do erro
A Rejeição indica que ao emitir uma NF-e com o campo cUF preenchido com uma UF não atendida pela UF de recepção do documento a rejeição 410 irá ocorrer.

 

      Na prática, o que isso significa?

Quando um contribuinte se depara com a Rejeição (410): “UF informada no campo cUF não é atendida pelo webservice”, isto implica que foi informado um código do estado incorreto, em que o webservice que está recebendo o XML não atende esta UF ou o webservice que está sendo setado para o envio do documento não é o correto.

 

Dicas de Correção
Para resolver a Rejeição 410: UF informada no campo cUF não é atendida pelo webservice, verifique se o código da UF informada no campo cUF da NF-e está correto em relação a UF do WebService que está fazendo a recepção do documento. Pois existem estados que não possuem WebService próprio e são atendidos para outros estados da federação. Então para resolver essa rejeição verifique se a UF de recepção atende a UF informada na NF-e.

 ","nfe, erros comuns nfe, resoluções nfe, erros comuns e resoluções - nf-e, erros comuns e resoluções - nfe",https://unoerpwiki.herokuapp.com/pt-br/menu-implantacao/configuracao-plugins/configuracao-nf-e/erros-nfe/rejeicao-410
Rejeições NFE,Rejeição: 411 - Campo versaoDados inexistente no elemento nfeCabecMsg do SOAP Header. - OK,"Detalhes do Erro
O campo versaoDados presente no elemento NFeCabecMsg deve obrigatoriamente ser informado na estrutura padrão SOAP no XML da SEFAZ. Caso não informar o campo, ou informar incorretamente será retornada à rejeição.

 

Dicas de Correção
Este problema ocorre devido a falhas na configuração do software do emissor.","nfe, erros comuns nfe, resoluções nfe, erros comuns e resoluções - nf-e, erros comuns e resoluções - nfe",https://unoerpwiki.herokuapp.com/pt-br/menu-implantacao/configuracao-plugins/configuracao-nf-e/erros-nfe/rejeicao-411
Rejeições NFE,Rejeição: 416 - Falha na descompactação da área de dados. - OK,"Detalhes do Erro
Este processo de descompactação dos dados é realizado pela SEFAZ no momento em que recebe do sistema emissor um documento inválido para leitura.
A SEFAZ permite com que os sistemas emissores de NF-e compactem os arquivos para envio, diminuindo o tráfego de dados na rede e tornando o processo mais ágil.
Caso o processo de compactação dos dados for realizado de uma forma incorreta a SEFAZ irá retornar a rejeição 

 

Dicas de Correção
Analisar a falha e compactar novamente no padrão GZip.","nfe, erros comuns nfe, resoluções nfe, erros comuns e resoluções - nf-e, erros comuns e resoluções - nfe",https://unoerpwiki.herokuapp.com/pt-br/menu-implantacao/configuracao-plugins/configuracao-nf-e/erros-nfe/rejeicao-416
Rejeições NFE,Rejeição: 417 - Total do ICMS superior ao valor limite estabelecido. - OK,"Detalhes do Erro
A rejeição 417 ocorre quando o valor total do ICMS ultrapassa o valor limite estabelecido pela UF do emitente.

 

Dicas de Correção
Em cadastros gerais > cadastros iniciais > regras de ICMS, necessário ajustar as informações pertinentes a ICMS de acordo com a informação passada pela contabilidade.","nfe, erros comuns nfe, resoluções nfe, erros comuns e resoluções - nf-e, erros comuns e resoluções - nfe",https://unoerpwiki.herokuapp.com/pt-br/menu-implantacao/configuracao-plugins/configuracao-nf-e/erros-nfe/rejeicao-417
Rejeições NFE,Rejeição: 418 - Total do ICMS ST superior ao valor limite estabelecido. - OK,"Detalhes do Erro
A rejeição 418 ocorre quando o valor total do ICMS-ST ultrapassa o valor limite estabelecido pela UF do emitente.

 

Dicas de Correção
Em cadastros gerais > cadastros iniciais > regras de ICMS ST, necessário ajustar as informações pertinentes a ICMS de acordo com a informação passada pela contabilidade.","nfe, erros comuns nfe, resoluções nfe, erros comuns e resoluções - nf-e, erros comuns e resoluções - nfe",https://unoerpwiki.herokuapp.com/pt-br/menu-implantacao/configuracao-plugins/configuracao-nf-e/erros-nfe/rejeicao-418
Rejeições NFE,Rejeição: 420 - Cancelamento para NF-e já cancelada. - OK,"Detalhes do Erro
A Rejeição indica que já existe uma NF-e com mesma Numeração e Série cancelada junto à base de dados da SEFAZ, ou seja, quando há uma segunda solicitação de cancelamento para uma mesma NF-e, que já se encontra cancelada.

 

Dicas de Correção
Em vendas > NF-e Federal, clicar na lupa de consulta para realizar o sincronismo da nota.","nfe, erros comuns nfe, resoluções nfe, erros comuns e resoluções - nf-e, erros comuns e resoluções - nfe",https://unoerpwiki.herokuapp.com/pt-br/menu-implantacao/configuracao-plugins/configuracao-nf-e/erros-nfe/rejeicao-420
Rejeições NFE,Rejeição: 450 - Modelo da NF-e diferente de 55. - OK,"Detalhes do Erro
Ao emitir uma NF-e com o modelo diferente de 55, será retornado da SEFAZ a rejeição 450 – Modelo da NF-e diferente de 55.

 

      Localizando a informação:

Utilizando o Gestão DF-e, acesse as opções [Consulta de NF-e Emitidas] e acione o botão [XML – Visualizar XML]. Procure pela tag <mod>dentro do grupo infNFe/ide.

 

Dicas de Correção
Altere o modelo do documento na tag <mod>dentro do grupo infNFe/ide e reenvie a nota (exemplo abaixo).","nfe, erros comuns nfe, resoluções nfe, erros comuns e resoluções - nf-e, erros comuns e resoluções - nfe",https://unoerpwiki.herokuapp.com/pt-br/menu-implantacao/configuracao-plugins/configuracao-nf-e/erros-nfe/rejeicao-450
Rejeições NFE,Rejeição: 451 - Processo de emissão informado inválido. - OK,"Detalhes do Erro
A Rejeição indica que ao emitir uma NF-e o campo de processo de emissão (procEmi) está diferente de 0.

 

A SEFAZ libera os seguintes códigos para esse campo: 0=Emissão de NF-e com aplicativo do contribuinte; 1=Emissão de NF-e avulsa pelo Fisco; 2=Emissão de NF-e avulsa, pelo contribuinte com seu certificado digital, através do site do Fisco; 3=Emissão NF-e pelo contribuinte com aplicativo fornecido pelo Fisco.

 

Para emitentes que usam a emissão de nota fiscal eletrônica via sistema automatizado contratado de terceiros ou de desenvolvimento próprio, devem utilizar o código 0 para esse campo.

 

Dicas de Correção
Para resolver a Rejeição 451, verifique o campo procEmi no XML da NF-e, que deve obrigatoriamente ter o valor 0, para notas enviadas via Sistema Automatizado. ","nfe, erros comuns nfe, resoluções nfe, erros comuns e resoluções - nf-e, erros comuns e resoluções - nfe",https://unoerpwiki.herokuapp.com/pt-br/menu-implantacao/configuracao-plugins/configuracao-nf-e/erros-nfe/rejeicao-451
Rejeições NFE,Rejeição: 452/553 - Tipo Autorizador do Recibo diverge do Órgão Autorizador.,"Detalhes do Erro
A Rejeição indica que ao enviar uma consulta de recibo para determinando WebService o mesmo não foi o responsável pelo processamento do envio relacionado ao recibo que está se tentando consultar.

 

       Na prática, o que isso significa?

Ao fazer a consulta de recibo de uma NF-e devemos sempre estar atentos para que ela seja realizada exatamente no mesmo WebService ao qual o envio ocorreu.

 

Dicas de Correção
Para resolver a Rejeição, verifique exatamente para qual WebService está sendo enviada a requisição de consulta de recibo (tem que ser o mesmo WebService do envio), pois essa rejeição indica que está sendo solicitado informações que não foram processadas pelo WebService para qual está sendo enviada a consulta de recibo.","nfe, erros comuns nfe, resoluções nfe, erros comuns e resoluções - nf-e, erros comuns e resoluções - nfe",https://unoerpwiki.herokuapp.com/pt-br/menu-implantacao/configuracao-plugins/configuracao-nf-e/erros-nfe/rejeicao-452-553
Rejeições NFE,Rejeição: 453 - Ano de inutilização não pode ser superior ao Ano atual. - OK,"Detalhes do Erro
Ao tentar realizar a inutilização de uma NF-e (modelo 55), com o preenchimento do campo Ano superior ao atual, o órgão autorizador retorna à rejeição.

 

O Web service utilizado para realizar a inutilização de uma NF-e, realiza a validação de alguns campos, e um deles é o ano de ocorrência.

 

Dicas de Correção
Não é possível inutilizar a numeração de uma NF-e com preenchimento do campo ano, superior ao atual.

 

     Manual de Orientação ao Contribuinte (versão 6.00) - página 54","nfe, erros comuns nfe, resoluções nfe, erros comuns e resoluções - nf-e, erros comuns e resoluções - nfe",https://unoerpwiki.herokuapp.com/pt-br/menu-implantacao/configuracao-plugins/configuracao-nf-e/erros-nfe/rejeicao-453
Rejeições NFE,Rejeição: 454 - Ano de inutilização não pode ser inferior a 2006. - OK,"Detalhes do Erro
Ao tentar realizar a inutilização de uma NF-e (modelo 55), com o preenchimento do campo Ano inferior ao ano de 2006, o órgão autorizador retorna à rejeição.

 

O Web service utilizado para realizar a inutilização de uma NF-e, realiza a validação de alguns campos, e um deles é o Ano.

 

Dicas de Correção
Não é possível inutilizar a numeração de uma NF-e com preenchimento do campo Ano, inferior a 2006, pois o projeto da NF-e entrou em vigor no ano de 2006.

 

      Manual de Orientação ao Contribuinte (versão 6.00) - página 54","nfe, erros comuns nfe, resoluções nfe, erros comuns e resoluções - nf-e, erros comuns e resoluções - nfe",https://unoerpwiki.herokuapp.com/pt-br/menu-implantacao/configuracao-plugins/configuracao-nf-e/erros-nfe/rejeicao-454
Rejeições NFE,Rejeição: 455 - Órgão Autor do evento diferente da UF da Chave de Acesso.,"Detalhes do Erro
Nos casos de envio de NF-e em contingência EPEC é realizada a geração do documento a ser enviado a SEFAZ, nesta estruturação do documento as informações preenchidas são extraídas do arquivo da NF-e enviado pelo emissor.
Um dos campos preenchido é o campo ‘cOrgaoAutor’ com a informação do código da UF do emissor contido na tag ‘cUF’ do arquivo da NF-e. Caso informar um valor diferente do que consta na NF-e e na chave de acesso do documento será retornada à rejeição 455 – órgão do Autor do evento diferente da UF da Chave de Acesso.
Esta rejeição ocorre em função de que a SEFAZ valida se o código do estado enviado neste campo é igual ao código da UF contido na chave de acesso do documento.

 

Dicas de Correção
Para resolver a situação deverá ajustar a informação do campo e reenviar o evento de contingência EPEC.","nfe, erros comuns nfe, resoluções nfe, erros comuns e resoluções - nf-e, erros comuns e resoluções - nfe",https://unoerpwiki.herokuapp.com/pt-br/menu-implantacao/configuracao-plugins/configuracao-nf-e/erros-nfe/rejeicao-455
Rejeições NFE,Rejeição: 461 - Informado percentual de Gás Natural na mistura para produto diferente de GLP.,"Detalhes do Erro
A rejeição ocorre quando informou os campos Perc. GLP Deriv. Petróleo, Perc. Gás Nat. Nacional, Perc. Gás Nat. Importado para produto GLP (gás liquefeito de petróleo), com código ANP diferente de: 210203001.

 

       Obs: Essa informação é obrigatória para Código ANP 210203001, diferentes desse deixar os campos em branco.

 

      Segue uma breve descrição dos campos, segundo a NT:

 

Dicas de Correção
Para resolver a Rejeição 461, informe o código do produto(cProdANP) com o valor ""210203001"" quando informar os campos pGLP, pGNn ou pGNi.

 

     Exemplo da estrutura correta em XML:

 ","nfe, erros comuns nfe, resoluções nfe, erros comuns e resoluções - nf-e, erros comuns e resoluções - nfe",https://unoerpwiki.herokuapp.com/pt-br/menu-implantacao/configuracao-plugins/configuracao-nf-e/erros-nfe/rejeicao-461
Rejeições NFE,Rejeição: 465 - Número de Controle da FCI inexistente.,"Detalhes do Erro
A informação do Número da FCI é obrigatória nas operações interestaduais, conforme a Origem da Mercadoria (3, 5 ou 8), a partir de 01/10/2013, conforme legislação atual NT2013/006.

 

Dicas de Correção
Quando for emitir uma NF-e que seja obrigatório informar o FCI, Ficha de Conteúdo de Importação, deverá ser gerado por uma função padrão de geração de números aleatórios e únicos, e com registro na Resolução 13/2012 do Senado Federal e na NT2013/006.
Este padrão acaba gerando uma sequência de 36 caracteres, contendo algarismos, letras maiúsculas de ""A"" a ""F"" e o caractere de hífen. Um exemplo: B01F70AF-10BF-4B1F-848C-65FF57F616FE.","nfe, erros comuns nfe, resoluções nfe, erros comuns e resoluções - nf-e, erros comuns e resoluções - nfe",https://unoerpwiki.herokuapp.com/pt-br/menu-implantacao/configuracao-plugins/configuracao-nf-e/erros-nfe/rejeicao-465
Rejeições NFE,Rejeição: 466 - Evento com Tipo de Autor incompatível.,"Rejeição

A rejeição 466 significa que a nota fiscal foi rejeitada por ter um evento com tipo de autor incompatível.

O que é uma rejeição de nota fiscal? 

Uma rejeição de nota fiscal ocorre quando a nota não atende aos critérios de validação do sistema. 

Dicas

Como resolver: 

Entrar em contato com a equipe de suporte, pois se trata de um erro do sistema do emissor da nota.","nfe, erros comuns nfe, resoluções nfe, erros comuns e resoluções - nf-e, erros comuns e resoluções - nfe",https://unoerpwiki.herokuapp.com/pt-br/menu-implantacao/configuracao-plugins/configuracao-nf-e/erros-nfe/rejeicao-466
Rejeições NFE,Rejeição: 467 - Dados da NF-e divergentes do EPEC.,"Detalhes do Erro
Quando uma NF-e em Contingência EPEC for recebida pela Sefaz Estadual com os dados divergentes do evento EPEC registrado na Sefaz Nacional haverá a rejeição 467 - Dados da NF-e divergentes do EPEC.

 

Alguns dados que podem estar divergentes:
Data e hora de Emissão (Time Zone/Fuso Horário também deve ser verificado)
IE do Emitente
Tipo de Nota Fiscal (entrada / saída)
UF do destinatário
Identificação do destinatário (CNPJ/CPF/idEstrangeiro)
IE do Destinatário
Dados de valor (Total, ICMS e ICMS-ST)

 

Exceções e Observações
Para essa Regra de Validação não há exceções.
Abaixo algumas observações importantes:
Uma NF-e emitida em Contingência EPEC precisa ser transmitida a Sefaz Estadual imediatamente após cessar os problemas técnicos no Ambiente Autorizador da Sefaz Estadual. Nesse tipo de Contingência, primeiro é enviado o Evento EPEC para a Sefaz Nacional, que compartilhará o mesmo com o Ambiente Estadual.
Conferir a divergência dos dados da NF-e com os dados do EPEC recebido anteriormente, para os campos: IE do Emitente, Data de Emissão, Tipo de Nota Fiscal (entrada / saída), UF do destinatário, identificação do destinatário (CNPJ/CPF/idEstrangeiro), IE do Destinatário, dados de valor (Total, ICMS e ICMS-ST). Opcionalmente, a SEFAZ Autorizadora poderá informar na mensagem de erro o nome da tag da NF-e com valor divergente no EPEC.

 

Dicas de Correção

Foi emitida a NF-e em EPEC e no Ambiente Nacional o evento foi registrado com campo dhEmi igual à 2018-10-22T14:47:46-03:00. Porém ao registrar na Sefaz Regional o fuso horário da NF-e foi informado com  o valor: -02:00, e o dhEmi foi informado da seguinte forma 2018-10-22T14:47:46-02:00, nessas condições a NF-e foi rejeitada pelo motivo 467.

 

Trecho do XML do evento registrado no Ambiente Nacional:

 ","nfe, erros comuns nfe, resoluções nfe, erros comuns e resoluções - nf-e, erros comuns e resoluções - nfe",https://unoerpwiki.herokuapp.com/pt-br/menu-implantacao/configuracao-plugins/configuracao-nf-e/erros-nfe/rejeicao-467
Rejeições NFE,"Rejeição: 468 - NF-e com Tipo Emissão = 4, sem EPEC correspondente. - OK","Detalhes do Erro
Quando se gera uma Contingência EPEC de NF-e, ela deve ser transmitida a Sefaz Estadual imediatamente após cessar os problemas técnicos no Ambiente Autorizador da Sefaz Estadual. Nesse tipo de Contingência, deve-se primeiro enviar o Evento EPEC para a SEFAZ Nacional, que será responsável por compartilhar esse mesmo evento com a SEFAZ Estadual.

 

No caso dessa Contingência EPEC ter sido recebida pela SEFAZ Estadual e a SEFAZ Nacional ainda não tiver feito o compartilhamento do Evento EPEC, a SFEAZ Estadual retornará a Rejeição 468 - NF-e com Tipo Emissão = 4, sem EPEC correspondente.

 

Dicas de Correção
Para resolver a Rejeição 468: NF-e com Tipo Emissão = 4, sem EPEC correspondente, segundo a SEFAZ, basta aguardar. Esta rejeição tem o objetivo de informar que o Evento EPEC ainda não foi sincronizado entre os Servidores da SEFAZ Nacional com a SEFAZ Estadual, podendo este ser uma falha na SEFAZ Nacional ao compartilhar o Evento ou então na SEFAZ Estadual que não conseguiu receber o Evento EPEC.","nfe, erros comuns nfe, resoluções nfe, erros comuns e resoluções - nf-e, erros comuns e resoluções - nfe",https://unoerpwiki.herokuapp.com/pt-br/menu-implantacao/configuracao-plugins/configuracao-nf-e/erros-nfe/rejeicao-468
Rejeições NFE,Rejeição: 471 - Informado NCM=00 indevidamente. - OK,"Rejeição

A nota retorna com a Rejeição 471 quando é informado 00 no campo NCM da classificação fiscal do item.

Exemplo: 

 

Dicas

Para resolver essa rejeição é necessário validar qual o NCM correto para preencher.

Após corrigir o NCM é necessário:

Inutilizar a nota para reabrir o pedido. 

Recarregar o item no pedido.","nfe, erros comuns nfe, resoluções nfe, erros comuns e resoluções - nf-e, erros comuns e resoluções - nfe",https://unoerpwiki.herokuapp.com/pt-br/menu-implantacao/configuracao-plugins/configuracao-nf-e/erros-nfe/rejeicao-471
Rejeições NFE,Rejeição: 476 - Código da UF diverge da UF da primeira NF-e do Lote.- OK,"Rejeição

A rejeição ""476 - Código da UF diverge da UF da primeira NF-e do Lote"" ocorre quando um lote de notas fiscais eletrônicas (NF-e) contém notas de diferentes Unidades Federativas (UF).

O que acontece? 

Essa rejeição acontece no ambiente virtual da SEFAZ. 
A SEFAZ Virtual não autoriza lotes com NF-e de diferentes UF.
Dicas

Como resolver? 

Verifique o código da UF do emitente. 

Verifique se os WebServices configurados nos parâmetros da NF-e direcionam para a Sefaz correta.
Entre em contato com o suporte.","nfe, erros comuns nfe, resoluções nfe, erros comuns e resoluções - nf-e, erros comuns e resoluções - nfe",https://unoerpwiki.herokuapp.com/pt-br/menu-implantacao/configuracao-plugins/configuracao-nf-e/erros-nfe/rejeicao-476
Rejeições NFE,Rejeição: 477 - Código do órgão diverge do órgão do primeiro evento do Lote.,"Rejeição

A rejeição 477 ""Código do órgão diverge do órgão do primeiro evento do Lote"" ocorre quando um lote de NF-e contém notas de diferentes órgãos. Isso acontece quando a emissão é feita no ambiente virtual da SEFAZ. 

Como ocorre? 

Ocorre quando um lote de NF-e enviado para processamento contém notas de diferentes órgãos. 
A rejeição ocorre nos casos em que a emissão for realizada pelo ambiente da SEFAZ Virtual.
Dicas

O que fazer? 

Para resolver a rejeição, é preciso verificar se o lote de NF-e enviado para processamento contém notas de diferentes órgãos. 

 ","nfe, erros comuns nfe, resoluções nfe, erros comuns e resoluções - nf-e, erros comuns e resoluções - nfe",https://unoerpwiki.herokuapp.com/pt-br/menu-implantacao/configuracao-plugins/configuracao-nf-e/erros-nfe/rejeicao-477
Rejeições NFE,Rejeição: 478 - Local da entrega não informado para faturamento direto de veículos novos.,"Detalhes do Erro
Se for deixado de informar o grupo de Entrega e sua respectiva UF, a rejeição iria ocorrer.

 

Dicas de Correção

Deve ser informado o campo UF (id:G09) do local de entrega (grupo entrega), quando informado operação de faturamento direto para consumidor de veículos novos, indicado no campo tpOP (id:J02) igual a 2.

Segundo o manual do contribuinte, a UF é necessária para validação da IEST nestas operações.

 

Segue exemplo de XML correto:

 ","nfe, erros comuns nfe, resoluções nfe, erros comuns e resoluções - nf-e, erros comuns e resoluções - nfe",https://unoerpwiki.herokuapp.com/pt-br/menu-implantacao/configuracao-plugins/configuracao-nf-e/erros-nfe/rejeicao-478
Rejeições NFE,Rejeição: 484 - Chave de Acesso com tipo de emissão diferente de 4 (posição 35 da Chave de Acesso).,"Detalhes do Erro

A rejeição 484 significa que o campo de tipo de emissão da nota fiscal está diferente de 4, o que é o código da contingência EPEC da SEFAZ. 

Você pode consultar a Central de Atendimento da SEFAZ para mais informações. 

Dicas de Correção

Para resolver esse erro, você pode: 

Alterar o valor do campo tpEmis no XML da nota fiscal
Corrigir qualquer informação equivocada no momento da emissão
Fazer uma nova emissão da nota fiscal

Se a nota fiscal for rejeitada, você pode: 

Verificar se há alguma duplicidade de nota fiscal
Corrigir a série da nota fiscal
Corrigir qualquer informação equivocada no momento da emissão
Fazer uma nova emissão da nota fiscal","nfe, erros comuns nfe, resoluções nfe, erros comuns e resoluções - nf-e, erros comuns e resoluções - nfe",https://unoerpwiki.herokuapp.com/pt-br/menu-implantacao/configuracao-plugins/configuracao-nf-e/erros-nfe/rejeicao-484
Rejeições NFE,"Rejeição: 485 - Duplicidade de numeração do EPEC (Modelo, CNPJ, Série e Número).","Rejeição

A rejeição 485 significa que a numeração do EPEC (Evento Prévio de Emissão em Contingência) já foi autorizada anteriormente para o mesmo CNPJ. A rejeição é apresentada pela SEFAZ.

Causa da rejeição 

O emitente está utilizando a mesma numeração, série, modelo e tpEvent já autorizada anteriormente em EPEC para este CNPJ.
Dicas

Como evitar a rejeição 

Antes de enviar um novo documento para a SEFAZ, é recomendável consultar a situação do documento.
Evitará assim de retornar a duplicidade de evento EPEC.

 

O que é o EPEC? 

O EPEC é uma alternativa de emissão de NF-e em contingência.
Com o EPEC, é possível registrar previamente um evento com o resumo do conteúdo da NF-e que se deseja emitir.
O registro prévio do evento da NF-e permite a impressão do DANFE em papel comum.

O Portal Nacional da NF-e permite consultar os EPEC pendentes. ","nfe, erros comuns nfe, resoluções nfe, erros comuns e resoluções - nf-e, erros comuns e resoluções - nfe",https://unoerpwiki.herokuapp.com/pt-br/menu-implantacao/configuracao-plugins/configuracao-nf-e/erros-nfe/rejeicao-485
Rejeições NFE,Rejeição: 489 - CNPJ informado inválido (DV ou zeros).,"Detalhes do Erro
 Indica que ao realizar um requisição a um WebService da SEFAZ, o CNPJ do contribuinte utilizado não é válido. Segundo o manual é feita uma validação no dígito de controle ou zeros.

 

Dicas de Correção
Deve-se informar um CNPJ de contribuinte válido para o WebService da SEFAZ. Verifique se o dígito verificador está correto e se existem zeros a esquerda e se o mesmo possui 14 caracteres.","nfe, erros comuns nfe, resoluções nfe, erros comuns e resoluções - nf-e, erros comuns e resoluções - nfe",https://unoerpwiki.herokuapp.com/pt-br/menu-implantacao/configuracao-plugins/configuracao-nf-e/erros-nfe/rejeicao-489
Rejeições NFE,Rejeição: 490 - CPF informado inválido (DV ou zeros).,"Detalhes do Erro
Indica que o CPF informado possui o dígito verificador que não corresponde ao cálculo dos dígitos anteriores ou está preenchido com zeros, tornando o CPF inválido. 

 

Dicas de Correção
Verifique o campo CPF do autor do evento relacionada a NF-e (CCe, Cancelamento, etc) está informado corretamente ou se está com o dígito verificador correto.","nfe, erros comuns nfe, resoluções nfe, erros comuns e resoluções - nf-e, erros comuns e resoluções - nfe",https://unoerpwiki.herokuapp.com/pt-br/menu-implantacao/configuracao-plugins/configuracao-nf-e/erros-nfe/rejeicao-490
Rejeições NFE,Rejeição: 491 - O tpEvento informado inválido.,"Detalhes do Erro
Indica que ao enviar um evento para ser vinculado ao uma NF-e, o código informado no campo tpEvento deve ser um código especifico para cada tipo de evento, caso contrário a rejeição 491 irá ocorrer.

 

Segue abaixo os códigos e seus determinados eventos:

 

Manifestação Destinatário: 210200, 210210, 210220, 210240
Cancelar NF-e por Evento: 110111
Envio de Pedido de Prorrogação: 111500, 111501
Cancelar Pedido de Prorrogação: 111502, 111503
Carta de Correção Eletrônica (CC-e): 110110
Dicas de Correção
Verifique o campo tpEvento no XML do evento ao qual ser quer vincular a determinada NF-e. O campo tpEvento deve ter o valor especifico do código do evento ao qual se quer emitir.","nfe, erros comuns nfe, resoluções nfe, erros comuns e resoluções - nf-e, erros comuns e resoluções - nfe",https://unoerpwiki.herokuapp.com/pt-br/menu-implantacao/configuracao-plugins/configuracao-nf-e/erros-nfe/rejeicao-491
Rejeições NFE,Rejeição: 492 - O verEvento informado inválido.,"Rejeição

A rejeição 492 ""O verEvento informado inválido"" ocorre quando o campo Versão do grupo de detalhe do evento da NF-e está com um valor inválido. 

O que acontece quando uma nota fiscal é rejeitada? 

A Sefaz rejeita a nota fiscal de forma imediata
A Sefaz avisa o código de erro para correção
A nota fiscal é descartada e não é armazenada no Banco de Dados
Dicas

Como resolver uma nota fiscal rejeitada?

Inutilizar a NF com erro.
Será necessário abrir uma OC para o time de suporte.
Após correção do time de suporte, será necessário realizar o processo novamente.","nfe, erros comuns nfe, resoluções nfe, erros comuns e resoluções - nf-e, erros comuns e resoluções - nfe",https://unoerpwiki.herokuapp.com/pt-br/menu-implantacao/configuracao-plugins/configuracao-nf-e/erros-nfe/rejeicao-492
Rejeições NFE,Rejeição: 493 - Evento não atende o Schema XML específico.,"Detalhes do Erro
Indica que ao emitir um evento da NF-e, carta de correção eletrônica ou cancelamento, ocorreu algum problema com algum dos campos definidos pelo Schema do evento (arquivo .xsd), esse campo pode estar faltando ou estar em um formato não esperado pela SEFAZ, logo, irá ocorrer a rejeição 493. XML da CC-e da NF-e contendo todos os campos:

 

Exemplo:

 

Da forma como está esse XML a rejeição 493 irá ocorrer, pois o campo dhEvento está fora do formato esperado pelo esquema do WebService de recepção de eventos. O campo dhEvento está com o valor 2018-11-26 quando o formato esperado é AAAA-MM-DDThh:mm:ssTZD, ou seja, 2018-11-26T16:59:02-02:00. 
Dicas de Correção
Deve ser verificado se o XML do evento da NF-e (Carta de correção ou cancelamento) está dentro do Schema especificado pela SEFAZ para o determinado evento. Provavelmente algum campo está fora do padrão esperado ou faltando.","nfe, erros comuns nfe, resoluções nfe, erros comuns e resoluções - nf-e, erros comuns e resoluções - nfe",https://unoerpwiki.herokuapp.com/pt-br/menu-implantacao/configuracao-plugins/configuracao-nf-e/erros-nfe/rejeicao-493
Rejeições NFE,Rejeição: 494 - Chave de Acesso inexistente.,"Rejeição

Quando for emitido um Evento de Cancelamento ou Carta de Correção, que exige uma NFe autorizada e a Chave de Acesso do Documento Fiscal Eletrônico informado no Evento não existir no Banco de Dados da Sefaz, será retornado a rejeição “494 – Chave de Acesso inexistente”.

Geralmente, esse problema ocorre nas seguintes situações:

NFes emitidas em Contingência;
Eventos emitidos antes da emissão da NFe correspondente a Chave de Acesso;
Falha no processamento do Evento pela Sefaz;
NFe aguardando autorização da Sefaz.
Dicas
Como resolver

Primeiro, confirme se a NFe já existe autorizada na Sefaz Estadual de Origem. Para isso, consulte a Chave de Acesso da NFe no Portal Estadual. Se a NFe já existir autorizada nesse ambiente, basta retransmitir a NF no sistema.

Caso a consulta não esteja disponível ou ainda não tenha sido autorizada a NFe, aguarde por alguns minutos e tente novamente. Se a Sefaz do seu Estado estiver indisponível ou intermitente, é necessário aguardar até que ela volte a sua disponibilidade normal. Se o documento foi emitido em Contingência SVC, espere até que a Servidor Virtual de Contingência compartilhe a NFe com a Sefaz Estadual.

Botão de retransmissão","nfe, erros comuns nfe, resoluções nfe, erros comuns e resoluções - nf-e, erros comuns e resoluções - nfe",https://unoerpwiki.herokuapp.com/pt-br/menu-implantacao/configuracao-plugins/configuracao-nf-e/erros-nfe/rejeicao-494
Rejeições NFE,Rejeição: 501 - Pedido de Cancelamento intempestivo (NF-e autorizada a mais de 7 dias).,"Rejeição

A rejeição 501 significa que o pedido de cancelamento de uma nota fiscal (NF-e) ou nota fiscal de consumidor (NFC-e) foi feito fora do prazo. 

Motivo 

O prazo para cancelamento de uma NF-e ou NFC-e é limitado a 24 horas, ou outro prazo determinado pela legislação estadual 
A rejeição ocorre quando é emitido um Evento de Cancelamento para uma NF-e ou NFC-e autorizada há mais tempo do que o prazo máximo 
Dicas

Como resolver 

Verificar se é possível solicitar o cancelamento extemporâneo à Secretaria da Fazenda (Sefaz) do seu estado 
Caso seja autorizado, é possível tentar a emissão do Evento de Cancelamento novamente 
Caso o seu estado não permita o Cancelamento Extemporâneo, pode-se emitir uma NF-e de estorno de mercadoria 

Dicas 

Para evitar rejeições, é importante monitorar os prazos de cancelamento de NF-e 
É importante implementar processos de controle e revisão para evitar erros na emissão de NF-e
Consulte o seu Consultor Tributário (Escritório de Contabilidade) para saber se a Sefaz do seu estado permite o cancelamento extemporâneo ","nfe, erros comuns nfe, resoluções nfe, erros comuns e resoluções - nf-e, erros comuns e resoluções - nfe",https://unoerpwiki.herokuapp.com/pt-br/menu-implantacao/configuracao-plugins/configuracao-nf-e/erros-nfe/rejeicao-501
Rejeições NFE,Rejeição: 502 - Erro na Chave de Acesso - Campo Id não corresponde à concatenação dos campos correspondentes.,"Rejeição
NF-e | Como resolver a Rejeição 502? Erro na Chave de Acesso - Campo Id não corresponde à concatenação dos campos correspondentes
Dicas

Para resolver a Rejeição 502: Erro na Chave de Acesso - Campo Id não corresponde à concatenação dos campos correspondentes, verifique se o campo Id está correto. É necessário que a chave seja a concatenação dos seguintes campos:

cUF (2 caracteres);
Ano e mês (4 caracteres);
CNPJ do emitente (14 caracteres);
Modelo da NF-e (2 caracteres);
Série (3 caracteres);
Número da NF-e (9 caracteres);
Tipo da Emissão;
Código número (8 caracteres);
DV (Digito Verificador).
Entre em contato com o suporte para realizar a correção.","nfe, erros comuns nfe, resoluções nfe, erros comuns e resoluções - nf-e, erros comuns e resoluções - nfe",https://unoerpwiki.herokuapp.com/pt-br/menu-implantacao/configuracao-plugins/configuracao-nf-e/erros-nfe/rejeicao-502
Rejeições NFE,Rejeição: 503 - Série utilizada fora da faixa permitida no SCAN (900-999).,"Rejeição

A rejeição 503 significa que a série da nota fiscal eletrônica (NF-e) está fora da faixa permitida no Sistema de Contingência do Ambiente Nacional (SCAN). 

O que causa a rejeição 503? 

A rejeição 503 acontece quando a série da nota fiscal está diferente da faixa permitida para o CNPJ do emitente.
A faixa de série permitida para emitentes que usam o CNPJ como identificação é 000 a 909.
Dicas

Como resolver a rejeição 503? 

Para resolver a rejeição, basta alterar a série da nota fiscal para uma série dentro da faixa permitida. 
Depois de corrigir o erro, é preciso fazer uma nova emissão da nota fiscal
Se tudo estiver correto, a NF será aprovada pela Secretaria da Fazenda. 
Entre em contato com o suporte.","nfe, erros comuns nfe, resoluções nfe, erros comuns e resoluções - nf-e, erros comuns e resoluções - nfe",https://unoerpwiki.herokuapp.com/pt-br/menu-implantacao/configuracao-plugins/configuracao-nf-e/erros-nfe/rejeicao-503
Rejeições NFE,Rejeição: 504 - Data de Entrada/Saída posterior ao permitido.,"Rejeição

A rejeição 504 ""Data de Entrada/Saída posterior ao permitido"" ocorre quando a data de entrada ou saída de uma nota fiscal é superior a 30 dias da data de emissão. Esse erro acontece quando o contribuinte excede o limite permitido pela SEFAZ. 

significa que o contribuinte está emitindo uma nota, que sua Data de Entrada/Saída é posterior a 30 dias da data de emissão informada na nota, que é o limite permitido.

Dicas

Para resolver a rejeição 504, você pode: 

Reavaliar e ajustar os dados preenchidos no campo Data de Entrada/Saída
Se a data de emissão de saída está maior que a data de emissão, cancele a nota em questão e faça novamente ou entre em contato com o suporte.","nfe, erros comuns nfe, resoluções nfe, erros comuns e resoluções - nf-e, erros comuns e resoluções - nfe",https://unoerpwiki.herokuapp.com/pt-br/menu-implantacao/configuracao-plugins/configuracao-nf-e/erros-nfe/rejeicao-504
Rejeições NFE,Rejeição: 505 - Data de Entrada/Saída anterior ao permitido.,"Rejeição

A rejeição 505 ""Data de Entrada/Saída anterior ao permitido"" ocorre quando a data de entrada ou saída informada na Nota Fiscal Eletrônica (NF-e) está fora do limite permitido pela Secretaria da Fazenda (SEFAZ). 

Quando ocorre? 

A rejeição 505 ocorre quando: 

A data de entrada ou saída informada na NF-e é anterior a 30 dias da data de emissão
O contribuinte está emitindo uma nota, que sua Data de Entrada/Saída é anterior a 30 dias da data de emissão informada na nota

Consequência 

Esse erro impede a autorização da NF-e pois a data informada está fora do intervalo aceito pelo fisco. 

Dicas

Como resolver? 

Entre em contato com a equipe de suporte.
Retransmita a NF-e
Botão de retransmissão","nfe, erros comuns nfe, resoluções nfe, erros comuns e resoluções - nf-e, erros comuns e resoluções - nfe",https://unoerpwiki.herokuapp.com/pt-br/menu-implantacao/configuracao-plugins/configuracao-nf-e/erros-nfe/rejeicao-505
Rejeições NFE,Rejeição: 506 - Data de Saída menor que a Data de Emissão.,"Rejeição

A rejeição 506 ocorre quando a data de saída ou entrada de uma nota fiscal é anterior à data de emissão. A SEFAZ rejeita a nota fiscal com essa mensagem. 

O que significa a data de saída e a data de emissão? 

A data de saída ou entrada é o momento em que a operação fiscal acontece, como a entrega de um produto ou a prestação de um serviço.
A data de emissão é o momento em que a nota é gerada.
Dicas

Como resolver a rejeição 506? 

Entre em contato com a equipe de suporte e abra uma Ocorrência.","nfe, erros comuns nfe, resoluções nfe, erros comuns e resoluções - nf-e, erros comuns e resoluções - nfe",https://unoerpwiki.herokuapp.com/pt-br/menu-implantacao/configuracao-plugins/configuracao-nf-e/erros-nfe/rejeicao-506
Rejeições NFE,Rejeição: 507 - O CNPJ do destinatário/remetente não deve ser informado em operação com o exterior.,"Rejeição

A rejeição 507 ocorre quando se informa o CNPJ do destinatário ou remetente em uma operação de exportação. Para corrigir, é necessário alterar o cadastro do parceiro de negócios e informar o ID Estrangeiro.

Dicas

Na Uno, existe um bloqueio no momento do cadastro do cliente, que se selecionado estrangeiro, não permite inserir CPF OU CNPJ, somente o Passaporte.

Cadastro cliente estrangeiro

 ","nfe, erros comuns nfe, resoluções nfe, erros comuns e resoluções - nf-e, erros comuns e resoluções - nfe",https://unoerpwiki.herokuapp.com/pt-br/menu-implantacao/configuracao-plugins/configuracao-nf-e/erros-nfe/rejeicao-507
Rejeições NFE,Rejeição: 508 - CST incompatível na operação com Não Contribuinte.,"Rejeição

Como resolver a Rejeição 508? CST incompatível na operação com Não Contribuinte

A Rejeição (508): ""CST incompatível na operação com Não Contribuinte"", indica que ao emitir uma NF-e com o campo IndIEDest=9, não contribuinte do ICMS, e o campo CST do ICMS receber um valor diferente de 00, 20, 40, 41, 60. Será retornada a rejeição 508. Segue descrição dos CST´s:

00 - Tributada Integralmente
20 - Com Redução da Base de Cálculo
40 - Isenta
41 - Não Tributada
60 - ICMS Cobrado Anteriormente por Substituição Tributária

Atenção! Essa regra possui exceções, seguem descritas abaixo.

Explicando as exceções/observações
Exceção 1: A regra de validação acima não se aplica para NF-e de entrada (tpNF=0).
Exceção 2: A regra de validação acima não se aplica para o CST=50-Suspensão, nas operações com CFOP de conserto ou reparo (CFOP 5915, 5916, 6915 e 6916 ) ou de remessa para demonstração dentro do Estado (CFOP 5912 e 5913). 
Exceção 3: A regra de validação acima não se aplica na venda de veículos novos (grupo veicProd), para a Venda direta para grandes consumidores (tpOp=3), ou para faturamento direto para consumidor final (tpOp=2). 
Exceção 4: A regra de validação não se aplica, em produção, para Nota Fiscal com data de emissão anterior a 01/07/2016.
Exceção 5: A regra de validação não se aplica para o CST=30 (Isenta ou não
tributada e com cobrança do ICMS por substituição tributária), em
operação interestadual (idDest=2) com combustíveis (tag: comb)
derivados de petróleo (código ANP diferente de: 820101001,
820101010, 810102001, 810102004, 810102002, 810102003,
810101002, 810101001, 810101003, 220101003, 220101004,
220101002, 220101001, 220101005, 220101006, 560101001).
Exceção 6: A regra de validação acima não se aplica, para os CST=50
(Suspensão) e 51 (Diferimento), nas operações de devolução
(finNFe=4).
Exceção 7: A regra de validação acima não se aplica, para o CST=51
(Diferimento), nas operações com CFOP 5.123, 5.922, 6.123 e 6.922,
nem nas operações internas (idDest=1).de retorno de Mercadoria depositada em depósito fechado ou armazém geral (CFOP 5.906 ou
5.907).
Exceção 8: A critério da UF a regra de validação não se aplica para o CST=10
(Tributada e com cobrança do ICMS por substituição tributária) em
operação interna (idDest=1).
Exceção 9: A regra de validação não se aplica para o CST=30 (Isenta ou não
tributada e com cobrança do ICMS por substituição tributária), em
operação interestadual (idDest=2) na aquisição de energia elétrica em
Ambiente de Contratação Livre (ACL) com NCM: 27160000
Dicas

Para resolver a Rejeição 508, verifique se o campo (no XML)  indIEDest recebe o valor 9, caso receba, sua nota só será autorizada se o campo CST receber os valores:  00, 20, 40, 41, 60.

Tela de vendas - Passo 2 itens

Caso esteja com duvidas, entre em contato com o suporte.","nfe, erros comuns nfe, resoluções nfe, erros comuns e resoluções - nf-e, erros comuns e resoluções - nfe",https://unoerpwiki.herokuapp.com/pt-br/menu-implantacao/configuracao-plugins/configuracao-nf-e/erros-nfe/rejeicao-508
Rejeições NFE,Rejeição: 509 - Informado código de município diferente de “9999999” para operação com o exterior.,"Rejeição

A rejeição 509 ocorre quando é emitida uma Nota Fiscal Eletrônica (NF-e) com o código do município diferente de 9999999 para uma operação com o exterior. 

Motivo 

A operação de destino está configurada como ""3 - Exterior""
A UF do destinatário é ""EX"" - Exterior
O código do município é diferente de ""9999999""
Dicas

Correção 

No caso do sistema da uno, ele barra, assim que inserimos que o cliente é estrangeiro, não mostrando o campo de código do município.

Tela de cadastro do Cliente Estrangeiro.","nfe, erros comuns nfe, resoluções nfe, erros comuns e resoluções - nf-e, erros comuns e resoluções - nfe",https://unoerpwiki.herokuapp.com/pt-br/menu-implantacao/configuracao-plugins/configuracao-nf-e/erros-nfe/rejeicao-509
Rejeições NFE,Rejeição: 510 - Operação com Exterior e Código País destinatário é 1058 (Brasil) ou não informado.,"Rejeição

A rejeição 510 ""Operação com Exterior e Código País destinatário é 1058 (Brasil) ou não informado"" ocorre quando se emite uma nota fiscal eletrônica (NF-e) de operação com exterior informando o Brasil (código 1058) como país do destinatário. 

Dicas

Para resolver a rejeição, é necessário informar o código do país do destinatário corretamente. 

Dentro do sistema da uno, quando o cliente e estrangeiro, é necessário inserir corretamente o nome do pais ao qual o CEP pertence. Segue um exemplo abaixo:

Tela de cadastro de Cliente

Acesso o link https://www.bcb.gov.br/ftp/paises.txt  para identificar o nome do país corretamente.","nfe, erros comuns nfe, resoluções nfe, erros comuns e resoluções - nf-e, erros comuns e resoluções - nfe",https://unoerpwiki.herokuapp.com/pt-br/menu-implantacao/configuracao-plugins/configuracao-nf-e/erros-nfe/rejeicao-510
Rejeições NFE,Rejeição: 511 - Não é de Operação com Exterior e Código País destinatário difere de 1058 (Brasil).,"Rejeição
NFC-e | Rejeição 511: Não é de Operação com Exterior e Código País destinatário difere de 1058 (Brasil)

Causa

Quando for emitida uma NF-e de Operação Estadual (idDest = 1) ou Operação Interestadual (idDest = 2) e o Código do País do Destinatário do documento for diferente de 1058 (Brasil), a NF-e será rejeitada pelo motivo “511 – Não é de Operação com Exterior e Código País destinatário difere de 1058 (Brasil)”.

Dicas

Resolução:

Na tela de cadastro de cliente dentro do sistema da uno, existe o cliente estrangeiro:

Tela de cadastro de cliente no Uno

Se for emitida uma NF com cliente estrangeiro, será necessário verificar nessa tela se o cliente é estrangeiro, conforme esta acima, se for será necessário realizara o cadastro do endereço do pais corretamente.

Tela de cadastro de cliente no Uno","nfe, erros comuns nfe, resoluções nfe, erros comuns e resoluções - nf-e, erros comuns e resoluções - nfe",https://unoerpwiki.herokuapp.com/pt-br/menu-implantacao/configuracao-plugins/configuracao-nf-e/erros-nfe/rejeicao-511
Rejeições NFE,Rejeição: 512 - CNPJ do Local de Retirada inválido.,"Rejeição

A rejeição 512 ocorre quando o CNPJ informado para o local de retirada de uma nota fiscal está incorreto.

A rejeição 512 pode ocorrer se o cadastro do local de retirada estiver incompleto. 

Dicas

Resolução:
Para corrigir problemas com CNPJ, você pode:

Acessar o site Cadastro Centralizado de Contribuinte (CCC).
Pesquisar pela UF e CNPJ da empresa.
Conferir as informações apresentadas.
Verificar se o CNPJ está com a Situação “Habilitado”.
Após validar, entrar no cadastro do cliente e inserir o CNPJ correto.
Caso de duvida entrar em contato com o cliente.","nfe, erros comuns nfe, resoluções nfe, erros comuns e resoluções - nf-e, erros comuns e resoluções - nfe",https://unoerpwiki.herokuapp.com/pt-br/menu-implantacao/configuracao-plugins/configuracao-nf-e/erros-nfe/rejeicao-512
Rejeições NFE,Rejeição: 513 - Código Município do Local de Retirada deve ser 9999999 para UF retirada = EX.,"Rejeição
Rejeição 513: Código Município do Local de Retirada deve ser “9999999” para UF retirada = EX (NFC-e)
Falha

Essa rejeição ocorre quando o Código Município do Local de Retirada difere de 9999999 para UF retirada = EX.

Dicas
Solução

Verificar ao realizar uma Operação com o Exterior, deve-se obrigatoriamente informar o valor 9999999 no Código do Município do Local de Retirada, caso contrário a Nota continuará sendo Rejeitada.","nfe, erros comuns nfe, resoluções nfe, erros comuns e resoluções - nf-e, erros comuns e resoluções - nfe",https://unoerpwiki.herokuapp.com/pt-br/menu-implantacao/configuracao-plugins/configuracao-nf-e/erros-nfe/rejeicao-513
Rejeições NFE,Rejeição: 514 - CNPJ do Local de Entrega inválido.,"Rejeição

A rejeição 514 ""CNPJ do Local de Entrega inválido"" ocorre quando o CNPJ informado no local de entrega da nota fiscal está incorreto. 

Dicas

Para corrigir, você pode:

Verificar se o CNPJ informado tem 14 caracteres numéricos
Conferir se o posicionamento dos números está correto
Checar se o dígito verificador está correto
Ajustar os dados do CNPJ
Recarregar o cliente no pedido e refazer o processo
Tela de cadastro de cliente","nfe, erros comuns nfe, resoluções nfe, erros comuns e resoluções - nf-e, erros comuns e resoluções - nfe",https://unoerpwiki.herokuapp.com/pt-br/menu-implantacao/configuracao-plugins/configuracao-nf-e/erros-nfe/rejeicao-514
Rejeições NFE,Rejeição: 515 - Código Município do Local de Entrega deve ser 9999999 para UF entrega = EX.,"Rejeição

A rejeição 515 ocorre quando é emitida uma nota fiscal eletrônica (NF-e) com operação para o exterior e o código do município de entrega é diferente de 9999999.

Dicas

O que fazer? 

Para resolver a rejeição, é necessário verificar o código do município de entrega e corrigi-lo.

Tela de cadastro do cliente","nfe, erros comuns nfe, resoluções nfe, erros comuns e resoluções - nf-e, erros comuns e resoluções - nfe",https://unoerpwiki.herokuapp.com/pt-br/menu-implantacao/configuracao-plugins/configuracao-nf-e/erros-nfe/rejeicao-515
Rejeições NFE,Rejeição: 516 - Falha no schema XML – inexiste a tag raiz esperada para a mensagem.,"Rejeição

A rejeição 516 ""Falha no schema XML – inexiste a tag raiz esperada para a mensagem"" ocorre quando um arquivo XML não possui o cabeçalho, ou seja, a tag raiz. 

A rejeição 516 pode ocorrer quando:

O arquivo XML não contém a tag raiz
Falta alguma TAG obrigatória no XML
Alguma informação está incorreta
Existem caracteres especiais, quebras de linhas
A Versão do XML diferente do esperado pelo Web Service
Dicas

Para resolver esse erro, você pode: 

Verificar se o XML está na versão mais recente exigida pela SEFAZ
Entre em contato com a equipe de suporte.","nfe, erros comuns nfe, resoluções nfe, erros comuns e resoluções - nf-e, erros comuns e resoluções - nfe",https://unoerpwiki.herokuapp.com/pt-br/menu-implantacao/configuracao-plugins/configuracao-nf-e/erros-nfe/rejeicao-516
Rejeições NFE,Rejeição: 517 - Falha no schema XML – inexiste atributo versão na tag raiz da mensagem.,"Rejeição

A rejeição 517 ""Falha no schema XML – inexistente atributo versão na tag raiz da mensagem"" ocorre quando não é informada a tag <versaoDados> no grupo cabeçalho da raiz da mensagem XML. 

Dicas

Para corrigir essa rejeição, pode:

Entre em contato com o suporte
Verificar se o XML está na versão mais recente exigida pela SEFAZ
Utilizar uma ferramenta de validação XML","nfe, erros comuns nfe, resoluções nfe, erros comuns e resoluções - nf-e, erros comuns e resoluções - nfe",https://unoerpwiki.herokuapp.com/pt-br/menu-implantacao/configuracao-plugins/configuracao-nf-e/erros-nfe/rejeicao-517
Rejeições NFE,Rejeição: 520 - CFOP de Operação com Exterior e UF destinatário difere de EX.,"Rejeição

A rejeição 520 ocorre quando uma nota fiscal eletrônica (NF-e) é emitida com um CFOP que indica operação com o exterior, mas a UF do destinatário é diferente de ""EX"". 

Motivo 

A NF-e foi emitida com um CFOP que começa por 3 ou 7, o que caracteriza uma operação com o exterior
A UF do destinatário é diferente de ""EX""
Dicas

Correção 

Se a nota fiscal é uma operação internacional, é necessário alterar o estado UF do destinatário
Se a nota fiscal é uma operação nacional, é necessário configurar o CFOP para que seja uma Operação Nacional
Entre em contato com o suporte para duvidas","nfe, erros comuns nfe, resoluções nfe, erros comuns e resoluções - nf-e, erros comuns e resoluções - nfe",https://unoerpwiki.herokuapp.com/pt-br/menu-implantacao/configuracao-plugins/configuracao-nf-e/erros-nfe/rejeicao-520
Rejeições NFE,Rejeição: 521 - CFOP de Operação Estadual e UF do emitente difere da UF do destinatário para destinatário contribuinte do ICMS.,"Rejeição

A rejeição 521 ocorre quando a UF do emitente é diferente da UF do destinatário, mas a nota fiscal foi emitida com um CFOP que inicia com 5.

Dicas

Como resolver a rejeição 521? 

Confirmar o CFOP com um contador 
Alterar o CFOP dentro da NOP para um código que corresponda a uma operação fora do estado 
Inutilizar a NF 
Recarregar a NOP no pedido e realizar o processo novamente","nfe, erros comuns nfe, resoluções nfe, erros comuns e resoluções - nf-e, erros comuns e resoluções - nfe",https://unoerpwiki.herokuapp.com/pt-br/menu-implantacao/configuracao-plugins/configuracao-nf-e/erros-nfe/rejeicao-521
Rejeições NFE,Rejeição: 522 - CFOP de Operação Estadual e UF emitente difere da UF remetente para remetente contribuinte do ICMS.,"Rejeição

A rejeição 522 ocorre quando o CFOP de uma operação estadual tem uma UF emitente diferente da UF remetente, e o remetente é contribuinte do ICMS. 

Causa 

O CFOP de operação no estado (inicia com 1) e a UF emitente são diferentes da UF remetente
O remetente é contribuinte do ICMS e tem IE
Dicas

Como resolver 

Verifique se o CFOP dentro da NOP foi preenchido corretamente, pois ele determina se a operação é estadual ou interestadual
Inutilize a NF
Recarregue NOP dentro do pedido 
Fature novamente e valide","nfe, erros comuns nfe, resoluções nfe, erros comuns e resoluções - nf-e, erros comuns e resoluções - nfe",https://unoerpwiki.herokuapp.com/pt-br/menu-implantacao/configuracao-plugins/configuracao-nf-e/erros-nfe/rejeicao-522
Rejeições NFE,Rejeição: 523 - CFOP não é de Operação Estadual e UF emitente igual a UF destinatário.,"Rejeição

A rejeição 523 ""CFOP não é de Operação Estadual e UF emitente igual a UF destinatário"" ocorre quando a SEFAZ valida a nota fiscal e identifica que o CFOP não corresponde à operação.

O que acontece? 

A rejeição 523 é apresentada quando o CFOP da nota fiscal indica uma operação interestadual, mas o emitente e o destinatário estão na mesma UF.
Para que o CFOP possa ser utilizado, a UF do emitente deve ser diferente da UF do destinatário.
Dicas

Como resolver? 

Verifique o CFOP utilizado na operação.
Verifique a UF do emitente e a UF do destinatário.
Caso o CFOP inicie por 2 ou 6, a UF do emitente deve ser diferente da do destinatário.
Mude para um NOP onde a CFOP seja para o mesmo estado
Inutilize a NF
Recarregue a NOP com a CFOP correta
Efetue o faturamento novamente para validação","nfe, erros comuns nfe, resoluções nfe, erros comuns e resoluções - nf-e, erros comuns e resoluções - nfe",https://unoerpwiki.herokuapp.com/pt-br/menu-implantacao/configuracao-plugins/configuracao-nf-e/erros-nfe/rejeicao-523
Rejeições NFE,Rejeição: 524 - CFOP de Operação com Exterior e não informado NCM.,"Rejeição

A rejeição 524 ""CFOP de Operação com Exterior e não informado NCM"" pode ocorrer quando é emitida uma nota com CFOP de exterior sem informar o NCM. 

Causa 

A nota foi emitida com um CFOP que não é 5.932 ou 6.932, sendo que o CFOP de operações com exterior começa com 3 ou 7 
O NCM não foi informado, sendo que a operação é de comércio exterior 
Dicas

Solução 

Verifique o CFOP dentro da NOP do pedido informado e confirme se é um dos exigidos pela Sefaz (5.932 ou 6.932) 
Verifique o tipo do CT-e 
Verifique a UF onde se inicia o transporte
Inutiliza a NF 
Refaça o processo com o CFOP e NCM corretos ","nfe, erros comuns nfe, resoluções nfe, erros comuns e resoluções - nf-e, erros comuns e resoluções - nfe",https://unoerpwiki.herokuapp.com/pt-br/menu-implantacao/configuracao-plugins/configuracao-nf-e/erros-nfe/rejeicao-524
Rejeições NFE,Rejeição: 525 - CFOP de Importação e não informado dados da DI.,"Rejeição

A Rejeição (525):""CFOP de Importação e não informado dados da DI"", indica que ao emitir uma NF-e de entrada de importação é obrigatório informar o Grupo de Declaração de Importação (Grupo DI) quando o CFOP iniciar com 3. Caso contrário a rejeição 525 irá ocorrer.

Dicas
Como Resolver

Necessário informar na NOP importação

Tela de Configuração de NOP


E também devemos informar a declaração de Importação (DI)

Tela de Processo de importação

 ","nfe, erros comuns nfe, resoluções nfe, erros comuns e resoluções - nf-e, erros comuns e resoluções - nfe",https://unoerpwiki.herokuapp.com/pt-br/menu-implantacao/configuracao-plugins/configuracao-nf-e/erros-nfe/rejeicao-525
Rejeições NFE,Rejeição: 527 - Operação de Exportação com informação de ICMS incompatível.,"Rejeição
Rejeição 527: Operação de Exportação com informação de ICMS incompatível - Como resolver
Dicas

Quando for emitida uma NFe que indica uma Operação de Exportação, ou seja, com o CFOP iniciado pelo dígito 7 (sete) e for informado CST de ICMS (campo: ICMS / ICMS40 / CST – ID: N12) diferente de “41 – Não tributada” ou CSOSN (campo: ICMS / ICMSSN102 / CSOSN – ID: N12a).

Será necessário validar com a área responsável na empresa, na parte de tributos, qual seria a CFOP e ICMS compatível com a operação.","nfe, erros comuns nfe, resoluções nfe, erros comuns e resoluções - nf-e, erros comuns e resoluções - nfe",https://unoerpwiki.herokuapp.com/pt-br/menu-implantacao/configuracao-plugins/configuracao-nf-e/erros-nfe/rejeicao-527
Rejeições NFE,Rejeição: 528 - Valor do ICMS difere do produto BC e Alíquota.,"Rejeição
Rejeição: 528 - Valor do ICMS difere do produto BC e Alíquota
Causa

Essa rejeição indica que, o 'valor de ICMS' informado nos produtos não está de acordo com o valor de ICMS Total informado nos totais da nota fiscal (na seção de 'Cálculo de imposto', abaixo da listagem dos produtos).

Por exemplo, se um produto está registrado com 50 reais de ICMS e outro produto com 20 reais, o total informado deverá ser 70 reais.

Dicas
Como resolver

Verifique se os valores estão corretos (inclusive os centavos) junto a contabilidade da sua empresa.

 ","nfe, erros comuns nfe, resoluções nfe, erros comuns e resoluções - nf-e, erros comuns e resoluções - nfe",https://unoerpwiki.herokuapp.com/pt-br/menu-implantacao/configuracao-plugins/configuracao-nf-e/erros-nfe/rejeicao-528
Rejeições NFE,Rejeição: 529 - NCM de informação obrigatória para produto tributado pelo IPI.,"Rejeição

A Rejeição 529 acontece quando a NF-e é submetida com produtos tributados pelo IPI, porém sem a informação da NCM, a qual é obrigatória nessas situações. O NCM é um código de oito dígitos utilizado para identificar a natureza de um produto e é crucial para o cálculo preciso dos impostos, incluindo o IPI.

Dicas

Como resolver

Entre no cadastro do item e identifique a classificação fiscal do mesmo.

Tela de cadastro do produto

Após isso insira a NCM correta para o item em questão na tela de classificação do item em questão.

Tela de Classificação Fiscal","nfe, erros comuns nfe, resoluções nfe, erros comuns e resoluções - nf-e, erros comuns e resoluções - nfe",https://unoerpwiki.herokuapp.com/pt-br/menu-implantacao/configuracao-plugins/configuracao-nf-e/erros-nfe/rejeicao-529
Rejeições NFE,Rejeição: 530 - Operação com tributação de ISSQN sem informar a Inscrição Municipal.,"Rejeição

Rejeição 530 - Operação com tributação de ISSQN sem informar a Inscrição Municipal. A Rejeição irá ocorrer quando Emitida uma Nota Fiscal Eletrônica, Modelo NF-e 55, com Item classificado como Serviço e não foi informado no cadastro da Empresa o Número da Inscrição Municipal no Município.

A tributação de ISSQN (Imposto sobre serviços de qualquer natureza) exige a Inscrição Estadual, Municipal e CNAE da empresa.

Dicas
Como resolver

Localize o campo 'Inscrição Municipal', deve ser preenchido com a mesma informação da 'Inscrição Estadual'.

Tela de cadastro de empresa

Após isso, será necessário recarregar a empresa no pedido e refazer o processo de faturamento.

 ","nfe, erros comuns nfe, resoluções nfe, erros comuns e resoluções - nf-e, erros comuns e resoluções - nfe",https://unoerpwiki.herokuapp.com/pt-br/menu-implantacao/configuracao-plugins/configuracao-nf-e/erros-nfe/rejeicao-530
Rejeições NFE,Rejeição: 531 - Total da BC ICMS difere do somatório dos itens.,"Rejeição
Rejeição: 531 - Total da BC ICMS difere do somatório dos itens
Causa
Motivo
No UNO ERP, está informado na NOP do pedido, que é para tributar ICMS e no pedido, consta informação sobre o CST “00” ou outro tributável e a alíquota igual a “0,00%”.
Exceções
Não há.
Exemplo
Não há.
Como Resolver no UNO ERP
No UNO ERP:
Tela “CDW0018 - Cadastro de NOP”, validar se a NOP do pedido consta a informação do campo “Tributação ICMS” selecionada. Se caso estiver, desmarque;
Tela “VDW0001 - Pedido”, validar se no passo 2, o campo “CST” consta ""41"" ou outro CST não tributável e o valor da alíquota igual a ""0,00"". Se caso não, ajustar.
CSOSN 102 também é uma das não tributáveis. 
Realizar cancelamento da NFe e realizar um novo faturamento para validar as alterações de base de cálculo de ICMS.
 
Referência
Não há.
Dicas
Não há.","nfe, erros comuns nfe, resoluções nfe, erros comuns e resoluções - nf-e, erros comuns e resoluções - nfe",https://unoerpwiki.herokuapp.com/pt-br/menu-implantacao/configuracao-plugins/configuracao-nf-e/erros-nfe/rejeicao-531
Rejeições NFE,Rejeição: 532 - Total do ICMS difere do somatório dos itens.,"Rejeição
NF-e | Rejeição 532: Total do ICMS difere do somatório dos itens
Dicas

No cadastro da NOP utilizada no pedido, a opção de tributar ICMS não está marcada

Tela de cadastro de NOP

Nesse caso, cancela a nota emitida, marque a opção na NOP, e a recarregue no pedido! 
Feito isso, realize o faturamento novamente!","nfe, erros comuns nfe, resoluções nfe, erros comuns e resoluções - nf-e, erros comuns e resoluções - nfe",https://unoerpwiki.herokuapp.com/pt-br/menu-implantacao/configuracao-plugins/configuracao-nf-e/erros-nfe/rejeicao-532
Rejeições NFE,Rejeição: 533 - Total da BC ICMS-ST difere do somatório dos itens.,"Rejeição
NF-e | Rejeição 533: Total da BC ICMS-ST difere do somatório dos itens

Essa rejeição ocorre ao emitir uma nota fiscal com o Total da Base de Cálculo do ICMS ST da NF-e diferente da Soma do Valor da Base de Cálculo do ICMS ST de cada item.

Dicas

Se o pedido vai gerar ICMS ST precisa verificar qual CSOSN deve ser utilizada no pedido que gere esse valor.

Vai ser necessário inutilizar a nota fiscal, corrigir a CSOSN e faturar o pedido novamente.","nfe, erros comuns nfe, resoluções nfe, erros comuns e resoluções - nf-e, erros comuns e resoluções - nfe",https://unoerpwiki.herokuapp.com/pt-br/menu-implantacao/configuracao-plugins/configuracao-nf-e/erros-nfe/rejeicao-533
Rejeições NFE,Rejeição: 534 - Total do ICMS-ST difere do somatório dos itens.,"Detalhes do erro

Essa é uma rejeição mais comum em notas complementares, porém, também pode aparecer em emissões de notas fiscais eletrônicas comuns.

Validação da SEFAZ: 
Se o emissor informar um valor no campo vBCST (valor da base de ST) e a soma dos campos vBCST de todos os itens não resultar em um valor igual, a nota será rejeitada. (caso de uma nota de venda normal)
Outra validação feita seria em notas complementares, que para complementar um valor de ICMS ST, precisa ter a base e o valor do ST na aba de complementos no cadastro da NOP:
CDW0018 - Cadastro de NOP - CDD0004 - Itens de Complemento 

 

(KCS de nota complementar: Nota complementar)

Dicas de correção

Para resolver a Rejeição 533, informe o valor Total da Base de Cálculo do Substituto Tributário da NF-e com o valor do somatório do valor da base de cálculo do Substituto Tributário dos itens.

Precisa validar com a contabilidade os campos de calculo ST no cadastro de regras e qual a CST usada nos itens do pedido em questão:
Calculo do ICMS ST

Exemplo, se não tiver nenhuma informação de calculo de ST, mas o item estiver com a CST 10 (Tributada e com cobrança do ICMS por substituição tributária) vai dar erro.

Então precisa validar com a contabilidade a regra usada no pedido e também se a CST usada esta correta.

 

Agora, se for uma nota complementar, vai precisar seguir o KCS e validar os campos de complemento na NOP.

 

 ","nfe, erros comuns nfe, resoluções nfe, erros comuns e resoluções - nf-e, erros comuns e resoluções - nfe",https://unoerpwiki.herokuapp.com/pt-br/menu-implantacao/configuracao-plugins/configuracao-nf-e/erros-nfe/rejeicao-534
Rejeições NFE,Rejeição: 535 - Total do Frete difere do somatório dos itens.,"Rejeição
NF-e | Rejeição 535: Total do Frete difere do somatório dos itens

A Rejeição (535):""Total do Frete difere do somatório dos itens"", indica que ao emitir uma NF-e o valor total do frete informado está diferente do valor do frete informado nos itens somados. Dessa forma a nota será rejeitada.

Na prática, o que isso significa?

O somatório dos valores do frete de cada item deve ser exatamente igual ao valor informado no campo vFrete nos totais da NF-e.

Dicas

Como resolver

Entre em contato com suporte para validação interna. 

 ","nfe, erros comuns nfe, resoluções nfe, erros comuns e resoluções - nf-e, erros comuns e resoluções - nfe",https://unoerpwiki.herokuapp.com/pt-br/menu-implantacao/configuracao-plugins/configuracao-nf-e/erros-nfe/rejeicao-535
Rejeições NFE,Rejeição: 536 - Total do Seguro difere do somatório dos itens .,"Rejeição

A rejeição 536 ""Total do Seguro difere do somatório dos itens"" ocorre quando o valor do seguro total de uma nota fiscal é diferente da soma dos valores do seguro de cada item. 

Dicas

Para corrigir essa rejeição, é preciso: 

Verificar e refazer o somatório do valor do seguro de cada item
Corrigir o valor do seguro informado nos totais da nota fiscal","nfe, erros comuns nfe, resoluções nfe, erros comuns e resoluções - nf-e, erros comuns e resoluções - nfe",https://unoerpwiki.herokuapp.com/pt-br/menu-implantacao/configuracao-plugins/configuracao-nf-e/erros-nfe/rejeicao-536
Rejeições NFE,Rejeição: 537 - Total do Desconto difere do somatório dos itens.,"Rejeição
Rejeição 537: Total do Desconto difere do somatório dos itens

Foi emitida uma NFe com dois itens informados, cada um com desconto de R$ 19,99 e R$ 14,99 respectivamente. No Total do Desconto foi informado o valor de R$35,00. Sendo o valor correto dessa soma R$ 34,98, a NFe/NFCe será rejeitada pelo motivo 537.

Dicas

Verifique e refaça o somatório do Valor do Desconto de cada item e corrigir o Valor do Desconto informado nos Totais da NFe.

Há uma tolerância para mais ou para menos de R$ 0,01 de diferença do valor calculado sem aproximações.","nfe, erros comuns nfe, resoluções nfe, erros comuns e resoluções - nf-e, erros comuns e resoluções - nfe",https://unoerpwiki.herokuapp.com/pt-br/menu-implantacao/configuracao-plugins/configuracao-nf-e/erros-nfe/rejeicao-537
Rejeições NFE,Rejeição: 538 - Total do IPI difere do somatório dos itens.,"Rejeição
Rejeição 538: Total do IPI difere do somatório dos itens

Na prática, o que isso significa?

Foi emitida uma NFe com dois itens informados, cada um com o IPI calculado em R$ 144,67 e foi informado no Total do IPI o valor de R$ 290,00. Sendo o valor correto dessa soma R$ 289,34, a NFe será rejeitada pelo motivo 538.

Dicas

Como resolver

Verifique e refaça o somatório do Valor do IPI de cada item e corrija o Valor do IPI informado nos Totais da NFe.","nfe, erros comuns nfe, resoluções nfe, erros comuns e resoluções - nf-e, erros comuns e resoluções - nfe",https://unoerpwiki.herokuapp.com/pt-br/menu-implantacao/configuracao-plugins/configuracao-nf-e/erros-nfe/rejeicao-538
Rejeições NFE,Rejeição: 539 - Duplicidade de NF-e com diferença na Chave de Acesso [chNFe: 99999999999999999999999999999999999999999999][nRec:999999999999999].,"Rejeição

Quando for emitida uma NFe e na Sefaz existir outra NFe, já autorizada, com o mesmo CNPJ Emitente, Modelo, Série e Número, mas com Data de Emissão, Tipo de Emissão ou Código Numérico ou outras posições da Chave de Acesso diferentes, será retornado a rejeição “Duplicidade de NFe, com diferença na Chave de Acesso”.

EXEMPLOS

1 – Ao realizar o envio de uma NFe com tipo Normal de emissão, foi identificado uma instabilidade na comunicação com a Sefaz e o retorno indicando que a NFe foi recebida ou está em processamento não é devolvido ao contribuinte, apesar de a Sefaz ter recebido a NFe e autorizado-a. Nessa situação, o usuário ativa a contingência e reenvia a NFe que é recebida pela Sefaz com uma Chave de Acesso diferente. Quando a Sefaz restabelece seus serviços e recebe a NFe com a chave de acesso diferente (tpEmis diferente) ela retorna a rejeição 539.

Dicas

Como Resolver

Já tem uma nota emitida com essa numeração na prefeitura.

Sendo assim, precisa emitir a nota novamente com a próxima numeração valida.
 

 ","nfe, erros comuns nfe, resoluções nfe, erros comuns e resoluções - nf-e, erros comuns e resoluções - nfe",https://unoerpwiki.herokuapp.com/pt-br/menu-implantacao/configuracao-plugins/configuracao-nf-e/erros-nfe/rejeicao-539
Rejeições NFE,Rejeição: 540 - CPF do Local de Retirada inválido.,"Rejeição
540 - Rejeição: CPF do Local de Retirada inválido

CAUSA: Ao tentar emitir uma NF-e informando um CPF inválido para o local de retirada, é retornado ao emissor essa rejeição. Esse campo pode ser informado vazio ou então contendo 11 caracteres, caso contrário irá ocasionar a rejeição.

Exemplo:
A pessoa possui o seguinte CPF: 001.123.456-78. Durante a emissão de uma nota pode ocorrer do sistema emissor remover o zero à esquerda, e neste caso a SEFAZ irá rejeitar o lote NF-e. É possível também que o emissor inverta algum número, por exemplo, envie 010.123.456-78 em vez de 001.123.456-78. Nesse caso o lote NF-e enviado também será rejeitado.

Dicas

SOLUÇÃO: Deve-se verificar no cadastro na Receita Federal se o CPF está correto, caso não, altere no cadastro do cliente dentro do UNO. inutilize a nota errada, recarregue o cliente no pedido e refaça o processo novamente para validar.

 ","nfe, erros comuns nfe, resoluções nfe, erros comuns e resoluções - nf-e, erros comuns e resoluções - nfe",https://unoerpwiki.herokuapp.com/pt-br/menu-implantacao/configuracao-plugins/configuracao-nf-e/erros-nfe/rejeicao-540
Rejeições NFE,Rejeição: 542 - CNPJ do Transportador inválido.,"Detalhes do erro

A rejeição ocorre quando é informado um transportador na NF-e sem ter a informação do CNPJ ou quando o CNPJ estiver informado incorretamente.

Dicas de correção

Para realizar a correção, precisa validar o CNPJ no cadastro da transportadora:

Corrigindo o conteúdo informado no campo CNPJ do grupo Transporta, seguindo os seguintes critérios:

14 dígitos numéricos (0-9), preservando zeros a esquerda;
Não conter separadores, espaços ou caractéres não numéricos;
Dígito verificador do CNPJ válido.

Após corrigir a informação precisa excluir a transportadora do pedido e colocar novamente para realizar o novo faturamento.","nfe, erros comuns nfe, resoluções nfe, erros comuns e resoluções - nf-e, erros comuns e resoluções - nfe",https://unoerpwiki.herokuapp.com/pt-br/menu-implantacao/configuracao-plugins/configuracao-nf-e/erros-nfe/rejeicao-542
Rejeições NFE,Rejeição: 543 - CPF do Transportador inválido.,"Detalhes do erro

Ao realizar a emissão de uma NF-e (mod. 55) ou um NFC-e (mod. 65), usando um CPF de Transportador inválido, o órgão autorizador retorna a rejeição ""543 - CPF do transportador inválido"".

O erro está relacionado ao preenchimento da tag CPF sem considerar os seguintes critérios:

11 dígitos numéricos (0-9), preservando zeros a esquerda;
Não conter separadores, espaços ou caracteres não numéricos;
Dígito verificador do CPF válido;
Dicas de correção

Para realizar a correção, precisa validar no cadastro da transportadora se o campo do CPF esta preenchido corretamente:

 ","nfe, erros comuns nfe, resoluções nfe, erros comuns e resoluções - nf-e, erros comuns e resoluções - nfe",https://unoerpwiki.herokuapp.com/pt-br/menu-implantacao/configuracao-plugins/configuracao-nf-e/erros-nfe/rejeicao-543
Rejeições NFE,Rejeição: 544 - IE do Transportador inválida.,"Detalhes do erro

Esta rejeição ocorre pois a inscrição estadual do transportador informado na nota, pode estar incorreta.

Essa informação fica no cadastro da transportadora.

Dicas de correção

Para corrigir, precisa alterar o IE no cadastro da transportadora e emitir a nota novamente.","nfe, erros comuns nfe, resoluções nfe, erros comuns e resoluções - nf-e, erros comuns e resoluções - nfe",https://unoerpwiki.herokuapp.com/pt-br/menu-implantacao/configuracao-plugins/configuracao-nf-e/erros-nfe/rejeicao-544
Rejeições NFE,Rejeição: 545 - Falha no schema XML – versão informada na versaoDados do SOAPHeader diverge da versão da mensagem.,"Rejeição

A Rejeição (545):""Falha no schema XML – versão informada na versaoDados do SOAPHeader diverge da versão da mensagem"", indica que ao enviar uma NF-e para SEFAZ, existe um problema no Header do envelope SOAP, que é o valor do campo versaoDados que está diferente do atributo versao da tag nfeProc indicada no Body da mensagem ou vice-versa.

Na prática, o que isso significa?

Ao efetuarmos uma comunicação com a SEFAZ devemos seguir obrigatoriamente o padrão de comunicação exigida, caso contrário, iremos receber uma mensagem de rejeição.

Dicas
Como Resolver

Para resolver a Rejeição 545, deve ser informado no Header do envelope SOAP o mesmo valor para o campo versaoDados (dentro do elemento nfeCabecMSg) que está informado no atributo versao da NF-e informada no Body (corpo da mensagem) da mensagem. A NF-e é informada dentro do elemento nfeDadosMsg.
Entre em contato com o suporte da uno através do extranet.","nfe, erros comuns nfe, resoluções nfe, erros comuns e resoluções - nf-e, erros comuns e resoluções - nfe",https://unoerpwiki.herokuapp.com/pt-br/menu-implantacao/configuracao-plugins/configuracao-nf-e/erros-nfe/rejeicao-545
Rejeições NFE,Rejeição: 546 - Erro na Chave de Acesso – Campo Id – falta a literal NFe.,"Rejeição

A rejeição 546, ""Erro na Chave de Acesso – Campo Id – falta a literal NFe"", ocorre quando a chave de acesso da NF-e (Nota Fiscal Eletrônica) não está formatada corretamente, faltando a literal ""NFe"" no atributo Id da tag <infNFe>. Isso significa que a chave de acesso não começa com a identificação ""NFe"" seguida do número da chave

Dicas

Como corrigir: 

1. Verificar a chave de acesso:

Acesse o XML da NF-e rejeitada e procure pelo atributo Id dentro da tag <infNFe>. Este atributo deve conter a chave de acesso formatada como ""NFe[Chave de Acesso]"", entre em contato com o suporte uno através do extranet.

2. Reemitir a NF-e:

Após a correção, reemita a NF-e com a chave de acesso formatada corretamente. 

 ","nfe, erros comuns nfe, resoluções nfe, erros comuns e resoluções - nf-e, erros comuns e resoluções - nfe",https://unoerpwiki.herokuapp.com/pt-br/menu-implantacao/configuracao-plugins/configuracao-nf-e/erros-nfe/rejeicao-546
Rejeições NFE,Rejeição: 547 - Dígito Verificador da Chave de Acesso da NF-e Referenciada inválido.,"Rejeição

A rejeição 547 ocorre quando o dígito verificador da chave de acesso de uma NF-e referenciada em outra NF-e está incorreto. Este dígito é crucial para validar a autenticidade e integridade da chave de acesso, e quando está errado, a NF-e com a referência é rejeitada

Dicas

Para resolver:

1. Verifique a chave de acesso da NF-e referenciada:

Certifique-se de que a chave de acesso informada está correta, sem espaços ou caracteres especiais, e com os 44 dígitos necessários.

 

2. Consulte a NF-e original:

Se a chave estiver correta e a NF-e original estiver disponível no portal da Sefaz, o problema pode ser na própria NF-e de referência. Se a chave estiver incorreta, é necessário encontrar a chave correta da NF-e original e corrigi-la na NF-e com a referência.

 

3. Entre em contato com o suporte através do extranet.

 ","nfe, erros comuns nfe, resoluções nfe, erros comuns e resoluções - nf-e, erros comuns e resoluções - nfe",https://unoerpwiki.herokuapp.com/pt-br/menu-implantacao/configuracao-plugins/configuracao-nf-e/erros-nfe/rejeicao-547
Rejeições NFE,Rejeição: 548 - CNPJ da NF referenciada inválido.,"Rejeição

Rejeição

548 - CNPJ da NF Referenciada inválido.

Causa

No processo de emissão de Notas Fiscais Eletrônicas existem casos em que é necessário o uso da NF-e Referenciada. Notas referenciadas, são notas emitidas anteriormente, que serão vinculadas a uma nova nota.

Quando a nota referenciada é uma NF-e (mod. 55), basta referenciar a chave completa do documento. Para notas fiscais modelo 1 ou 1A, é necessário informar seus dados (UF, ano e mês de emissão, CNPJ do emitente, modelo do documento fiscal (1), série e número).

A rejeição “548 – CNPJ da NF Referenciada inválido” pelo órgão autorizador ocorre quando o CNPJ da NF referenciada está nulo (vazio), com zeros, possui erro no cálculo do dígito verificador ou é inexistente.

Dicas

Como Resolver

Corrigindo ou incluindo conteúdo informado na tag CNPJ do grupo NFref, com um CNPJ válido. Certifique-se que a informação está correta através do Portal de Consulta da Receita Federal

Após a validação do CNPJ, corrija dentro do cadastro do cliente, invalide e nota fiscal errada e refaça o processo de faturamento novamente recarregando o cliente no pedido novamente após a alteração. 

Duvidas, entre em contato com o suporte através do EXTRANET.","nfe, erros comuns nfe, resoluções nfe, erros comuns e resoluções - nf-e, erros comuns e resoluções - nfe",https://unoerpwiki.herokuapp.com/pt-br/menu-implantacao/configuracao-plugins/configuracao-nf-e/erros-nfe/rejeicao-548
Rejeições NFE,Rejeição: 549 - CNPJ da NF referenciada de produtor inválido. - OK,"Rejeição

A Rejeição (549):""CNPJ da NF referenciada de produtor inválido"", indica que ao emitir uma NF-e com NF referenciada de produtor rural, o CNPJ informado está inválido e nesse caso a rejeição 549 irá ocorrer.

Isso significa que não foi informado o CNPJ do emitente corretamente. Este erro é comum em softwares que não realizam a validação do CNPJ no cadastro da empresa, consequentemente aceitando um valor inválido.

Dicas

Para resolver a Rejeição 549, deve ser informado um CNPJ que seja válido para a NF referenciada de produtor. Verificar se o CNPJ possui 14 caracteres numéricos, posicionamento errado de alguns números ou do dígito verificador.","nfe, erros comuns nfe, resoluções nfe, erros comuns e resoluções - nf-e, erros comuns e resoluções - nfe",https://unoerpwiki.herokuapp.com/pt-br/menu-implantacao/configuracao-plugins/configuracao-nf-e/erros-nfe/rejeicao-549
Rejeições NFE,Rejeição: 550 - CPF da NF referenciada de produtor inválido.,"Rejeição

550 - CPF da NF referenciada de produtor inválido.

Causa

No processo de emissão de Notas Fiscais Eletrônicas existem casos em que é necessário o uso de NF Referenciadas, que são documentos emitidos anteriormente, de forma a vinculá-las na nova operação.

Para Nota Fiscal de Produtor Rural modelo 4, é necessário informar seus dados de identificação (UF do emitente, ano e mês de emissão, CNPJ do emitente, CPF do emitente, IE do emitente, modelo do documento fiscal, série e número).

O órgão autorizador apresenta a rejeição: “550 – CPF da NF Referenciada de Produtor inválido” quando o CPF da NF referenciada está vazio, com zeros ou é inexistente.

Dicas

Como Resolver

Corrigindo o conteúdo informado do campo CPF no grupo refNFP, com um CPF válido. Certifique-se que a informação está correta através do  Portal de Consulta da Receita Federal.

Após a alteração dentro do cadastro do cliente, é necessário inutilizar a Nf errada, recarregar o cliente dentro do pedido e refazer o processo de faturamento novamente.

Duvida, entre em contato com o suporte através do EXTRANET.","nfe, erros comuns nfe, resoluções nfe, erros comuns e resoluções - nf-e, erros comuns e resoluções - nfe",https://unoerpwiki.herokuapp.com/pt-br/menu-implantacao/configuracao-plugins/configuracao-nf-e/erros-nfe/rejeicao-550
Rejeições NFE,Rejeição: 551 - IE da NF referenciada de produtor inválido. OK,"Rejeição

A Rejeição (551):""IE da NF referenciada de produtor inválido"", indica que ao emitir uma NF-e com NF referenciada de produtor rural, a inscrição estadual informada está inválida e nesse caso a rejeição 551 irá ocorrer.

 

Dicas

Para resolver a Rejeição 551, deve ser informada uma inscrição estadual, campo IE, que seja válida para a NF referenciada de produtor. Verifique o número de caracteres ficando entre 2 a 14, posicionamento dos dígitos (zeros a esquerda omitidos por exemplo) e o dígito verificador.","nfe, erros comuns nfe, resoluções nfe, erros comuns e resoluções - nf-e, erros comuns e resoluções - nfe",https://unoerpwiki.herokuapp.com/pt-br/menu-implantacao/configuracao-plugins/configuracao-nf-e/erros-nfe/rejeicao-551
Rejeições NFE,Rejeição: 552 - Dígito Verificador da Chave de Acesso do CT-e Referenciado inválido.,"Rejeição

Rejeição

552 - Dígito Verificador da Chave de Acesso do CT-e referenciado inválido 

Causa

Ao realizar a emissão de uma NF-e (modelo 55), fazendo referência a um ou mais CT-e (modelo 57), com o dígito verificador da chave de acesso inválido, o órgão autorizador retorna a Rejeição “552 – Dígito Verificador da Chave de Acesso do CT-e referenciado inválido”.

Dicas

Como Resolver

Valide as chaves de acesso do(s) CT-e referenciado(s) junto a SEFAZ. Para consultar uma chave de acesso de CT-e acesse o link: Portal do Conhecimento de Transporte Eletrônico

Entre em contato com o suporte através do EXTRANET.","nfe, erros comuns nfe, resoluções nfe, erros comuns e resoluções - nf-e, erros comuns e resoluções - nfe",https://unoerpwiki.herokuapp.com/pt-br/menu-implantacao/configuracao-plugins/configuracao-nf-e/erros-nfe/rejeicao-552
Rejeições NFE,Rejeição: 554 - Série difere da faixa 0-899.,"Detalhes do erro

Essa rejeição pode aparecer se no cadastros das séries, ela for informada com uma faixa de numeração diferente de 0-899.

Mas ela também também pode aparecer se a IE (Inscrição Estadual) no cadastro do cliente estiver como ISENTO indevidamente.

 

Dicas de correção

Para corrigir, primeiro valide a série que esta sendo faturada o pedido, se estiver OK, valide o cadastro do cliente o campo de inscrição estadual, se também estiver tudo OK, pode entrar em contato com o Suporte para validarmos o erro.","nfe, erros comuns nfe, resoluções nfe, erros comuns e resoluções - nf-e, erros comuns e resoluções - nfe",https://unoerpwiki.herokuapp.com/pt-br/menu-implantacao/configuracao-plugins/configuracao-nf-e/erros-nfe/rejeicao-554
Rejeições NFE,Rejeição: 555 - Tipo autorizador do protocolo diverge do Órgão Autorizador.,"Rejeição

Essa rejeição aparece quando a consulta do protocolo de uma NF-e é feita para um WebService diferente do WebService em que a NF-e foi enviada para autorização.

Dicas de correção

Exemplo: ao realizar a consulta de uma NF-e para o estado de RS, porém sua autorização foi realizada no estado de SP a SEFAZ irá retornar à rejeição 555. A consulta de informações dos documentos eletrônicos só pode ser realizada para o mesmo estado em que foi transmitida a nota.
No caso de contingência ocorre a mesma rejeição, onde a consulta do documento deve ser realizada sempre no mesmo Web Service em que foi realizada a transmissão do mesmo.

Se estiver com essa rejeição mesmo consultando corretamente pelo Web Service, entre em contato com o Suporte.

 

 ","nfe, erros comuns nfe, resoluções nfe, erros comuns e resoluções - nf-e, erros comuns e resoluções - nfe",https://unoerpwiki.herokuapp.com/pt-br/menu-implantacao/configuracao-plugins/configuracao-nf-e/erros-nfe/rejeicao-555
Rejeições NFE,Rejeição: 556 - Justificativa de entrada em contingência não deve ser informada para tipo de emissão normal. OK,"Rejeição

A Rejeição (556):""Justificativa de entrada em contingência não deve ser informada para tipo de emissão normal"", indica que ao emitir uma NF-e em modo normal, foi informado a justificativa de entrada em contingência. 

Dicas

Quando há necessidade de entrada em contingência é necessário preencher o campo “Justificativa Entrada Contingência”, porém ao sair do modo de emissão em contingência esse campo não pode continuar preenchido.

Dentro do sistema UNO, esse campo fica no cadastro de série.

Vendas → Cadastro de Série:

 ","nfe, erros comuns nfe, resoluções nfe, erros comuns e resoluções - nf-e, erros comuns e resoluções - nfe",https://unoerpwiki.herokuapp.com/pt-br/menu-implantacao/configuracao-plugins/configuracao-nf-e/erros-nfe/rejeicao-556
Rejeições NFE,Rejeição: 557 - A Justificativa de entrada em contingência deve ser informada. OK,"Rejeição

Essa rejeição acontece pois ao efetuar a emissão de uma Nota Fiscal Eletrônica em situação de contingência, caso não seja especificada a justificativa e/ou a data de entrada na contingência o órgão autorizador emitirá a Rejeição “557 – Necessária a informação da justificativa de entrada em contingência”.

 

Dicas

Para corrigir essa questão preenche a a justificativa de entrada em contingência, essa informação precisa ser preenchida na tela: CDW0010 - Cadastro de Séries :

 

 ","nfe, erros comuns nfe, resoluções nfe, erros comuns e resoluções - nf-e, erros comuns e resoluções - nfe",https://unoerpwiki.herokuapp.com/pt-br/menu-implantacao/configuracao-plugins/configuracao-nf-e/erros-nfe/rejeicao-557
Rejeições NFE,Rejeição: 558 - Data de entrada em contingência posterior a data de recebimento. OK,"Rejeição

Essa rejeição indica que ao emitir uma NF-e em contingência, a data informada no campo “Data/Hora Entrada em Contingência” está maior do que a data dos servidores da SEFAZ. 

Dicas

Para resolver a Rejeição 558, deve-se ajustar o campo da data de entrada em contingência. Caso a NF-e em contingência for enviada sem o campo da data preenchida isso também ira causar a rejeição.

No sistema UNO, esse campo fica na tela: CDW0010 - Cadastro de Séries 

Explicando as exceções/observações
Observação 1: Não considerar a Hora no caso da NF-e com versão inferior a versão 3.0.
Observação 2: Aceita uma tolerância de até 5 minutos, devido ao sincronismo de horário do servidor da Empresa e o servidor da SEFAZ.","nfe, erros comuns nfe, resoluções nfe, erros comuns e resoluções - nf-e, erros comuns e resoluções - nfe",https://unoerpwiki.herokuapp.com/pt-br/menu-implantacao/configuracao-plugins/configuracao-nf-e/erros-nfe/rejeicao-558
Rejeições NFE,Rejeição: 559 - UF do Transportador não informada.,"Detalhes do erro

O erro 559 ocorre quando a UF da transportadora não é informada na nota ou quando a nota não possui transportadora informada.

Dicas de correção

Para resolver este problema, basta verificar se a aba de endereço da transportadora está preenchida corretamente. Caso a NF-e não possua nenhuma transportadora, basta adicionar uma transportadora na nota.

Após a correção, reenvie a nota.","nfe, erros comuns nfe, resoluções nfe, erros comuns e resoluções - nf-e, erros comuns e resoluções - nfe",https://unoerpwiki.herokuapp.com/pt-br/menu-implantacao/configuracao-plugins/configuracao-nf-e/erros-nfe/rejeicao-559
Rejeições NFE,Rejeição: 560 - CNPJ base do emitente difere do CNPJ base da primeira NF-e do lote recebido.,"Detalhes do erro

Essa rejeição ocorre quando um lote de NF-e enviado para processamento, contém Notas de diferentes CNPJ/CPF emitente.

A SEFAZ autoriza somente os lotes que contêm arquivos de um único emitente, validado a partir da primeira NF-e do lote. Para corrigir, deve-se enviar, no mesmo lote, somente NF-e de um único emitente.

Dicas de correção

Nesse caso, basta validar as notas, corrigir e retransmitir as mesmas.

Qualquer dúvida, só entrar em contato com o suporte.

 ","nfe, erros comuns nfe, resoluções nfe, erros comuns e resoluções - nf-e, erros comuns e resoluções - nfe",https://unoerpwiki.herokuapp.com/pt-br/menu-implantacao/configuracao-plugins/configuracao-nf-e/erros-nfe/rejeicao-560
Rejeições NFE,Rejeição: 569 - Data de entrada em contingência muito atrasada. - OK,"Rejeição

A regra de validação da SEFAZ, diz o seguinte:

Data de entrada em contingência deve ser menor ou igual à data de emissão – 30 dias

Esta regra de validação é facultativa, isto é, a aplicação fica a critério da UF

 

Dicas

Para resolver a Rejeição 569, informe uma data de entrada em contingência com prazo máximo de 1 mês, isto é, data de emissão subtraído 30 dias. ","nfe, erros comuns nfe, resoluções nfe, erros comuns e resoluções - nf-e, erros comuns e resoluções - nfe",https://unoerpwiki.herokuapp.com/pt-br/menu-implantacao/configuracao-plugins/configuracao-nf-e/erros-nfe/rejeicao-569
Rejeições NFE,Rejeição: 571 - O tpEmis informado diferente de 3 para contingência SCAN. OK,"Rejeição

A rejeição ""571 - O tpEmis informado diferente de 3 para contingência SCAN” ocorre ao emitir uma NF-e para o ambiente de contingência SCAN com o campo <tpEmis> com valor diferente de 3.

 

Dicas

No sistema, o cadastro do tipo de emissão em contingência é feito no cadastro de série:

Necessário preencher o tipo de emissão corretamente. ","nfe, erros comuns nfe, resoluções nfe, erros comuns e resoluções - nf-e, erros comuns e resoluções - nfe",https://unoerpwiki.herokuapp.com/pt-br/menu-implantacao/configuracao-plugins/configuracao-nf-e/erros-nfe/rejeicao-571
Rejeições NFE,Rejeição: 573 - Duplicidade de Evento. OK,"Rejeição

Essa rejeição ocorre, pois a SEFAZ realiza a seguinte validação: 

Acesso BD de Eventos:
- Verificar duplicidade do evento (tpEvento + chNFe + nSeqEvento)

Dicas

Existem situações onde essa rejeição pode acontecer, segue abaixo:

Ao emitir um evento de cancelamento para determinada NF-e que já foi cancelada.
Ao emitir uma carta de correção (CCe) para determinada NF-e que já possui um evento de carta de correção vinculado e com o mesmo número sequencial ao qual está sendo enviado novamente.
Ao emitir um evento de confirmação do destinatário para determinada NF-e que já possui o mesmo vinculado a ela.

Esta regra de validação é obrigatória em todas as UFs e é valida para NF-e. 

 ","nfe, erros comuns nfe, resoluções nfe, erros comuns e resoluções - nf-e, erros comuns e resoluções - nfe",https://unoerpwiki.herokuapp.com/pt-br/menu-implantacao/configuracao-plugins/configuracao-nf-e/erros-nfe/rejeicao-573
Rejeições NFE,Rejeição: 578 - A data do evento não pode ser maior que a data do processamento. OK,"Rejeição

Essa rejeição acontece pois o emitir um evento para vínculo em uma NF-e, é essencial verificar a data e hora do WebService da UF para a qual o evento está sendo enviado. A diferença entre a data de emissão do evento e a data do processamento não pode ser superior a 5 minutos.

 

Dicas

Para resolver essa rejeição é necessário ajustar a data e o horário no servidor, para isso, acessar seguinte link: https://unoerpwiki.herokuapp.com/pt-br/Data-e-Hora 

 ","nfe, erros comuns nfe, resoluções nfe, erros comuns e resoluções - nf-e, erros comuns e resoluções - nfe",https://unoerpwiki.herokuapp.com/pt-br/menu-implantacao/configuracao-plugins/configuracao-nf-e/erros-nfe/rejeicao-578
Rejeições NFE,Rejeição: 590 - Informado CST para emissor do Simples Nacional (CRT=1). - OK,"Rejeição
Motivo: Não é carregado a alíquota no pedido e enviado para validação SEFAZ.
Solução: No UNO ERP, acesse os parâmetros iniciais via caminho “Cadastro Inicial → Cadastros Iniciais → Parâmetros Iniciais → Módulo ”Vendas"", parâmetro “Indica se empresa é optante do Simples Nacional ”. Neste parâmetro, será necessário colocar como “sim"".

Este erro também pode ocorrer de forma ao contraria, a empresa pode não ser simples nacional e no parâmetros estar como sim, oque gera o mesmo erro.

Dicas
Exemplo de retorno erro no histórico de emissão: “Rejeição: Informado CST para emissor do Simples Nacional (CRT=1 ou 4) [nItem:1]”;
Para realizar o teste se deu certo, necessário cancelar o faturamento atual e realizar o novo faturamento do pedido, recarregando os dados dentro do pedido novamente.

 ","nfe, erros comuns nfe, resoluções nfe, erros comuns e resoluções - nf-e, erros comuns e resoluções - nfe",https://unoerpwiki.herokuapp.com/pt-br/menu-implantacao/configuracao-plugins/configuracao-nf-e/erros-nfe/rejeicao-590
Rejeições NFE,Rejeição: 594 - O número de sequencia do evento informado é maior que o permitido. OK,"Rejeição

Essa rejeição indica que ao emitir uma carta de correção eletrônica (CCe) para determinada NF-e, o número máximo de correções foi excedido (20 correções). 

Dicas

Para resolver a Rejeição 594, é necessário verificar o valor do campo nSeqEvento no XML da Carta de Correção. Essa rejeição ocorre quando esse valor é superior a 20, o que indica que a nota fiscal já possui o número máximo permitido de eventos registrados. A SEFAZ estabelece um limite de até 20 eventos, incluindo Cartas de Correção e Cancelamentos, por NF-e. Portanto, se esse limite for ultrapassado, novos eventos não serão aceitos.


Exemplo da estrutura no XML:","nfe, erros comuns nfe, resoluções nfe, erros comuns e resoluções - nf-e, erros comuns e resoluções - nfe",https://unoerpwiki.herokuapp.com/pt-br/menu-implantacao/configuracao-plugins/configuracao-nf-e/erros-nfe/rejeicao-594
Rejeições NFE,Rejeição: 595 - Obrigatória a informação da justificativa do evento. OK,"Rejeição

Essa rejeição acontece  quando é utilizada a manifestação “Operação não realizada” e não informa uma justificativa.

 

Dicas

Para resolver essa questão é necessário informar uma justificativa quando for manifestar operação não realizada.

Dentro do UNO, essa opção fica na tela: EQW0106 - Painel de importação NF-e :

 

 

 ","nfe, erros comuns nfe, resoluções nfe, erros comuns e resoluções - nf-e, erros comuns e resoluções - nfe",https://unoerpwiki.herokuapp.com/pt-br/menu-implantacao/configuracao-plugins/configuracao-nf-e/erros-nfe/rejeicao-595
Rejeições NFE,Rejeição: 596 - Evento apresentado fora do prazo: [prazo vigente] - OK,"Rejeição

Essa rejeição acontece quando o destinatário realiza uma manifestação na nota fora do prazo limite definido pela SEFAZ. 

Dicas

O destinatário precisa se manifestar dentro de um prazo limite, que começa a contar a partir da data de autorização da nota fiscal (NF-e). Então, sempre que o destinatário tentar enviar um evento de manifestação fora desse prazo, o sistema vai rejeitar. O tempo máximo permitido varia de acordo com o tipo de evento, e esses prazos estão definidos em uma tabela:

Após passarem 10 dias a partir da data de autorização do documento, e caso você ainda não tenha tomado conhecimento da operação, não será mais possível enviar esse evento. Nesse caso, será preciso fazer a manifestação final do documento, escolhendo uma das opções: Confirmar a Operação, Desconhecer a Operação ou informar que a Operação Não Foi Realizada.


Após passarem 180 dias não é mais possível fazer a manifestação final do documento.

Link útil: https://www.google.com/url?sa=t&source=web&rct=j&opi=89978449&url=https://www.nfe.fazenda.gov.br/portal/exibirArquivo.aspx%3Fconteudo%3DG2gXyQBCCZQ%3D","nfe, erros comuns nfe, resoluções nfe, erros comuns e resoluções - nf-e, erros comuns e resoluções - nfe",https://unoerpwiki.herokuapp.com/pt-br/menu-implantacao/configuracao-plugins/configuracao-nf-e/erros-nfe/rejeicao-596
Rejeições NFE,Rejeição: 597 - CFOP de Importação e não informado dados de IPI. OK,"Rejeição

Essa rejeição ocorre quando é emitida uma NF-e com CFOP iniciado por 3, indicando uma operação de entrada do exterior, sem o preenchimento do grupo do Imposto sobre Produtos Industrializados (IPI).

 

Dicas

É necessário validar se todas as informações relacionadas ao IPI foram corretamente preenchidas, tanto na NOP quanto na Classificação Fiscal.

 

Na NOP:

Se a operação utiliza uma CST de IPI tributável, é necessário marcar a opção de tributação de IPI.

Se estiver sendo utilizada uma CST diferenciada de IPI, é necessário preencher também o código de enquadramento.

 

Na Classificação Fiscal:

Verifique se o código de enquadramento do IPI está corretamente informado.

Após realizar as validações e as correções inutilizar a nota e recarregar a NOP no pedido para que as informações sejam atualizadas.

 

 

 ","nfe, erros comuns nfe, resoluções nfe, erros comuns e resoluções - nf-e, erros comuns e resoluções - nfe",https://unoerpwiki.herokuapp.com/pt-br/menu-implantacao/configuracao-plugins/configuracao-nf-e/erros-nfe/rejeicao-597
Rejeições NFE,Rejeição: 600 - CSOSN incompatível na operação com Não Contribuinte - OK,"Rejeição

Essa rejeição ocorre pois a CSOSN atribuída aos itens não é compatível na operação com Não Contribuinte.

Dicas

Para corrigir essa questão é necessário: 

Inutilizar a nota para reabrir o pedido

Validar com a contabilidade qual a CSOSN correta para a operação e corrigir no pedido ou na Regra de ICMS. 

 

EXCEÇÕES: 

 A regra de validação acima não se aplica para NF-e de entrada. 
A regra de validação acima não se aplica nas operações com CFOP de conserto ou reparo (CFOP 5915, 5916, 6915 e 6916) ou de remessa para demonstração dentro do Estado (CFOP 5912 e 5913).
A regra de validação não se aplica, em produção, para Nota Fiscal com data de emissão anterior a 01/07/2016. (NT 2015.003)
A critério da UF, a regra de validação acima não se aplica para o MEI (CRT=4) nas operações de Remessa com os CFOP 5904 e 6904 e CSOSN=900.
 ","nfe, erros comuns nfe, resoluções nfe, erros comuns e resoluções - nf-e, erros comuns e resoluções - nfe",https://unoerpwiki.herokuapp.com/pt-br/menu-implantacao/configuracao-plugins/configuracao-nf-e/erros-nfe/rejeicao-600
Rejeições NFE,Rejeição: 612 - cEANTrib inválido. - OK," 

Rejeição

Essa rejeição ocorre devido devido a SEFAZ validar que o Cod EAN de algum dos itens vinculados ao pedido está preenchido de forma incorreta. 

Dicas

Para resolver essa rejeição é necessário:

Validar o Cod EAN preenchido nos produtos.

Inutilizar a nota para reabrir o pedido.

Recarregar o item no pedido e faturar novamente. 

 

INFORMATIVO: ","nfe, erros comuns nfe, resoluções nfe, erros comuns e resoluções - nf-e, erros comuns e resoluções - nfe",https://unoerpwiki.herokuapp.com/pt-br/menu-implantacao/configuracao-plugins/configuracao-nf-e/erros-nfe/rejeicao-612
Rejeições NFE,Rejeição: 625 - Inscrição SUFRAMA deve ser informada na venda com isenção para ZFM. - OK,"Rejeição

Essa rejeição ocorre quando a nota é emitida para a Zona Franca de Manaus e não foi vinculado ao cliente um Cód Suframa. 

Dicas

Dentro do sistema UNO a NOP está marcada como “Zona Franca”

Desta forma é necessário cadastrar o Cód Suframa no passo 03 do cadastro do cliente:

Após realizar essa correção:

Inutilize a nota para reabrir o pedido.

Recarregue o cliente no pedido que o sistema acate as alterações. ","nfe, erros comuns nfe, resoluções nfe, erros comuns e resoluções - nf-e, erros comuns e resoluções - nfe",https://unoerpwiki.herokuapp.com/pt-br/menu-implantacao/configuracao-plugins/configuracao-nf-e/erros-nfe/rejeicao-625
Rejeições NFE,Rejeição: 626 - CFOP de operação isenta para ZFM diferente do previsto. OK,"Rejeição

A regra de validação da Sefaz, diz o seguinte:
Se informado a desoneração Suframa  deve ser informado um CFOP compatível com a operação. 

Dicas

Quando ocorrer essa rejeição inutilize a nota para reabrir o pedido.

Ajuste a CFOP na NOP. 

Recarregue a NOP no pedido para faturar novamente.

 ","nfe, erros comuns nfe, resoluções nfe, erros comuns e resoluções - nf-e, erros comuns e resoluções - nfe",https://unoerpwiki.herokuapp.com/pt-br/menu-implantacao/configuracao-plugins/configuracao-nf-e/erros-nfe/rejeicao-626
Rejeições NFE,Rejeição: 628 - Total da NF superior ao valor limite estabelecido pela SEFAZ [Limite] - OK,"Rejeição

Essa rejeição ocorre pois cada estado define o valor máximo total para um documento fiscal. Quando ultrapassado esse valor, a rejeição 628 será exibida.

 

Dicas

Valide qual o valor máximo definido no estado e ajuste o pedido para que a nota seja autorizada. ","nfe, erros comuns nfe, resoluções nfe, erros comuns e resoluções - nf-e, erros comuns e resoluções - nfe",https://unoerpwiki.herokuapp.com/pt-br/menu-implantacao/configuracao-plugins/configuracao-nf-e/erros-nfe/rejeicao-628
Rejeições NFE,Rejeição: 631 - CNPJ-Base do Destinatário difere do CNPJ-Base do Certificado Digital - OK,"Rejeição

Essa rejeição ocorre pois a SEFAZ realiza uma validação para verificar se o CNPJ-Base do Emitente difere do CNPJ-Base do Certificado Digital. 

 

Dicas

Para resolver a Rejeição 213 CNPJ-Base do Emitente difere do CNPJ-Base do Certificado Digital, é necessário verificar se o CNPJ do emitente informado é o mesmo CNPJ-base do certificado digital.

 

 

 ","nfe, erros comuns nfe, resoluções nfe, erros comuns e resoluções - nf-e, erros comuns e resoluções - nfe",https://unoerpwiki.herokuapp.com/pt-br/menu-implantacao/configuracao-plugins/configuracao-nf-e/erros-nfe/rejeicao-631
Rejeições NFE,"Rejeição: 632 - Solicitação fora de prazo, a NF-e não está mais disponível para download. OK","Rejeição

Essa rejeição ocorre quando a NF-e esta indisponível para download devido a ausência de Manifestação do Destinatário.

 

Dicas

Quando não for efetuado o processo de Realizar Manifestação de Notas Fiscais Eletrônicas a NF-e não estará disponível para download, somente após um Evento de ""Ciência da Operação"" ou ""Confirmação de Operação"".

De acordo com a NT2012/002 a SEFAZ permite o download completo das NF-e dentro do prazo de 30 diasda autorização de uso e que tenha sido realizado a Confirmação da Operação ou Ciência da Operação.

 ","nfe, erros comuns nfe, resoluções nfe, erros comuns e resoluções - nf-e, erros comuns e resoluções - nfe",https://unoerpwiki.herokuapp.com/pt-br/menu-implantacao/configuracao-plugins/configuracao-nf-e/erros-nfe/rejeicao-632
Rejeições NFE,Rejeição: 633 - NF-e indisponível para download devido a ausência de Manifestação do Destinatário. OK,"Rejeição

Essa rejeição ocorre quando a NF-e esta indisponível para download devido a ausência de Manifestação do Destinatário.

 

Dicas

Quando não for efetuado o processo de Realizar Manifestação de Notas Fiscais Eletrônicas a NF-e não estará disponível para download, somente após um Evento de ""Ciência da Operação"" ou ""Confirmação de Operação"".

Para resolver esta rejeição deverá manifestar a NF-e de acordo com a necessidade dentro do prazo de 180 dias a contar após a data de autorização da NF-e.

 ","nfe, erros comuns nfe, resoluções nfe, erros comuns e resoluções - nf-e, erros comuns e resoluções - nfe",https://unoerpwiki.herokuapp.com/pt-br/menu-implantacao/configuracao-plugins/configuracao-nf-e/erros-nfe/rejeicao-633
Rejeições NFE,Rejeição: 635 - NF-e com mesmo número e série já transmitida e aguardando processamento. OK,"Rejeição

Essa rejeição é muito comum em momentos de oscilações dos servidores da SEFAZ, que, consequentemente, levam um tempo maior do que o de costume para autorizar a nota, que fica aguardando processamento, o que leva ao usuário realizar um reenvio da nota, sem antes consultar a situação da nota anterior.

Dicas

Para evitar essa rejeição o ideal é realizar a consulta da notas antes de solicitar o reenvio de uma nota com mesma numeração e série.

 

 ","nfe, erros comuns nfe, resoluções nfe, erros comuns e resoluções - nf-e, erros comuns e resoluções - nfe",https://unoerpwiki.herokuapp.com/pt-br/menu-implantacao/configuracao-plugins/configuracao-nf-e/erros-nfe/rejeicao-635
Rejeições NFE,"Rejeição: 650 - Evento de ""Ciência da Emissão"" para NF-e Cancelada ou Denegada. OK","Rejeição

Ao emitir uma Manifestação do Destinatário e tentar enviar o evento “Ciência da Emissão” para uma nota que já está Cancelada ou Denegada na Sefaz, será retornado a rejeição 650.

 

Dicas

Para corrigir essa rejeição, verifique se a nota foi cancelada antes de manifestar, se tiver sido cancelada esta nota não receberá nenhum evento do processo de destinadas caso esteja com este status.

 ","nfe, erros comuns nfe, resoluções nfe, erros comuns e resoluções - nf-e, erros comuns e resoluções - nfe",https://unoerpwiki.herokuapp.com/pt-br/menu-implantacao/configuracao-plugins/configuracao-nf-e/erros-nfe/rejeicao-650
Rejeições NFE,"Rejeição: 651 - Evento de ""Desconhecimento da Operação"" para NF-e Cancelada ou Denegada. OK","Rejeição

Ao emitir um Manifesto do Destinatário e tentar enviar o evento ""Desconhecimento da Operação"" para uma nota que já está Cancelada ou Denegada na Sefaz, será retornado a rejeição 651.

 

Dicas

Para corrigir essa rejeição, verifique se a nota foi cancelada antes de manifestar, pois se tiver sido cancelada esta nota não receberá nenhum evento do processo de destinadas caso esteja com este status.

 ","nfe, erros comuns nfe, resoluções nfe, erros comuns e resoluções - nf-e, erros comuns e resoluções - nfe",https://unoerpwiki.herokuapp.com/pt-br/menu-implantacao/configuracao-plugins/configuracao-nf-e/erros-nfe/rejeicao-651
Rejeições NFE,"Rejeição: 653 - NF-e Cancelada, arquivo indisponível para download. OK","Rejeição

Quando uma NF-e de recebimento é cancelada pelo emitente, e é efetuado uma tentativa de download do XML da nota, o documento irá registrar em seus eventos a rejeição 653 - Rejeição: NF-e Cancelada, arquivo indisponível para download.

 

Dicas

Não existe uma ação que podemos realizar neste caso, por conta do bloqueio pela validação da Receita.

 ","nfe, erros comuns nfe, resoluções nfe, erros comuns e resoluções - nf-e, erros comuns e resoluções - nfe",https://unoerpwiki.herokuapp.com/pt-br/menu-implantacao/configuracao-plugins/configuracao-nf-e/erros-nfe/rejeicao-653
Rejeições NFE,"Rejeição: 654 - NF-e Denegada, arquivo indisponível para download. OK","Rejeição

Essa rejeição indica que a nota fiscal foi denegada pela SEFAZ e não pode ser utilizada para fins fiscais. Quando uma NF-e é denegada, significa que a SEFAZ identificou alguma irregularidade no CNPJ do emissor ou do destinatário, tornando a operação inválida.

Principais causas da rejeição 654:

Irregularidade cadastral do destinatário ou emissor:

O CNPJ pode estar suspenso, inapto, baixado ou irregular na Receita Federal ou na SEFAZ estadual.

 

Dicas

Para solucionar esse problema, é necessário identificar e corrigir a causa da denegação:

Verifique a situação cadastral do CNPJ da empresa. 
Caso o problema esteja no destinatário, entre em contato com ele e peça para que regularize sua situação fiscal junto à SEFAZ ou Receita Federal.
 Não tente reutilizar a NF-e denegada, uma vez denegada, a NF-e não pode ser corrigida, cancelada ou reutilizada.A única solução é emitir uma nova NF-e com um número diferente após a regularização da situação do destinatário.

 

 ","nfe, erros comuns nfe, resoluções nfe, erros comuns e resoluções - nf-e, erros comuns e resoluções - nfe",https://unoerpwiki.herokuapp.com/pt-br/menu-implantacao/configuracao-plugins/configuracao-nf-e/erros-nfe/rejeicao-654
Rejeições NFE,Rejeição: 655 - Evento de Ciência da Emissão informado após a manifestação final do destinatário. OK,"Rejeição

A rejeição ""655 - Evento de Ciência da Emissão informado após a manifestação final do destinatário"" ocorre quando a NF-e para qual se está emitindo evento de Manifestação do Destinatário de ""Ciência de Operação"" já está vinculada a outros eventos de manifestação, como Confirmação da Operação, Operação não Realizada ou Desconhecimento

 

Dicas

Quando uma empresa (destinatário) recebe uma nota fiscal eletrônica (NF-e) emitida em seu nome, ela pode registrar um evento chamado ""Ciência da Emissão"". Isso significa que ela viu a nota e reconhece que ela foi emitida, mas ainda não tem certeza se a operação realmente aconteceu ou se está correta. 

Depois disso, a empresa deve registrar uma Manifestação Final, escolhendo uma das opções:

Confirmação da Operação (quando reconhece que a nota está certa),

Operação não Realizada (quando a operação não aconteceu),

Desconhecimento da Operação (quando a empresa nem sabe do que se trata).

Se a empresa já escolheu uma dessas três opções (ou seja, já deu uma resposta final), não faz sentido registrar a “Ciência da Emissão”, porque ela já analisou e concluiu o caso.

 ","nfe, erros comuns nfe, resoluções nfe, erros comuns e resoluções - nf-e, erros comuns e resoluções - nfe",https://unoerpwiki.herokuapp.com/pt-br/menu-implantacao/configuracao-plugins/configuracao-nf-e/erros-nfe/rejeicao-655
Rejeições NFE,Rejeição: 660 - CFOP de Combustível e não informado grupo de combustível da NF-e. OK,"Rejeição

Quando for emitida NF-e que possua CFOP de combustível é obrigatório informar o grupo de combustível.

Dicas

 No sistema, deve ser preenchido os campos vinculados a ANP e ajustar os tributos de acordo com as orientações da área fiscal.

 

Link útil: https://atendimento.tecnospeed.com.br/hc/pt-br/articles/360010796194-NF-e-Como-resolver-a-Rejei%C3%A7%C3%A3o-660-CFOP-de-Combust%C3%ADvel-e-n%C3%A3o-informado-grupo-de-combust%C3%ADvel-da-NF-e","nfe, erros comuns nfe, resoluções nfe, erros comuns e resoluções - nf-e, erros comuns e resoluções - nfe",https://unoerpwiki.herokuapp.com/pt-br/menu-implantacao/configuracao-plugins/configuracao-nf-e/erros-nfe/rejeicao-660
Rejeições NFE,Rejeição: 678 - NF referenciada com UF diferente da NF-e complementar. OK,"Rejeição

A rejeição ""678: NF referenciada com UF diferente da NF-e complementar"" indica que em uma NF-e complementar  foi referenciado um documento fiscal de outra UF. Uma NF-e complementar deve sempre referenciar um documento fiscal emitido/ autorizado de sua mesma UF. 

Dicas

É necessário inutilizar a nota e corrigir a NF-e complementar, retirando a referência a documentos fiscais de UF diferente da sua. Após a correção, o documento deve ser reenviado para a SEFAZ.

Validação SEFAZ:

 

Se NF-e complementar (tag:finNFe=2):
UF da NF-e referenciada diferente da UF do emitente (NF-e, NFC-e, NF modelo 1) (NT 2013/003)	678	Rej.	Rejeição: NF referenciada com UF diferente da NF-e complementar","nfe, erros comuns nfe, resoluções nfe, erros comuns e resoluções - nf-e, erros comuns e resoluções - nfe",https://unoerpwiki.herokuapp.com/pt-br/menu-implantacao/configuracao-plugins/configuracao-nf-e/erros-nfe/rejeicao-678
