Categoria,Titulo,Conteudo,Palavras Chave,URL
Cadastros Gerais 📜,Processo para importar e exportar certificado digital,"Processo para importar e exportar certificado digital
Tela: CDW0002 - Empresas
No cadastro de empresa foi habilitado o campo “Importação Certificado”
Para importar o arquivo o mesmo deve conter o tamanho de 10k, caso não esteja necessário realizar a importação e exportação das propriedades estendidas.
1º Passo Importação: No navegador IE – Internet Explorer clicar em Ferramentas > opções da internet > aba: conteúdo > no botão: certificados
Na próxima, no botão: Importar.
Na próxima, no botão: Avançar.
Na próxima, no botão: Procurar.
Na próxima: No Listbox selecionar “Todos os arquivos”.
Selecionar o arquivo e clicar no abrir.
Na próxima, no botão: Avançar.
Na próxima: Digitar a senha, marcar o Checkbox: marcar esta chave como exportável e incluir
todas as propriedades estendidas. Avançar.
Na próxima, no botão: Avançar.
Na próxima, no botão: Concluir.
Finalizado o processo de Importação.
2º Passo: Exportação.
Na tela, selecionar o certificado importado e clicar em Exportar.
Na próxima, no botão: Avançar.
Na próxima, marcar: Sim, exportar a chave privada e avançar.
Na próxima, marcar: as opções abaixo e avançar.
- Incluir todos os certificados no caminho de certificação, se possível
- Excluir a chave privada se a exportação tiver êxito.
- Exportar todas as propriedades estendidas.
Na próxima: Colocar a senha e avançar.
Na próxima: Clicar no procurar, selecionar o local onde será salvo o arquivo, nomear e clicar em salvar.
Na próxima: Avançar.
Na próxima: Concluir.
Finalizado o processo de Exportação.
Encerrar as páginas abertas, e conferir se o arquivo exportado gerou o tamanho correto.
3º Passo: Inserir na aplicação o arquivo já exportado.
Entrar no cadastro da empresa e buscar o arquivo no local salvo, colocar senha e gravar.
Link para Download
/modelos_de_imagem_suporte/processo_para_importar_e_exportar_certificado_digital.docx","certificado, importar, certificado digital, exportar",https://unoerpwiki.herokuapp.com/Suporte/Cadastros/Certificado
Cadastros Gerais 📜,Cadastro de CEP,"Cadastro de CEP
Tela: 	Corpo:
Problema
Ao buscar o CEP na tela de clientes ou pedidos não é apresentado o resultado nos dados do endereço.
Isso ocorre quando o CEP não consta na nossa base de CEP, o UNO tem uma base própria de CEP por isso não faz a consulta direto no site dos Correios:
Primeiro passo é realizar a busca no site dos Correios pois usamos a informação disponibilizada no site para atualizar a nossa base:
https://buscacepinter.correios.com.br/app/endereco/index.php
No exemplo estamos usando o cep 23970-000 de Paraty, conforme abaixo exibe apenas a localidade e UF, o bairro está em branco, logo trata-se de um cep geral:
Agora que já temos os dados do endereço, precisamos validar primeiro se o município consta cadastrado no banco de NFe na tabela gm_cada_municipio:
Acessamos a tabela e buscamos pelo nome: nome like '%parat%'
Conforme acima não tem o munípio cadastrado, dessa forma será necessário realizar o cadastro, vamos buscar o código IBGE desse munícipio que corresponde ao campo `PK_Municipio`acima.
Usamos o link abaixo para realizar a busca pelo código IBGE:
https://cidades.ibge.gov.br/
Acessamos o site:
Clica no Menu abaixo:
Abrindo o Menu vamos clicar em Municípios >> Rio de Janeiro e localizar o munícipio de Paraty:
Localizando o município conseguimos identificar o código IBGE dele:
Agora que temos o código IBGE vamos realizar o cadastro:
Acessamos a tabela gm_cada_uf para saber qual código definir no campo em FK_UF:
Agora que temos o código IBGE (PKMUNICIPIO) e o código da UF (FK_UF) acessamos a tabela gm_cada_municipio no banco de NFe e clicamos no ícone 
para incluir uma nova linha:
Após a inclusão fica dessa forma:
Após esse processo vamos acessar o banco de Cep db_cep e precisamos validar se o nome da cidade na tabela cep_loc está igual a definida na gm_cada_municipio:
Nessa tabela vamos realizar a busca pela PK_Municipio (código IBGE), conforme abaixo consta como PARATI e não PARATY:
Nesse caso vamos realizar a correção para PARATY.           
Obs: Todas as tabelas que contenham a cidade devem constar preenchidas iguais, caso contrário o cep não será localizado. Sendo elas (gm_cada_municipio, cep_loc e cepbai).
Agora que corrigimos a tabela cep_loc, vamos buscar na tabela cepbai para validar se temos um bairro já cadastrado para essa cidade:
Obs: Mesmo sendo um cep geral (sem bairro) precisa constar o cadastro:
Na tabela cepbai vamos buscar pelo campo ibgemun que refere-se ao PK_Municipio (código IBGE):
Nesse caso não temos o cadastro então vamos cadastrar um novo.
Clicar 2 vezes sobre a coluna `idbairro` e ordenar do último código, dessa forma vamos definir o código manualmente:
Conforme acima podemos verificar que o último código é o 85623, vamos criar uma linha nova como 85624 clicando sobre o ícone 
Apenas o campo `sr_recno` não precisa ser preenchido pois é gerado de forma automática quando gravar, vamos preencher conforme abaixo:
Obs: No site dos correios não tem bairro para esse cep então deixamos ele em branco, caso houvese um bairro era só preenchero nome:
Agora que temos o código IBGE (pk_municipio/Ibgemun) e idbairro, vamos realizar o cadastro do cep, vamos na tabela cepend preencher o cep e endereço (caso não seja cep geral, nesse caso fica em branco), idbairro com o idbairro que geramos acima e o ibgemun. O campo `sr_recno` será gerado de forma automática:
Abaixo como vai ficar a tabela cepend depois do cadastro realizado:
Após os cadastros e validaçoes acima, é possível buscar o cep na aplicação:","cep, cadastro de cep, cadastro cep",https://unoerpwiki.herokuapp.com/Suporte/Cadastros/CadastroCEP
Cadastros Gerais 📜,Endereço certificado,"Mudança do caminho do certificado
Tela: CDW0002 - Empresas	Corpo:
Problema: Empresa não consegue emitir nota devido certificado estar sem",certificado,https://unoerpwiki.herokuapp.com/Suporte/Cadastros/EnderecoCertificado
Cadastros Gerais 📜,Conversão de medida,"Conversão de medida
Tela: 	Corpo:
Por favor responda a ocorrência referente a NF 162 recebimento 12732.
Conforme conversado com o Gabriel, a UN está como unidade
Itens da NF, exemplo:
Item 1: 11.000,00 e precisa entrar no sistema 22 pacotes.
Item 2: 22.500,00 e precisa entrar no sistema 45 pacotes.
Item 3: 11.000,00 e precisa entrar no sistema 22 pacotes.
Item 4: 16.000,00 e precisa entrar no sistema 32 pacotes.
Cada pacote contém 500 unidades.
Sendo assim foram criadas unidade abaixo.
Vinculado dentro de PCT (unidade do produto).
Recebimento gerado.
Recebimento do estoque incorreto.
Desde já agradeço a atenção.","conversão, medida",https://unoerpwiki.herokuapp.com/Suporte/Cadastros/ConversaoMedida
Cadastros Gerais 📜,Atualizar certificado E-notas,"Atualizar Certificado E-notas
Tela: SGW0042 - Painel NFS-e	Corpo: 0001
Descrição do Problema:
Renovação de certificado
Onde acessa:
http://app.enotasgw.com.br/login?returnUrl=%2F
Usuário: luciano.rodrigues@unosolucoes.com.br
Senha: Fidelidade1
Para renovar:
Clicar no ícone editar empresa, buscar pela empresa e selecionar.
A busca pode ser feita por Nome, CNPJ ou IE, caso tenha mais de uma empresa na mesma aplicação.
Clicar em: Certificado digital, colocar o arquivo no local indicado e senha, clicar no proximo. 
Para finalizar clicar no confirmar.
Para confirmar, clicar na empresa e validar a","certificado, e-notas",https://unoerpwiki.herokuapp.com/Suporte/Cadastros/CertificadoE-notas
Cadastros Gerais 📜,Cadastro de Regras de Icms,"Cadastro de regras de icms
Tela: CDW0039 - Cadastro de Regras 	Corpo: 0001
Todo produto ou serviço é composto por uma classificação fiscal que pode ser diferente entre as empresas existentes numa mesma aplicação.
Todo produto tem uma regra de ICMS vinculada a classificação fiscal. 
As exceções devem sempre ser tratadas nas NOPs.
Abaixo o fluxo de relacionamento entre as informações:
Quando o cadastro do produto é realizado ele é vinculado a uma classificação fiscal conforme abaixo:
Módulo Cadastros Gerais: Produtos e serviços → CDW0201 - Produtos e Serviços
A classificação fiscal é cadastrada através da tela CDW0011 - Classificação Fiscal, nessa tela é realizado o vínculo com a uma regra de ICMS:
Módulo Cadastros Gerais: Cadastros Iniciais → Classificação Fiscal → CDW0011 - Classificação Fiscal
A regra de ICMS é cadastrada através da tela  CDW0039 - Cadastro de Regras
Módulo Cadastros Gerais: Cadastros Iniciais → Regra de ICMS → CDW0039 - Cadastro de Regas de ICMS
A tela acima permite o cadastro de diferentes tipos de regras de ICMS e Substituição Tributária, nessa tela conseguimos cadastrar e localizar quais regras de ICMS são aplicadas para cada produto/classificação fiscal. Para isso precisamos saber a Origem fiscal, Tipo de Contribuinte e UF conforme acima.
Origem Fiscal: Origem da Mercadoria ou Serviço cadastrados na Tela CDW0037 - Cadastro de Origem Fiscal e que fica relacionada a empresa através da tela CDW0002 - Empresas.
Módulo Cadastros Gerais: Empresas → CDW0002 – Empresas
Tipo de Contribuinte: A cada tipo de contribuinte é definida uma forma específica de contribuição. Para cadastrar diferentes tipos de contribuinte acesse a tela CDW0038 - Tipo de Contribuinte. O vínculo consta no cadastro do cliente ou fornecedor conforme abaixo:
Módulo Cadastros Gerais: Clientes → CDW0101 - Clientes
Módulo Cadastros Gerais: Fornecedores → CDW0003 - Fornecedores
UF: Estado a ser aplicado as regras fiscais, neste campo a regra pode ser aplicada para um Estado específico ou para todos. Essa informação é a UF do cadastro do cliente ou fornecedor das imagens acima.
Vamos mostrar um exemplo prático para saber identificar qual regra de ICMS um determinado produto está vinculado.
Vamos usar os dados das imagens acima, cliente 1, produto 000016.
Ao incluirmos o cliente e produto no pedido, o sistema está aplicando a CST de ICMS 00 com alíquota de ICMS de 18%:
Primeiro precisamos das informações abaixo:
Qual tipo de contribuinte o cliente está cadastrado (vide imagem tela de cliente acima);
Qual UF é o endereço do cliente (vide imagem tela de cliente acima);
Qual a origem fiscal da empresa (Módulo Cadastros Gerais: Empresas → CDW0002 - Empresas);
Qual a classificação fiscal do produto e regra vinculada (Módulo Cadastros Gerais: Produtos e serviços → CDW0201 - Produtos e Serviços);
Com as informações acima em mãos podemos ir na regra de ICMS, pois já sabemos que o produto está vinculado a classificação fiscal 84439199, regra de ICMS Regra Padrão Cod 1, origem fiscal da empresa Estado de São Paulo, cliente tem UF SP e o tipo de contribuinte é Contribuinte CF.
Dúvidas, vide as imagens acima exibindo como localizar as informações. 
Vamos em Módulo Cadastros Gerais: Cadastros Iniciais → Regra de ICMS → CDW0039 - Cadastro de Regas de ICMS. Após buscar a regra vamos selecionar as opções de origem Fiscal, Tipo de contribuinte e UF:
Dessa forma temos como saber qual regra editar para cada fornecedor/cliente ou localizar qual regra está sendo aplicada no pedido de venda. No pedido de exemplo estava sendo aplicado CST de ICMS 00 com alíquota de 18%.","icms, regra, cadastro",https://unoerpwiki.herokuapp.com/pt-br/Regras-de-Icms
Cadastros Gerais 📜,Integração > HUBSPOT X UNO,"INTEGRAÇÃO > HUBSPOT X UNO
Tela: 	Corpo:
Problemas para integrar clientes do Hubspot no UNO
1 passo: Validar as informações com o cliente:
(Operações abaixo na plataforma do Hubspot)
Para integração com contato pessoa física:
CPF é obrigatório possuir 11 caracteres;
Não é obrigatório deal estar vinculado a uma empresa.
Para integração com contato pessoa jurídica:
CNPJ é obrigatório possuir 14 caracteres;
Obrigatório deal estar vinculado a uma empresa e contato.
Não é preenchido o CPF no contato do cliente.
Se houver erro na integração, será enviado um e-mail para o remetente do parâmetro: “Email para envio dos erros”, com informações a respeito.
2 passo: Verificar os parâmetros:
Cadastros Gerais > Cadastros Iniciais > Parâmetros Iniciais > Modulo: HUBSPOT
Esse parametro de ‘","hubspot, integração, uno",https://unoerpwiki.herokuapp.com/pt-br/Integra%C3%A7%C3%A3o-hubspot-uno
Cadastros Gerais 📜,Configurador,"Configurador
Tela: VDD0601 	Corpo: 0001 (01.01)
Permissões Relacionadas: 	VDD0601 - Configurador
A tela VDD0601 - Configurador é acessada através da tela CDW0201 - Produtos e Serviços pelo botão “Configurar” ou incluindo o item que consta parametrizado como configurador no pedido de venda:
Módulo Vendas: Pedidos → VDW0001 - Pedidos
Módulo Cadastros Gerais: Produtos e serviços → CDW0201 - Produtos e Serviços
Obs: Para que o botão seja exibido é necessário que o item conste vinculado a um “Cod Configurador Produto” na aba “Detalhes”.
O “Cod configurador Produto” deve estar previamente cadastrado através da tela VDW0601 - Configurador de Produtos:
Módulo Cadastros Gerais: Configurador de produtos → VDW0601 - Configurador de Produtos
Ao clicar no botão Configurar o sistema exibe a tela VDD0601 – Configurador:
O sistema exibe as perguntas de acordo com o que foi determinado no “Cod Configurador Produto”, e exibe as respostas previamente cadastradas. Após selecionar a resposta clicar no Botão próximo passo, com isso é exibido uma prévia do que está sendo configurado:
Após responder as perguntas o sistema cria um cadastro do produto de acordo com as respostas selecionadas no Configurador:",configurador,https://unoerpwiki.herokuapp.com/pt-br/Configurador
Cadastros Gerais 📜,Erros em notas fiscais,"Erros em notas fiscais
Tela: SGW0028 	Corpo: 0001 (01.01)
Descrição do Problema:
Rejeição: cEAN inválido
Descrição da Solução:
cEAN é definido dentro do cadastro do produto, para ser usado é necessário ser um número válido, para que seja autorizada a nota pela SEFAZ. Caso não saiba deixar o campo em branco, pois não é um campo obrigatório.
Onde altera:
Cadastros Gerais > Cadastros iniciais > Classificação Fiscal.       
No banco de dados:
Pegar o FK do item ir em > gm_nfe_h00_produto e apagar ou preencher com o valor correto nos campos I00_cEAN e I00_cEANTrib.","erros, fiscais, notas",https://unoerpwiki.herokuapp.com/pt-br/Erros-em-notas-fiscais
Cadastros Gerais 📜,Suframa,"Suframa
Tela: CDW0101  	Corpo:
Quando se tratar de notas fiscais emitidas para localidades que se beneficiam do IPI e ICMS:
As notas fiscais devem conter o nº de inscrição na SUFRAMA 
Indicação do valor abatido do preço da mercadoria equivalente ao imposto (ICMS) que seria devido se não houvesse a isenção indicada na nota fiscal. 
Informar o Convênio ICM (65/88) que isenta as remessas de produtos industrializados de origem nacional a serem comercializadas ou industrializadas na área incentivada e a legislação que dá a suspensão/isenção para o IPI (RIPI –Decreto 4.544/025).
Quando as notas fiscais forem emitidas para localidades que usufruem somente o incentivo do IPI a esta deverá apresentar a indicação da legislação referente a suspensão do IPI.
São isentos do imposto as saídas de produtos industrializados de origem nacional para comercialização ou industrialização na Zona Franca de Manaus com exceção de: armas e munições, perfumes, fumo, bebidas alcoólicas e automóveis de passageiros.
Como parametrizar as informações no UNO ERP
CDW0101 – Clientes
Para que a NF-e seja emitida em acordo com as regras da Suframa primeiramente deve-se informar o código Suframa do cliente no passo 3 da tela para que a informação seja informada no XML da NF-e e também nos dados acionais da NF-e.
Obs: Não existe no DANFE um corpo próprio para essa informação e por esse motivo é exibido nos dados adicionais, já no XML a informação consta na tag ISUF.
CDW0001 - Parâmetros do Sistema
O parâmetro: Indica se Imprime a Obs. do Item na NF/DANFE deve estar = Sim para que a matricula Suframa do cliente seja exibida.
CDW0018 - Cadastro de NOP
Para todas as operações para Zona Franca a NOP deve estar com as seguintes opções ativadas:
Mercadoria destinada a revenda ou Industrialização:
- Operação Isenta de ICMS e IPI definir a NOP conforme abaixo e preencher as CST dos impostos conforme orientação de sua contabilidade ou área fiscal.
Na tela VDW0001 – Pedidos para esse tipo de operação o cliente deverá estar com a opção de consumidor final desmarcada para que seja gerada a desoneração do ICMS calculado.
B) Mercadoria destinada a Uso/Consumo:
- Operação Isenta de IPI, devendo constar no corpo da NF o Código Suframa do cliente definir a NOP conforme abaixo e preencher as CST do IPI conforme orientação de sua contabilidade ou área fiscal.
Obs: A CST de ICMS pode ser definida como diferenciada ou usar a da regra de ICMS já vinculada ao item. Lembrando que as alíquotas de ICMS devem ser definidas na regra pu no pedido.
Na tela VDW0001 – Pedidos para esse tipo de operação o cliente deverá estar com a opção de consumidor final marcada para que não seja gerada a desoneração do ICMS calculado.
Fonte: http://www.suframa.gov.br/suframa_fale_conosco_faq_internamento.cfm",suframa,https://unoerpwiki.herokuapp.com/pt-br/Suframa
Cadastros Gerais 📜,Cadastrar Cliente,"Cadastrar Cliente
CDW0101 - Clientes	Corpo: 0001 
Processo para cadastramento de um novo cliente.
A tela é acessada através do Módulo Cadastros Gerais > Clientes.
Ao acessar a tela para cadastrar um novo cliente, a primeira coisa a ser preenchida é o tipo do cliente, pois essa definição irá impactar nos campos que serão mostrados para preenchimento.
Por exemplo, se o cliente for pessoa jurídica, os campos mostrados serão CNPJ, Inscrição Estadual, Tipo de Contribuinte...
Lembrando que todos os campos em negrito no UNO são campos obrigatórios.
Primeiros cadastros.
(Tela para cadastro de produtor rural)
(Tela para cadastro de estrangeiro)
(Tela para cadastro de pessoa física)
(Tela para cadastro de pessoa jurídica)
Endereços.
Após os primeiros dados do cliente vamos para o endereço.
Para clientes estrangeiros devemos marcar a opção “EX” no campo UF.
Todos os campos devem ser preenchidos corretamente, com exceção dos campos “complemento e referência” que não são campos obrigatórios.
Para clientes nacionais podemos utilizar o botão de 
no campo CEP e os dados serão preenchidos automaticamente, deixando apenas o número para preenchimento manual.
Se a cidade do cliente possuir CEP único, será necessário preencher os campos manualmente.
Alguns clientes utilizam mais de um endereço, diferenciando endereço de cobrança, faturamento e entrega, nesse caso devemos deixar a opção “Utiliza endereço único” desativada, dessa forma abrirá um novo campo para preenchimento deles.
Contatos.
Na parte de contatos devemos preencher os dados pessoais e adicionar funcionários ou sócios, em caso de pessoa física é onde informaremos o CPF do cliente.
Aba dados pessoais: Devemos informar o nome, e-mail e telefone, apesar do CPF não ser um campo obrigatório, é indicado que seja preenchido, pois essa informação pode ser necessária em alguns momentos.
Aba observações do contato: Define a situação deste contato na empresa, se está ativo, de férias, afastado, demitido, etc.
Aba internet: Essa aba é exclusiva para acesso ao Extranet, o campo ID Contato define o login de acesso ao Extranet e o botão “envia e-mail” envia e-mail de Boas Vindas para o contato, gerando uma senha randômica inicial para o primeiro acesso no extranet.
Aba Endereço: Utilizado para cadastrar o endereço dos contatos.
Aba Crédito: são meramente informativos, não impactando em nenhum processo no sistema e também não é exibindo em nenhuma tela do sistema.
Dados Comerciais:
As informações preenchidas nessa tela serão automaticamente carregadas ao inserir o cliente no pedido.
Tabela de preço é a única informação obrigatória nesse passo, ela impactará diretamente o valor final de um pedido de venda.
Banco Padrão: Banco onde será gerado o Contas a Receber
Condições de Pagamento: Somente deve ser preenchida se o cliente sempre pagará da mesma forma, caso não, o ideal é deixar em branco e na hora da venda selecionar a condição negociada. O mesmo se aplica para Forma Pagto.
NOP: É onde será definido os impostos referente a esse cliente. Ideal já deixar preenchido.
Tipo de frete: Caso o produto seja para entrega, é necessário preencher o tipo de frete e a transportadora.
Essa informação pode ser preenchida diretamente no pedido de venda.
Fatura Parcial: Essa opção permite que o pedido seja faturado por etapas.
Consumidor Final? : Habilitar essa opção caso o cliente seja consumidor final.
NOP Serviços: Caso a empresa seja prestadora de serviços, deve ser preenchido, pois é onde define os impostos.
Limite de crédito: Utilizado para clientes que por algum motivo possuem crédito em aberto. 
Contas a receber: 
E-mail de Cobrança: E-mail para onde será enviado o boleto (caso esteja como boleto eletrônico) no ato do faturamento. (Obrigatório)
E-mail NF- e: E-mail para onde será enviado o DANFE da Nota Fiscal Eletrônica Federal e Nota de Serviço. (Obrigatório).
Caso o cliente possuía mais de um e-mail deve-se separar por  ; conforme imagem
Informações: 
Permite cadastrar outros dados sobre o cliente.
Faixa de Faturamento: Indica a quantidade de faturamento do cliente por faixa específica de faturamento.
Faixa de Volume: Classifica a faixa de volume.
Exemplo: Vip, Especial, Básico, etc.
Campanha: Indica o tipo de campanha de venda que atraiu este cliente.
Nr Funcionário: Indica o n.º de funcionários que cada cliente possui (isso se cliente estiver cadastrado como pessoa jurídica).
Cod Suframa: O Código Suframa (Superintendência da Zona Franca de Manaus) é composto por 9 caracteres numéricos. Ele é utilizado para identificar empresas que operam na Zona Franca de Manaus, uma área de livre comércio localizada no estado do Amazonas, Brasil.
Conta Contábil Credora: Conta Contábil Credora.*
Conta Contábil Devedora: Conta Contábil Devedora.*
Cod Meta: Objetivo verificar se a meta de vendas para os clientes está sendo cumprida pela equipe comercial.
Valor KM: Indica o valor do KM para este cliente, é preenchido automaticamente de acordo com o parâmetro Valor reembolso Km. Caso seja editado o sistema para reembolso deste cliente vai utilizar o valor informado neste campo para calculo dos títulos.
Qtd KM Contratado (ida e volta): Qtd KM Contratado (ida e volta).*
Perc Comissão Distribuidor: Indica o percentual da comissão do Distribuidor.
Dia Faturamento Distribuidor: Indica o dia do faturamento do distribuidor.
Série NF Distribuidor: Indica o número da séria da NF do Distribuidor.
Banco Distribuidor: Banco Distribuidor.*
Dia Limite para Faturamento: Permite ao usuário cadastrar um dia limite no mês para faturar planos para o cliente
Fornecedor: Com o cliente já cadastrado, ao clicar na opção de n.º 1, o sistema permite gerar novo fornecedor com os dados desse cliente.
Obs: Todo faturamento no sistema é feito a um cliente, ao gerar uma nota fiscal de entrada o sistema verifica qual cliente esta associado o fornecedor e utiliza o cadastro do cliente para o faturamento
Revenda: Ao clicar na opção de n.º 2, o sistema permite gerar revenda com os dados desse cliente.
Este campo pode ser informado uma revenda gerada manualmente, mas não deve ser informado a mesma revenda neste campo para outros clientes.
Transportadora: Ao clicar na opção de n.º 3, o sistema permite gerar transportadora com os dados desse cliente.
Este campo pode ser informado uma transportadora gerada manualmente.","cliente, cadastrar",https://unoerpwiki.herokuapp.com/pt-br/Cadastrar-cliente
Cadastros Gerais 📜,Cadastrar Cliente Estrangeiro - País informado é invalido,"Cadastro Cliente Estrangeiro
Processo para cadastrar cliente estrangeiro:
No momento de cadastrar um cliente estrangeiro ao digitar o país o sistema retorna com a mensagem “Pais informado é inválido”.
Para dar início no processo é necessário marcar a UF com a opção “EX” 
Necessário validar a nomenclatura do país de acordo com o IBGE, para isso podemos fazer uma consulta na seguinte documentação: Países 
Também é possível realizar uma consulta pelo banco de dados, para isso ir no banco db _ uc_ nfe na tabela gm cada_pais e realizar a busca usando o like:","país inválido, cadastro cliente",https://unoerpwiki.herokuapp.com/pt-br/cadastro-cliente-estrangeiro
Cadastros Gerais 📜,Condição de pagamento do Cliente,"Condições de Pagamento do Cliente
Tela: CDD0007 -  Condições de Pagamento do Cliente	Corpo: 0001 (01.01)
Permissões: CDD0007 -  Condições de Pagamento do Cliente	 
A tela é acessada pelo Módulo Cadastros Gerais: Clientes → CDD0007 - Condições de Pagamento do Cliente
A tela abre a partir da seleção do Checkbox ""Restringe Cond. pagto"" e clicar no botão 
IMPORTANTE: No pedido ou plano só fica disponível as formas de pagamento selecionadas","cliente, condição, pagamento",https://unoerpwiki.herokuapp.com/pt-br/Condicao-pagamento-cliente
Cadastros Gerais 📜,Tela Inicial – Não exibe o DESKTOP,"Tela Inicial – Não exibe o DESKTOP
Tela: 	Corpo:
Parâmetros Relacionadas: 	Tipo Desktop (0=Desktop 1=Tarefas)
Problema:
Ao realizar o login no sistema é exibido sempre a tela ATW0005 - Desktop de Tarefas na tela inicial. No colaborador o campo consta em branco:
Módulo Segurança: Colaboradores → SGW0014 – Colaboradores
Solução
O parâmetro “Tipo Desktop (0=Desktop 1=Tarefas)” constava como 1 por isso era exibida a tela inicial como ATW0005 - Desktop de Tarefas. Alterado o parâmetro para 0 e passou a ser exibido a tela Desktop para os usuários:
O parâmetro fica em Módulo Cadastros Gerais: Cadastros Iniciais → Parâmetros Iniciais → CDW0001 - Parâmetros do Sistema:
O parâmetro define o tipo de desktop a ser exibido na tela inicial do sistema, podendo ser o desktop padrão ou desktop de tarefas.
Após a alteração passou a ser exibido a tela inicial como Desktop:","tela, inicial, exibe, desktop",https://unoerpwiki.herokuapp.com/pt-br/Tela-Inicial-N%C3%A3o-exibe-o-DESKTOP
Cadastros Gerais 📜,Motivos Devolução,"Motivos Devolução
Tela: VDW0030 	Corpo: 01.01
Módulo Cadastros Gerais: Cadastros Iniciais à VDW0030 – Motivos Devolução
Descrição: Cadastra os Motivos de Devolução
Descrição dos Campos, Implicações e Exemplos
Na Tela VDW0030 para criar um novo motivo é necessário no botão novo para que abra uma nova “linha” para digitação.
Clique duas vezes na linha azul no campo “Descrição Abreviada” para que seja possível digitar tanto a descrição abreviada quanto a descrição.
Clique em gravar.","devolução, motivos devolução, motivos",https://unoerpwiki.herokuapp.com/pt-br/Motivos-Devolucao
Cadastros Gerais 📜,Banco Cora,"Banco Cora
Tela: CDW0001 - Parâmetros do Sistema
Caso tenha problemas em relação a boletos do banco Cora em baixa de contas a receber, por favor deixe os parâmetros do sistema no módulo Cora com os campos em branco assim como mostra a imagem abaixo:
Após ter deixado os espaços em brancos, será necessário realizar a sincronização ao banco Cora novamente, para isso deverá seguir os passos abaixo:
Financeiro -> Cadastros -> Bancos - Selecionar o banco Cora e clicar no botão "" Conectar Cora "".
Se aparecer a mensagem abaixo significa que o processo de credenciamento foi realizado com sucesso:
Após estes procedimentos, o erro irá se sanar e as contas com pagamento efetuado iram se sincronizar.","banco, cora",https://unoerpwiki.herokuapp.com/pt-br/Banco-Cora
Cadastros Gerais 📜,Bo - objetos custumizados,"BO
Tela: CDW0024 - Objetos Customizados
Problema: Inclusão de Objetos customizados nas aplicações.
Campo Sistema: Lista as siglas dos módulos do UNO ERP (Vendas, Financeiro, Estoque, etc ...) a qual o BO irá atuar alterando o processo padrão.
Campo Nome Objeto: Esse campo deve ser preenchido com o nome do objeto e não o nome do objeto customizado. Ex:  
Podemos ver no print que o BO de comissão está ligado ao módulo de Vendas, o Nome do Objeto é somente: ComissaoBO e o Nome Objeto Custom é o ComissaoBOTonoga que é o objeto customizado ao cliente.
É importante seguir essa lógica pois se o campo Nome do Objeto estiver preenchido com a informação do campo Nome Objeto Custom o BO não terá o efeito desejado. Também é importante sempre lembrar que após configurado o BO o tomcat precisa ser reiniciado para que seja aplicado o BO e a rotina diferente por ele contemplada. 
O campo Explicar o Objetivo/Motivo deve estar sempre preenchido com a mecânica implementada pelo BO.","bo, objetos custumizavies",https://unoerpwiki.herokuapp.com/pt-br/B-o
Cadastros Gerais 📜,Cadastro produtos entre empresas,"Cadastro de produtos entre empresas
Tela: CDW0201	Corpo: 0001
Permissões Relacionadas: 
(Acesso a tela) CDW0201 – Produtos e Serviços
CDW0201F – Permite visualizar empresas
CDW0201D – Permite alterar dados gerais dos Produtos
Dentro da aplicação Uno é possível disponibilizar o cadastro de um produto em outras empresas sem que se faça necessário realizar seu preenchimento novamente.
Procedimentos:
Na empresa onde o produto está inicialmente cadastrado, acessar o módulo de Cadastros Gerais > Produtos e Serviços;
Carregar o cadastro do produto em questão;
Selecionar a aba “Empresas”;
Marcar a empresa para a qual o cadastro do produto será disponibilizado.
     2 .Realizada a seleção da empresa, gravar o cadastro do produto.
Finalizado o processo, ao acessar a empresa para a qual o produto foi transferido, o cadastro irá constar com as mesmas informações da empresa inicial.","produto, cadastro, empresas",https://unoerpwiki.herokuapp.com/pt-br/Cadastro-produto-entre-empresas
Cadastros Gerais 📜,Esse produto não pode ser utilzado por não é faturado,"Esse Produto não pode ser utilizado pois não é faturado
Tela: VDW0001 - Pedidos
Permissões Relacionadas:
CDW0201 - Produtos e Serviços
Descrição do Problema: Ao inserir o código do item consta a mensagem “Esse Produto não pode ser utilizado pois não é faturado”.
Descrição da Solução: No cadastro do item deve estar selecionado a opção Item Faturado. 
Cadastros gerais – Produtos e Serviços","produto, faturado",https://unoerpwiki.herokuapp.com/pt-br/Produto-nao-faturado
Cadastros Gerais 📜,Produtos e serviços icone desc comercial,"Produtos e Serviços – Ícone Desc Comercial
Tela: CDW0201 - Produtos e Serviços
Problema:
Como alterar a descrição do ícone 
 no campo Desc Comercial:
Módulo Cadastros Gerais: Produtos e serviços → CDW0201 - Produtos e Serviços
A descrição exibida no ícone é definida em Módulo Cadastros Gerais: Cadastros Iniciais → Parâmetros Iniciais → CDW0001 - Parâmetros do Sistema – Módulo Cadastros Gerais:","comercial, icone, produtos, serviços, desc",https://unoerpwiki.herokuapp.com/pt-br/Produtos-servicos-icone
Cadastros Gerais 📜,Configurar as despesas,"Configurar despesas
Tela: FND0001 - Despesas	Corpo: 0001
Descrição do Problema:
Gerar títulos financeiros referente a alguma despesa, sem a necessidade de gerar uma nota fiscal. Apontando os títulos para um local especifico sem que necessite ficar gerando títulos manuais, esporádicos e aleatórios para tal problema.
Configurando as Despesas.
1 - Dentro do Cadastro de Despesas adicionar as informações conforme você necessitar, e se caso quiser vincular um item como despesa também será possível.
Caminho: Financeiro > Cadastros > Despesas
Caminho: Desktop > Despesas
1 - Clicar em Despesas na tela de desktop
2 - Selecionar a Despesa na qual deseja gerar
3 – Inserir o valor da despesa
4 – Clicar em Aloca, no qual irá gerar uma linha com a despesa
Após criar as despesas ir no fup de colaborador (para gerar o contas a pagar)
Caminho: Financeiro > Relatorio > FUP Reembolso Colaborador
Selecionar os filtros conforme desejar para buscar as despesas e clicar em buscar
Para gerar o contas a pagar precisa:
1 - Selecionar a Despesa
2 – Selecionar o Situação
3 – Atualizar a situação
4 – Colocar","configurar, despesa",https://unoerpwiki.herokuapp.com/pt-br/Configurar-despesas
Cadastros Gerais 📜,A moeda não consta na tela CDD0012,"A moeda não consta na tela CDD0012
Tela: CDW0012 - Moedas 	Corpo: 
Parâmetro Relacionado: Moeda padrão do Sistema
Descrição do Problema: A moeda consta cadastrada, mas ao acessar a tela CDD0012 - Cadastro de Cotações de Moeda a mesma não consta na busca.
Descrição da Solução: A moeda não está aparecendo pois consta selecionada como padrão nos parâmetros. Devido a isso não consta na tela para inserir cotação.
Recomendação: Para que a moeda conste para inserir cotação é necessário alterar a moeda do parâmetro Cadastro Gerais - Cadastros Iniciais - Parâmetros Iniciais - Módulo Cadastros Gerais - Moeda padrão do Sistema.","moeda, moeda não consta, cdd0012",https://unoerpwiki.herokuapp.com/pt-br/a-moeda-n%C3%A3o-consta-na-tela-cdd0012
Cadastros Gerais 📜,Relatório Histórico da Class Fiscal,"Modelo KCS Branco
Tela: CDR0002 - Relatório Histórico da Class Fiscal	Corpo: 0001 (01.01)
Descrição do Problema:
Como adicionar a permissão CDR0002 - Relatório Histórico da Class Fiscal para aparecer na aplicação.
Verificar informações:
Para mostrar a tela de Relatório Histórico da Class Fiscal precisa adicionar a tela CDM0002 – Relatórios e CDR0002.
Os clientes que possuem essa permissão são S&T e Patamar. Adicionar a permissão (CDM0002 e CDR0002) no banco de dados do cliente desejado.
Após adicionar a permissão no banco de dados rodar o script abaixo no banco do cliente:
/* Script para criar Novo Menu*/
INSERT INTO sg_menu (cod_menu, programa, menu, sistema, cod_menu_pai, ordem, tp_aplicacao, desc_resumida, menu_en, menu_pt_BR, menu_clube)
                                      VALUES( 5125, 'CDM0002', 'RELATÓRIOS', 'CD', null, 249, 1, 'RELATÓRIOS', 'REPORTS', 'RELATÓRIOS', 'RELATÓRIOS');     
/* Script para criar a permissão da tela */
INSERT INTO sg_programa (programa, descricao, comando, tp_funcao, def_mascara_impressao, ind_programa_impressao, nome_programa_en, nome_programa_pt_BR, nome_programa_clube)
                VALUES ('CDM0002', NULL, 'cdm0002.do?method=prepTela', 1, NULL, 0, 'Reports', 'Relatórios', 'Relatórios');
/* Script para a tela CDR0002*/
INSERT INTO sg_programa (programa, descricao, comando, tp_funcao, def_mascara_impressao, ind_programa_impressao, nome_programa_en, nome_programa_pt_BR, nome_programa_clube)
                VALUES ('CDR0002', NULL, 'cdr0002.do?method=prepTela', 1, NULL, 0, 'Tax Classification History Report', 'Relatório Histórico da Class Fiscal', 'Relatório Histórico da Class Fiscal');","fiscal, relatorios, historicos, classificação",https://unoerpwiki.herokuapp.com/pt-br/Relatorio-historico
Cadastros Gerais 📜,Produtos e Serviços - Aba Similares,"CDW0201 - Produtos e Serviços – Aba Similares - PPW0008 - Liberação de Produção  
Tela PPW0008 - Liberação de Produção	Corpo: 0001 (01.01)
Problema
Quando o item não tiver saldo para atender a separação da ordem de produção, usar o item similar cadastrado conforme abaixo:
Módulo Cadastros Gerais: Produtos e serviços → CDW0201 - Produtos e Serviços -Aba Similares
Solução
O item ITEM_SIMILAR é um similar do código ITEM_ORIGINAL, o código ITEM_ORIGINAL faz parte da estrutura do item ESTRUTURA:
O item ITEM_ORIGINAL não tem estoque, portanto quando for realizado a liberação automática o sistema vai usar o ITEM_SIMILAR que tem estoque e foi parametrizado como similar do item ITEM_ORIGINAL.
Na tela de PPW0003 - Reporte de OPs vai constar o ITEM_SIMILAR:
Quando for realizado o reporte o saldo vai ser baixado também do item ITEM_SIMILAR:","produtos, serviços, aba, similares",https://unoerpwiki.herokuapp.com/pt-br/produtos-servicos-aba
Cadastros Gerais 📜,Cod Produto Cliente,"Cod Produto Cliente
Tela: CDW0201 - Produtos e Serviços	Corpo: 0001 (01.01)
Descrição do Problema:
O cliente precisa que ao emitir a nota o código de produto da nota seja o código de produto indicado pelo cliente.
Parâmetros Relacionados:
Permite incluir produtos relacionados a outro clientes? (0=Não, 1=Sim) 
É necessário que o parâmetro acima conste como SIM, caso contrário o sistema só permite incluir o item no pedido se o mesmo estiver vinculado ao cliente do pedido (cadastro feito na aba Cliente).
Descrição Solução
Ir na tela de CDW0201 - Produtos e Serviços (Cadastros Gerais – CDW0201 - Produtos e Serviços) na aba Cliente:
É necessário aplicar o BO “NotaFiscalEletronicaEntradaBO” conforme abaixo:
Sistema = VD
Nome Objeto = NotaFiscalEletronicaBO
Nome Objeto Custom = NotaFiscalEletronicaBOHolambelo
Após aplicar o BO é necessário reinciar o Tomcat.
Quando houver um faturamento de pedido com esse item para o cliente conforme cadastro, o sistema envia para a nota o cod produto cliente (00.04.teste) e não o Cod Produto cadastrado 00.04.00005.","produto, cliente, cod",https://unoerpwiki.herokuapp.com/pt-br/Cod-produto-cliente
Cadastros Gerais 📜,Rastro e Cod Anvisa,"RASTRO E COD PROD AVISA
1 - Cod Produto Anvisa: preencher o campo na aba fiscal com a numeração disponibilizada do produto pela Anvisa.
2 - Passo a passo para a geração de rastro na nota fiscal.
 Nos parâmetros do sistema, em Cadastros Gerais > Cadastros Iniciais > Parâmetros Iniciais >  NF-e Eletronica > Parâmetro: Indica se Gera Rastros da NF-e: precisa estar como SIM
Após realizar o processo acima, verificar se no cadastro do produto esta como Lote.
Após isso o produto que estiver cadastrado no sistema e em estoque precisa conter as seguintes informações preenchidas:
Dt Fabricação, Dt Validade e Lote / Embalagem.
Após tudo isso antes de faturar o pedido ele precisa obrigatoriamente ser separado pela tela de separação, não podendo somente alterar a situação do pedido e sim realizar o processo de separação como um todo.
Após todo esse processo realizar o faturamento do pedido para gerar o campo de Rastro.","cod, rastro, anvisa",https://unoerpwiki.herokuapp.com/pt-br/Rastro-cod-anvisa
Cadastros Gerais 📜,Empresas - Atualização Certificado NFe,"Empresas - Atualização Certificado NFe
Tela: CDW0002 - Empresas	Corpo: 
Atualização de certificado:
1 – Acessar o Cadastro de Empresa:
Módulo Cadastros Gerais: Empresas → CDW0002 - Empresas
Clicar no botão “Buscar” e selecionar a empresa que vai ter o certificado atualizado:
Clicar na opção “Procurar…” , buscar o arquivo e depois clicar no botão “Enviar”:
Preencher a senha no campo Senha Certificado e depois clicar em gravar, é possível verificar a","nfe, certificado, atualização, empresas",https://unoerpwiki.herokuapp.com/pt-br/empresas-atualiza%C3%A7%C3%A3o-certificado-nfe
Cadastros Gerais 📜,Botão receita federal - clientes,"CDW0101 – Clientes – Botão Receita Federal
CDW0101 – Clientes
Problema
Quando clicamos no botão 
 é definido um endereço diferente do que consta na consulta feita direto no site da receita:
Quando clicamos no botão 
 é feita uma consulta em uma API gratuita (site URL: https://www.receitaws.com.br) e os dados dessa base não são atualizados em tempo real, por isso alguns dados podem estar diferentes do que consta na receita federal.
Log do servidor:","clientes, federal, botão, receita",https://unoerpwiki.herokuapp.com/pt-br/receita-federal
Cadastros Gerais 📜,Cadastro de Regras - Código de beneficio fiscal para um tipo de contribuinte,"Código de beneficio fiscal para um tipo de contribuinte
Tela: CDW0039 - Cadastro de Regras 	Corpo: 0001
É necessário cadastrar um tipo de contribuinte para associar ao pedido: CADASTROS GERAIS > CADASTROS INICIAIS > TIPO DE CONTRIBUINTE.
Após o cadastramento é necessário ir na regras fiscais e cadastrar um novo item: 
(fazer em todas as regras cadastradas)
Dentro do item da regra deve estar informando a UF, tipo de contribuinte, Origem Fiscal, alíquotas e o Código do beneficio fiscal.
Após isso, na venda, será necessário colocar o tipo de contribuinte cadastrado para que possa puxar toda a configuração feita dentro da Regra de ICMS sistema.","cadastro, regras, codigo de beneficio fiscal",https://unoerpwiki.herokuapp.com/pt-br/Cadastro-de-Regras-Codigo-de-beneficio-fiscal
Cadastros Gerais 📜,Processo de configuração para provedores de email Gmail OAuth,"Configuração para provedores de email Gmail AOuth
Tela: CDW0001 	Corpo: 0001
Exemplo de erro: javax.mail.MessagingException: Could not connect to SMTP host: smtp.gmail.com, port: 587;
OC do exemplo: 347483
Para concluir a configuração do seu e-mail, será necessário gerar uma senha específica para aplicativos, que será usada para a integração com nosso sistema.
Por favor, siga os passos abaixo:
Acesse o link abaixo para gerar a senha de app para o seu e-mail:
Configuração de Senha de App Google
Após seguir as instruções, vá para este link para gerenciar e gerar a senha de aplicativo:
Gerenciar Senhas de App
Assim que gerar a senha, envie-a para o suporte para finalizar a configuração no nosso sistema. 
A senha poderá vir separada desta forma “GDDFJNS WUEJSJD OLKJII” (exemplo) , copie desta mesma forma e insira nos parâmetros de segurança, em senha do SMTP, conforme a imagem abaixo:
SMTP padrão - provedor que o cliente usa
E-mail de autenticação do SMTP - Email que tem a autenticação do provedor.
Usuário de SMTP - Email de login utilizado para se autenticar no servidor SMTP ao enviar e-mails.
Senha do SMTP - é a chave usada junto com o usuário (geralmente o e-mail) para autenticar o envio de mensagens em um servidor SMTP. (Neste caso, será onde você ira colocar a senha gerada pelo google)
Indica se o SMTP utiliza TLS - Este parâmetro precisa estar como SIM
Indica se o SMTP utiliza SSL - Este parâmetro precisa estar como NÃO
Porta de Envio do SMTP - Número de porta que o servidor SMTP usa para enviar e-mails. (Geralmente é 587, mas varia de cliente para cliente, valide com ele.)
Insira as mesma informações da imagem acima nos parâmetros de segurança do cliente,  e realize o teste, caso ainda não seja possível enviar os emails, será necessário aguardar até que o google valide as informações.",configuração gmail,https://unoerpwiki.herokuapp.com/pt-br/Suporte/Configura%C3%A7%C3%A3o-para-provedores-de-email-Gmail
Compras 🛍️,Processo de importação de compra,"Processo de importação 
Tela: CCW0008 - Processo de Importação	Corpo: 0001
Descrição do problema:
Cliente relata que não sabe realizar o processo de importação de compra 
Solução:
Primeiramente para começarmos o processo de importação no sistema, a nop que for inserida no sistema deve estar marcada a opção de Importação, pois assim o pedido de compra, vai ser considerado na importação, sendo assim vá em Vendas > Cadastro de Nop > Insira o código da Nop > Marque a opção informada!
Após marcado a opção de importação na nop, iremos em Compras > Pedidos de compras > E gerar nosso pedido
No pedido de compra, devemos informar o cod Fornecedor, Nop, Cod comprador, Cong Pagto, dentre outras informações.
Feito o preenchimento, o próximo passo será cadastrar o item no pedido, sendo assim busque o código ou digite o código do produto que será importado, insira sua quantidade e envie o produto 
Após feito o preenchimento do produto, grave o pedido e aprove-o 
Nesse processo foi demonstrado toda a forma de criar um pedido de Compra, caso você já tenha um pedido feito, basta seguir para as próximas etapas, porem atente-se de que a nop esteja configurada corretamente e que as informações fiscais do seu pedido esteja correta!
Na tela de processo de Importação, será necessario informar o mesmo fornecedor inserido no pedido de compra, pois o sistema irá localizar os pedidos criados em nome do mesmo, para trazer em tela.
No caso o fornecedor informado no exemplo anterior foi o 1 
Na opção de “ Importar compras ” o sistema já busca o fornecedor escolhido anteriormente, e ao clicar em buscar ele traz todos os pedidos de compras, vinculado ao mesmo, porem para termos uma facilidade maior em buscar o pedido desejado, iremos busca-lo pelo código 
Ao importar o pedido, o sistema vai trazer as informações do produto como Código, quantidade, preço unitário e etc...
Porem muitos campos não são preenchidos automaticamente, pois depende de uma Di que é passada pela contabilidade, nesse caso, verifique com a contabilidade as informações corretas para serem preenchidas na importação
Após esse preenchimento e os demais, grave a importação e verifique se as",processo de importação,https://unoerpwiki.herokuapp.com/pt-br/Processo-de-importacao-de-compra
Compras 🛍️,Devolução de compra,"Devolução de compra
Tela: 	Corpo:
DEVOLUÇÃO DE COMPRA NO SISTEMA UNO ERP
­­­­­­­­­­­­­­­­­­­­
Processo de como deve ser feito uma devolução de compra para o fornecedor. A devolução deve estar relacionada a um pedido de compra e a um fornecedor que deve ser informado na tela EQW0005 - Recebimentos. 
OBJETIVO:
Mostrar os caminhos das telas para parametrização e emissão de uma nota de saída, sem imposto e com imposto.
OBSERVAÇÃO:
Sugerimos que não utilize o modelo do cadastro da NOP sem as instruções do seu contador. Toda nota fiscal emitida no sistema de um determinado processo específico deve ser validada com a sua contabilidade.
Devolução de compra sem imposto:
Gerar o recebimento.
Documento: O recebimento pode ser feito manual, importando de pedido compra ou por XML.
Processo manual: Seguir documentação que se encontra na tela do manual EQW0005 – Recebimentos.
Importado do pedido de compra: Seguir documentação que se encontra na tela do manual CCQ0001A - Pedidos de Compra do Fornecedor.
Importado do XML: Seguir documentação que se encontra na tela do manual EQW0104 - IMPORTAÇÃO NF-e.
2 - Gerar pedido de venda do processo de Devolução de compra.
Se for emitir uma nota de devolução para o fornecedor, depois de confirmado o recebimento irá habilitar um botão chamado GERAR NF ele irá gerar um pedido de venda com todas as informações carregadas no recebimento.
Ao gerar o sistema mostrara um alerta com o número do pedido gerado, e no recebimento ficara vinculado o numero
Para visualizar o pedido ir em > vendas > pedidos e buscar pelo numero gerado, todas as informações do recebimento é carregado para o pedido.
O pedido em questão irá carregar com a NOP do recebimento, será necessário mudar para uma de Devolução. Abaixo exemplo de uma sem tributações.
3 - Cadastro de NOP.
Dados que devem estar preenchidos:
Tipo da Nota Fiscal: Deve ser uma nota do tipo saída.
CFOP: De acordo com a orientação da contabilidade, deve ser uma CFOP de saída com finalidade de devolução e se for dentro ou fora do estado.
Dentro do Estado: De acordo com o cadastro do cliente.
NOP Devolução Do cliente: Deve estar marcado, para que seja uma nota de Devolução.
                  Dados de acordo com a necessidade, não obrigatórios.
Atualiza Estoque: Se a empresa controla estoque, deve estar marcado, para que ao confirmar o recebimento os itens voltem para o estoque.
Alterar a NOP no pedido, ao inserir a NOP de devolução, será habilitado o campo ID NF-e Ref que devera ser preenchido com o ID da nota emitida pelo fornecedor.
Confirmar se está tudo ok no pedido, caso necessite adicionar ou alterar alguma informação, realizar o processo de faturamento.
Devolução de compra com imposto:
Gerar o pedido seguindo as orientações do passo 2.
Depois de gerado, necessário alterar a NOP para considerar as tributações.
IMPORTANTE:
No pedido quando há impostos é necessário alterar a NOP, devido as validações da Sefaz.
Devolvido"" no XML, onde é informado o valor de IPI constante na operação, no momento do preenchimento da NF-e de devolução, que automaticamente também irá somar ao total da Nota Fiscal, fechando com o valor da operação original de venda.
Essa tratativa entrou em vigor de fato em 02.08.2018, onde foi alterada a versão da NF-e para 4.0 (Nota Técnica 02/2016), assim o valor de IPI não será mais informado no campo de ""outras despesas acessórias"", mas sim no campo de ""IPI Devolvido"", mencionando ainda em ""Informações Complementares"" o motivo da devolução e o valor do IPI.
4 - Cadastro de NOP.
Preencher a NOP conforme orientado no passo 3.
Para gerar os impostos devem preencher os campos de tributações conforme necessitar, neste exemplo irei usar as tributações de IPI e ICMS.
IMPORTANTE:
Para tributação de ICMS na NOP deve estar marcado que tributa, como na imagem acima.
Para IPI o processo é diferente, por ser devolução a Sefaz exige que seja informado o valor no campo ipi_devol (essa informação somente é visualizada no XML), para isso na nossa NOP de devolução, NÃO pode estar marcado que tributa IPI. O valor do imposto ficara sendo considerado no pedido normalmente, e o seu valor será considerado no campo correto, abaixo um exemplo de como gera no xml.
No pedido fica:
No XML fica no campo proprio:
Após realizar os prcessos, confirmar se o pedido está ok, e faturar. Depois da Nota gerada verificar no xml a informação do imposto.","devolução, compra",https://unoerpwiki.herokuapp.com/pt-br/Devolucao-de-compra
Compras 🛍️,Frete,"Pedido de compra/Pedido de Venda/Recebimento
Tela: 	Corpo:
O sistema lista os tipos de frete CIF (pago), FOB, CIFD (pago destinatário) e sem frete conforme abaixo, essa informação consta na tela de Pedido de compras, pedido de venda e recebimento, segue abaixo:
A opção define o tipo de frete, se pago ou pagar e com isso haverá um comportamento diferente dependendo do tipo de frete escolhido e do processo que está sendo realizado, conforme tabela abaixo:
Abaixo vamos exemplificar o que cada opção aplicada altera no valor e processo realizado.
Primeiro exemplo no pedido de compra usando o tipo frete FOB:
O pedido tem produtos que somados o valor total é 80,00R$ + 20,00R$ de frete, totalizando 100,00R$ o Total do pedido.
Exemplo com o mesmo pedido porém usando o tipo de frete CIFd:
Exemplo pedido de Venda com Frete CIF:
O pedido tem itens que totalizam o valor de 500,00 R$ e frete de 50,00:
O frete CIF soma no pedido de venda totalizando 550,00R$:
Agora um exemplo onde o frete seja considerado na base do ICMS, para isso é necessário:
O tipo do frete deve ser CIF pois as demais modalidades não incidem na base do ICMS;
Nesse pedido de exemplo temos o Total produto como 500,00, frete de 50,00 e alíquota de ICMS de 4%, com base de ICMS como 100%, como o tipo de frete é CIF o valor do frete vai entrar na base de calculo do ICMS:
O calculo feito é:
Base do ICMS + Valor do Frete * Alíquota do ICMS = Valor ICMS
100% de basedo ICMS (500,00 R$)
50,00R$ Valor de frete
4% de alíquota de ICMS
500,00 + 50,00 * 4% = 22,00 R$
Lembrando que também tem disponível a parâmetro “Calcula o frete somente sobre produtos com ICMS?” que indica se Rateia o ICMS somente sobre os produtos que contem alíquota de ICMS definida.
Módulo Cadastros Gerais: Cadastros Iniciais → Parâmetros Iniciais → CDW0001 - Parâmetros do Sistema – Módulo Vendas
Agora um exemplo onde o frete é considerado na base do IPI:
Para isso é necessário que o parâmetro “Indica se o Frete entra na Base de Cálculo do IPI” conste ativo:
Módulo Cadastros Gerais: Cadastros Iniciais → Parâmetros Iniciais → CDW0001 - Parâmetros do Sistema – Módulo Vendas
O calculo feito é:
Valor Total dos produtos + Valor do Frete * Alíquota de IPI = Total do IPI
Valor Total dos Produtos 500,00
Frete 50,00
Alíquota de IPI 9,75%
500,00 + 50,00 * 9*,75% = 53,62 R$
Exemplo onde o Frete é considerado na base do PIS e COFINS:
Para isso é necessário que o parâmetro “Indica se o Frete entra na base de calculo do PIS/COFINS.” Conste ativo e o tipo de Frete seja CIF.
Módulo Cadastros Gerais: Cadastros Iniciais → Parâmetros Iniciais → CDW0001 - Parâmetros do Sistema – Módulo Vendas
Vamos utilizar o mesmo pedido do exemplo acima, o calculo para PIS é:
Valor Total dos produtos + Valor do Frete * Alíquota de PIS = Total PIS
Valor Total dos Produtos 500,00
Frete 50,00
Alíquota de PIS 1,65
500,00 + 50,00 * 1,65% = 9,075 (9,08)
Vamos utilizar o mesmo pedido do exemplo acima, o calculo para COFINS é:
Valor Total dos produtos + Valor do Frete * Alíquota de Cofins = Total Cofins
Valor Total dos Produtos 500,00
Frete 50,00
Alíquota de Cofins 7,6%
500,00 + 50,00 * 7,6% = 41,80
Um exemplo de pedido usando o frete FOB que não soma o frete ao valor do pedido: 
Um exemplo de pedido usando o tipo de frete CIFD, que soma o frete ao valor do pedido:
Valor total dos produtos + Frete = Total Pedido
500,00 + 50,00 = 550,00
Abaixo um exemplo de como fica o recebimento de acordo com cada tipo de frete definido:
Nesse recebimento usamos a opção de frete FOB sem informar o código de transportadora:
(Vl Base + Vl ICMS ST + Vl Frete + Outras Despesas) - ( Desconto + Vl ICMS Deson )
80,00 + 200,00 = 100,00
Nesse exemplo temos apenas base e frete sem impostos.
Ao confirmar o recebimento o valor do frete é somado ao valor base, dessa forma o título gerado já vai ser gerado com o valor do frete incluso:
Quando o frete é FOB - Frete pago pelo comprador (recebedor) e é informado o código da transportadora no passo 2, o sistema não soma o frete ao valor Nf, pois será gerado os títulos a pagar do fornecedor separado do títulos a pagar de frete.
Abaixo um exemplo:
Ao confirmar o recebimento será gerado um título de contas a pagar de 80,00R$:
O título de frete vai ser gerado em Módulo Estoque: Fretes a Pagar → EQW0022 - Fretes a Pagar:
Nessa tela é necessário definir a",frete,https://unoerpwiki.herokuapp.com/pt-br/Frete
Compras 🛍️,Requisição De Compra - Campo cod pedido venda,"Requisição De Compra
Tela: CCQ0005  	Corpo:
Problema
Ao clicar no botão Buscar e definir o pedido de venda no campo Cod Pedido Venda o sistema não exibe o resultado:
Módulo Compras: Requisição de Compra → CCW0005 - Requisição de Compra
Solução
O campo “Cod Pedido Venda” busca pedido de venda desde que consta vinculado a uma requisição de compras, no caso do pedido 50004 não consta vínculo. Simulando a busca em base local com o pedido 50507 o mesmo é exibido pois dele foi gerado a requisição 15032.
Complementando, esse processo de vínculo é feito pelo Pedido de venda, Passo 2 do Pedido, botão 
Módulo Vendas: Pedidos → VDW0001 – Pedidos","compra, requisição",https://unoerpwiki.herokuapp.com/pt-br/Requisi%C3%A7%C3%A3o-de-Compra
Compras 🛍️,Processo De Importação - Importação não respeita casas decimais no preço,"Processo de Importação – importação não respeita casas decimais do preço        
Tela: CCW0008 	Corpo:
Problema:
Ao importar a planilha com os itens pelo botão 
não está aplicando as casas decimais no preço unitário conforme definido na planilha:
O preço é arredondado para 2 casas:
Solução
O problema está na formatação do campo dentro do excel, tem que usar a formatação como número e colocar os decimais que devem ser considerados diretamente no excel. A tela CCW0008 já está para considerar a quantidade de decimais do parâmetro:
Após alterar a formatação do campo para número e definir as casas decimais o sistema mantem conforme planilha importada:","importação, processo",https://unoerpwiki.herokuapp.com/pt-br/Processo-de-Importacao-importa%C3%A7%C3%A3o-n%C3%A3o-respeita-casas-decimais-do-pre%C3%A7o
Compras 🛍️,Antecipação no pedido de compra,"Antecipação no pedido de compra
Tela:  CCW0001 - Pedidos de Compra	Corpo:  0001 
Descrição do Problema: Como gerar antecipação no pedido de compra
Para habilitar a opção de Antecipação no pedido de compra precisa primeiro gerar o pedido de compra.
Obs: Para este processo é necessário que o fornecedor esteja vinculado a um cliente, este processo é feito no 3 passo da tela CDW0101 - Clientes
Antecipação: Gera títulos a pagar para antecipar os pagamentos. 
Ao selecionar esta opção é aberta a opção de informar o valor a ser antecipado.
No recebimento é gerado apenas pagamentos dos valores restantes do pedido descontando a antecipação. Se for antecipado o total do pedido de compra o sistema não gera pagamentos para os recebimentos.","compra, antecipacao",https://unoerpwiki.herokuapp.com/pt-br/antecipacao-compra
Compras 🛍️,Importação de itens pedido de compra,"Importação de Itens Pedido Compra
Tela:  CCD0013 - Importação de Itens Pedido Compra	Corpo: 0001 
Permissões Relacionadas: CCD0013 - Importação de Itens Pedido Compra
Cliente que possui a permissão: Turbo
Descrição do Problema: 
Módulo Compras – Processo de Importação – botão importar.
Botão: Importar
Está tela é utilizada para o processo de importação de Itens Pedido Compra. 
Através dessa tela é possível importar pelo Excel os itens preenchidos na planilha.
Código Pedido Compra	Código do Produto	Quantidade	Preço Unitário	Valor II	Valor ISS	Valor PIS	Valor COFINS	Valor IPI	CST	CFOP	Valor ICMS	NR_Adição	Sequência Adição","importação, itens, pedido compra",https://unoerpwiki.herokuapp.com/pt-br/Importacao-item-pedido-compra
Compras 🛍️,Processo de importação - Enviar código de Beneficio fiscal na NF-e de Importação,"Enviar código de Beneficio Fiscal na NF-e de
CCW0008 - Processo de Importação	Corpo: 0001 
Problema:
Em algumas UFs e ramos de negócio existem benefícios fiscais vinculados a renuncia de ICMS pelas respectivas SEFAZ e que gera a obrigatoriedade do uso. 
No link: https://www.nfe.fazenda.gov.br/portal/listaConteudo.aspx?tipoConteudo pode-se validar os estados e códigos usados, mas recomendamos validar junto a sua contabilidade e/ou departamento fiscal.  
Solução:
Criar um tipo de contribuinte através da tela CDW0038 - Tipo de Contribuinte
Criar o item de regra de ICMS para o tipo de contribuinte definido no item 1, essa regra deve ter a CST ou CSOSN de ICMS relativa ao código de beneficio que será usado e vinculado a UF da empresa destinatária da importação.","processo de importação, beneficio fiscal",https://unoerpwiki.herokuapp.com/pt-br/Processo-Importacao-beneficio
Compras 🛍️,Recebimento pedido de compra,"Recebimento pedido de compra
Tela: EQW0005 - Recebimentos	Corpo: 0001 
Descrição do Problema: Não era possível localizar pedido de compra no recebimento.
Descrição da Solução: A situação do pedido de compra e dos produtos precisam estar como aprovados.","recebimento, compra, pedido, recebimento pedido de compra",https://unoerpwiki.herokuapp.com/pt-br/recebimento-pedido-compra
Compras 🛍️,Planej Compras Projetado,"Planej Compras Projetado
Tela: PLW0001D - Planej Compras Projetado	Corpo: Easytech (01.01)
Permissões Relacionadas:	PLW0001D - Planej Compras Projetado
O acesso a tela é pelo Módulo Compras: Planej Compras Projetado → PLW0001D - Planejamento de Compras Projetado:
Descrição dos Campos, Implicações e Exemplos:
Cod. Empresa: Empresas que serão consideradas na busca.
Cód. Família Comercial: Código da família comercial do produto.
Grupo Produto: Código do grupo do produto.
Fornecedor: Código do fornecedor para a compra do produto.
Desc. Comercial: Descrição comercial do produto.
Botão Calcular: Calcula a quantidade que é necessária para compra.
Botão Gera OC: Gera Ordem de Compra.
Cód. Produto: Permite listar itens de compra pelo código do produto.
Cód. Produto Fornec: Código do produto dentro do fornecedor.
Exportar TXT 
: Exporta os dados da lista em arquivo txt para ser utilizado em excel.
Consulta Produto 
 : Abre a tela VDQ0002 - Busca de Produtos para consulta.
Nesta Tela o sistema irá considerar as empresas informadas e o número de meses para projetar o estoque
Demais Considerações:
Qtde a Comprar (considerando as empresas selecionadas) = ((Média de Vendas x Número de Meses Projetado) + Demanda) - (Comprado + Estoque Atual)
Considera apenas produtos com situação ativo, que possuem estoque mínimo cadastrado, que são do tipo Comprado ou Beneficiado e que a opção “atualiza estoque” está selecionada no item
Considera apenas itens que constam vinculados a Cod Fornecedor e Cod Produto Fornc (aba Fornecedores)
Módulo Cadastros Gerais: Produtos e serviços → CDW0201 - Produtos e Serviços;
11,2224 (empresa 1) = ((5,5556 x 4) + 0 ) – (10 + 1 ) = 11,2224
A média de vendas considera apenas notas faturadas, onde a opção “estatística de venda” constava selecionada na Nop no momento do faturamento e que foram emitidas dentro do período informado no campo “Considerar Média de Vendas de”.
Segue abaixo um exemplo:
Qtde a Comprar (considerando as empresas selecionadas) = ((Média de Vendas x Número de Meses Projetado) + Demanda) - (Comprado + Estoque Atual)
De acordo com exemplo:
Selecionar a linha do item, clicar no Botão Calcular e  o sistema Calcula a quantidade que é necessária para compra, clicando no Botão Gera OC é gerada uma Ordem de Compra (Pedido de compra) e clicando no botão Gerar requisições é gerado uma requisição de Compras:
Para acessar o Pedido de compra: Módulo Compras: Pedidos de Compra → CCW0001 - Pedidos de Compra
Para acessar a Requisição de Compras: Módulo Compras: Requisição de Compra → CCW0005 - Requisição de Compra","planej, compras, projetado",https://unoerpwiki.herokuapp.com/pt-br/Planej-Compras-Projetado
Compras 🛍️,Como é definido o centro de custo ao gerar a requisição,"COMO É DEFINIDO O C.CUSTO AO GERAR A REQUISIÇÃO
OC 307515
A requisição que era gerada a partir do MRP - Produção estava trazendo o C.Custo automático de uma OP, porém a requisição foi realizada considerando várias OP’s com C.Custo diferentes.
Após alguns testes notamos que:
O C.Custo que ele irá acatar, sempre será a da primeira OP gerada, independente de quantas Op’s tem relacionado na requisição.
Ele irá acatar o que estiver por padrão no parâmetro “Centro de Custo padrão ao gerar requisições de compra na tela PLW0005 - MRP Produção, quando não informado” somente se não estiver nenhum C.Custo no cadastro do item e nem nas OP’s","compra, centro de custo, requisiçaõ",https://unoerpwiki.herokuapp.com/pt-br/Centro-custo-requisicao
Compras 🛍️,Processo de Importação - Não importa o Pedido de Compra,"Processo de Importação - Não importa o pedido de Compra
Tela: CCW0008 - Processo de Importação	
Corpo: 0001 (01.01)
Descrição do Problema: O pedido de compra consta como aprovado, porém o cliente não consegue importar o pedido de compra no processo de importação.
Descrição da Solução: O pedido de compra estava sem a NOP, a NOP não é um campo obrigatório no pedido de compra.
Por estar sem a NOP no pedido de compra não era possível importar o pedido de compra no processo de importação. Nesse caso precisava adicionar a NOP no pedido de compra, para depois conseguir importar o pedido de compra no processo de importação.
Compras – Pedido de compra – NOP.","importação, processo, não importa pedido de compra, pedido de compra",https://unoerpwiki.herokuapp.com/pt-br/processo-de-importa%C3%A7%C3%A3o-n%C3%A3o-importa-pedido-de-compra
Compras 🛍️,Pedido de Compra e Requisição,"Pedido de Compra e Requisição
Tela: CCW0001 - Pedidos de Compra	Corpo: 0001 (01.02) 
Descrição do Problema:
Módulo Compras – Pedido de compra.
Não é possível realizar alterações no pedido de compra.
O pedido de compra está vinculado a uma requisição.
A requisição foi finalizada, após a mesma ser finalizada não é possível realizar alterações no pedido de compra pois tem o vínculo da requisição no pedido de compra.","compra, pedido, requisição, pedido de compra",https://unoerpwiki.herokuapp.com/pt-br/pedido-de-compra-e-requisi%C3%A7%C3%A3o
Compras 🛍️,Assinatura Eletrônica Compras,"Assinatura Eletrônica Compras
Tela: CCW0001 - Pedidos de Compra	Corpo: 0001 (01.02)
Descrição do Problema:
Como solicitar assinatura eletrônica de Compras.
Parâmetros Relacionados:
Cod situação do pedido de compra quando aguardando assinatura eletrônica.
Cadastros Gerais – Cadastros Iniciais – Parâmetros Iniciais – Módulo Compras
Descrição Solução
Os usuários que vão solicitar a assinatura e os aprovadores precisam estar cadastrados na tela CDW0301C - Cadastro de Assinaturas Eletrônicas Compras:
Na tela CCW0001 - Pedidos de Compra para que seja solicitado a assinatura eletrônica o usuário deve clicar no botão “Aprovar”, lembrando que os usuários não devem ter a permissão CCCW0001A - Permite Aprovar Pedidos de Compra. Quando o usuário tem essa permissão ao clicar no botão “Aprovar” o pedido é Aprovado e não solicitado assinatura.
Ao clicar em aprovar o sistema verifica se o valor do pedido está maior que o “Valor Mínimo para Solicitar Assinatura Eletrônica” caso sim é gerado assinatura eletrônica e a situação do pedido alterada conforme o que foi parametrizado em “Cod situação do pedido de compra quando aguardando assinatura eletrônica.""
Ir em Módulo Gerência Geral: Assinatura Eletrônica → CDD0301 - Assinatura Eletrônica ao Cliente:
Obs: Pelo menos um dos aprovadores precisa estar cadastrados com `Valor Mínimo para Solicitar Assinatura ` como 0,01 pois assim quando passar 0,01 do estipulado para os compradores pede assinatura. Parametrizei o usuário unosol com 0,01 e o usuário teste com 0,00, sempre que o usuário teste criar um pedido vai pedir aprovação.","compra, eletronica, assinatura eletronica",https://unoerpwiki.herokuapp.com/pt-br/Assinatura-eletronica-compra
Compras 🛍️,Impressão pedido de compra - imprime sempre o mesmo modelo - Copo HAMAM,"CCR0001 - Impressão Pedido de Compra – Imprime sempre o mesmo modelo 
Tela: CCR0001 - Impressão Pedido de Compra	Corpo: HamamAssinatura (01.01)
Descrição do Problema:  Ao selecionar o botão Imprimir Pedido e selecionar o modelo o sistema não acata e abre sempre o mesmo modelo. 
Descrição da Solução: No cadastro de fornecedor a opção `Pedido Compra` consta como Inglês, com isso sempre irá imprimir este corpo Hamam. Para considerar os demais corpos tem que retirar do cadastro de fornecedor a opção Pedido Compra Inglês.","modelo, compra, impressão, pedido, imprime",https://unoerpwiki.herokuapp.com/pt-br/Impressao-pedido-compra
Compras 🛍️,Impressão Pedido de Compra imprime sempre o mesmo modelo,"CCR0001 - Impressão Pedido de Compra – Imprime sempre o mesmo modelo
Tela: CCR0001 - Impressão Pedido de Compra
Problema
Ao selecionar o botão Imprimir Pedido e selecionar os modelos o sistema não acata e abre sempre o mesmo modelo.
Módulo Compras: Pedidos de Compra → CCW0001 - Pedidos de Compra
No cadastro de fornecedor a opção `Pedido Compra` consta como Inglês, com isso sempre irá imprimir o mesmo corpo. Para considerar os demais corpos tem que retirar do cadastro de fornecedor a opção Pedido Compra Inglês.
Módulo Cadastros Gerais: Fornecedores → CDW0003 - Fornecedores","modelo, compra, impressão, pedido, mesmo",https://unoerpwiki.herokuapp.com/pt-br/Pedido-compra-modelo
Compras 🛍️,Pedido de compra mensagem conta invalida não permite a gravação,"CCW0001 - Pedidos de Compra – Mensagem conta inválida não permite a gravação
Tela: CCW0001 - Pedidos de Compra
Parâmetros Relacionados: 
Permite inserir conta totalizadora
Módulo Cadastros Gerais: Cadastros Iniciais → Parâmetros Iniciais → CDW0001 - Parâmetros do Sistema – Módulo Financeiro.
Problema:
Ao tentar salvar o pedido de compra é exibido a mensagem ""Conta inválida"" e não permite a gravação.
Solução
O parâmetro “Permite inserir conta totalizadora” deve constar como “SIM”, ele fica em Módulo Cadastros Gerais: Cadastros Iniciais → Parâmetros Iniciais → CDW0001 - Parâmetros do Sistema – Módulo Financeiro.","compra, pedido, mensagem, invalida, gravação",https://unoerpwiki.herokuapp.com/pt-br/Pedido-compra-mensagem
Compras 🛍️,Beneficiamento,,Nenhuma palavra-chave encontrada,https://unoerpwiki.herokuapp.com/e/pt-br/beneficiamento
Compras 🛍️,Requisição de Compra - Ao definir o centro de custo e tentar gravar o sistema apaga o campo,"CCW0005 - Requisição de Compra - Ao definir o centro de custo e tentar gravar o sistema apaga o campo
CCW0005 - Requisição de Compra
Permissão: SGW0014H - Permite selecionar Centro de Custo sem Orçamento Aprovado
Problema
Ao definir o centro de custo e clicar em gravar, o sistema apaga o campo centro de custo:
Solução
É necessário ter a permissão SGW0014H - Permite selecionar Centro de Custo sem Orçamento Aprovado habilitada.","centro de custo, requisição de compra",https://unoerpwiki.herokuapp.com/pt-br/Requisicao-compra-centro-custo
Compras 🛍️,Email pedido de compra (cód fornecedor),"Email Pedido de Compra
 Tela: CCW0001 - Pedidos de Compra	Corpo: 0001
Ao enviar um e-mail com o pedido de compra para o fornecedor, é exibido abaixo do código do produto um outro código entre parênteses. Esse código corresponde à referência do produto fornecida pelo próprio fornecedor. Ele é preenchido automaticamente na aba ""Fornecedores"" do cadastro do produto, no momento em que o recebimento é registrado, com a informação do código do fornecedor.","fornecedor, email, cod fornecedor",https://unoerpwiki.herokuapp.com/pt-br/email-pedido-de-compra
Estoque 📦,Zerar estoque,"Zerar Estoque 
Tela: EQW0100 - Manutenção Inventário  	Corpo: 0001
Problema: Cliente quer zerar o estoque de um deposito porem não sabe como realiza o processo
Solução
Para realizar esse processo e zerar o estoque de um deposito em especifico, primeiramente você deverá tirar um fup de estoque do deposito que você irá zerar para poder ter um controle dos itens que serão importados para o sistema depois 
Para isso, vamos em Estoque > relatórios > Fup de estoque
Após exportar o fup com os itens do deposito em que o processo vai ser realizado, vá em Estoque > Inventario > Manutenção de Inventario, nessa tela, iremos criar um inventario e selecionar a opção de deposito, e informe o código do deposito no campo Cod_Deposito  pois assim todos os itens que estiverem nesse deposito, vão aparecer nesse processo
Clique em Abrir 
para poder visualizar os itens vinculado ao deposito
Ao clicar no botão finalizar localizado no canto inferior direito da tela, o sistema irá carregar a tela de divergência de estoque (EQW0102 - Divergência com Estoque).
Nessa tela você conseguirá realizar as verificações nos itens que estão vão ser zerados, e até mesmo retirar um relatório de divergência 
Após todas as verificações, clicando em 
o sistema irá zerar o saldo de todos os itens! Caso queira poderá buscar um fup de estoque novamente, para verificar se tudo foi zerado.","estoque, zerar",https://unoerpwiki.herokuapp.com/pt-br/Manutencao-de-inventario
Estoque 📦,Separação Legenda de cores,"Separação de estoque cores
Tela: EQW0006 – Separação	Corpo: 0001	
Parâmetros relacionado:
Cod Situação do pedido de COMPRA para planejamento
Problema
Quais as legendas de cores usadas na tela EQW0006 – Separação e qual o significado de cada uma.
A tela mostra a disponibilidade do produto em estoque, a quantidade total e em cada status, segue abaixo:
•Campo em cor Azul: Disponível (quantidade em estoque - demanda totalizando valor positivo)
•Campo em cor Verde: Pedido separado parcialmente, algum item no pedido indisponível, aguardando para separação completa (quando produto indisponível entrar no estoque, ficará AZUL para seguir separação normalmente e ser finalizado).
•Campo em cor Amarelo: Planejado (quantidade em estoque - demanda = valor negativo, mas com ordem de compra ou ordem de produção em andamento).
•Campo em cor Vermelho: Indisponível (quantidade em estoque negativa, sem planejamento de compra ou ordem de produção).
Agora que sabemos as cores vamos exemplificar cada uma delas:
•Campo em cor Azul: Disponível (quantidade em estoque - demanda totalizando valor positivo)
O pedido usado como exemplo tem o item CORITEM e a demanda do pedido é 40 itens e exibe o •Campo em cor Azul que seria: Disponível (quantidade em estoque (atual) - demanda totalizando valor positivo)
•Campo em cor Verde: Pedido separado parcialmente, algum item no pedido indisponível, aguardando para separação completa (quando produto indisponível entrar no estoque, ficará AZUL para seguir separação normalmente e ser finalizado).
O pedido usado como exemplo tem o item CORITEM e CORITEM1, apenas o item CORITEM tem saldo e foi separado, o item CORITEM1 não tem saldo e não foi separado:
•Campo em cor Amarelo: Planejado (quantidade em estoque - demanda = valor negativo, mas com ordem de compra ou ordem de produção em andamento).
•Campo em cor Amarelo usando exemplo de Pedido de compra em andamento:
O pedido usado como exemplo tem o item CORITEM1 e a demanda do pedido é 1 item e exibe •Campo em cor Amarelo: que seria: Planejado (quantidade em estoque - demanda = valor negativo, mas com ordem de compra em andamento).
O item não tem saldo em estoque porém tem pedido de compra criado com","separação, estoque",https://unoerpwiki.herokuapp.com/pt-br/Separacao-estoque
Estoque 📦,Separação,"Separação
Tela: EQW0006 	Corpo:
Parâmetros Relacionadas: 	
Tipo de ordenação que irá ter os saldos disponíveis em estoque para separação dos pedidos
Módulo Cadastros Gerais: Cadastros Iniciais → Parâmetros Iniciais → CDW0001 - Parâmetros do Sistema – Módulo Estoque
Problema:
O cliente queria que os lotes fossem ordenados e separados de acordo com a",separação,https://unoerpwiki.herokuapp.com/pt-br/Separa%C3%A7%C3%A3o
Estoque 📦,FUP - Estoque,"FUP - Estoque
Tela: EQW0012 	Corpo: 0001 (01.01)
Parâmetro relacionado	tbPrecoInterna
Campo: Preço Venda
O sistema utiliza a tabela que estiver definida no parâmetro para calcular o preço.
Parâmetro no modulo de vendas – ‘Tabela de Preço Interna’
Obs.: A tabela definida no parâmetro precisa estar atrelada ao item com valor de venda.
Ex: No parâmetro está definida a tabpadrao, e no item ela está com valor de 25,00 e o saldo em estoque seja 100 unidades.
O valor calculado no campo preço venda seria:
Quantidade X valor da tabela
100 X 25 = 2.500
No parametro a tabela que devera ser considerada
No cadastro do item precisa ter a tabela vinculada com preço definido.","estoque, fup",https://unoerpwiki.herokuapp.com/pt-br/FUP-Estoque
Estoque 📦,Recebimento - Item consta duas vezes na nota,"Recebimentos – O mesmo item consta duas vezes na nota     
Tela: EQW0005 	Corpo:
Descrição do Problema
O fornecedor enviou o mesmo item duas vezes no xml, quando o recebimento foi confirmado o sistema aplicou o saldo apenas no primeiro item do pedido de compra. Com isso o pedido de compra não foi finalizado:
Descrição da Solução
Para que o sistema acate o item correto no pedido de compra o fornecedor deve mandar no xml a sequência do item na tag <nItemPed>1</nItemPed>, por exemplo no pedido de compra o item 18554 está na sequência 1 e 2 que é a mesma do xml:
Constando a sequência correta no Xml ao confirmar o recebimento o sistema faz a baixa nos itens do pedido de compra conforme as sequencias do xml e pedido de compra. Com isso o pedido fica como recebido total:","recebimento, nota, consta, duas, vezes",https://unoerpwiki.herokuapp.com/pt-br/Recebimentos-O-mesmo-item-consta-duas-vezes-na-nota
Estoque 📦,Romaneio - Pedido não aparece no Romaneio,"Romaneio – Pedido não aparece no Romaneio
Tela: EQW0010  	Corpo:
Descrição do problema:
O pedido foi faturado, porém não consta na tela EQW0010 – Romaneio.
Descrição da Solução:
No cadastro da Transportadora vinculada no pedido a opção “Gera Romaneio de Entrega” está desmarcada e por isso o pedido não aparece na tela de Romaneio:
Quando o pedido é faturado com a opção “Gera Romaneio de Entrega” desmarcada não é criada a informação na tabela vd_pedido_entrega. Sendo necessário criar manualmente via banco de dados e orientar ao cliente para selecionar a opção “Gera Romaneio de Entrega” no cadastro da Transportadora, para que os pedidos faturados posteriormente constem na tela EQW0010 – Romaneio.
Entrar no banco do cliente (db_uc_bancocliente)
Ir na tabela vd_nota_fiscal para verificar o cod_nota_fiscal gerado para o pedido:
Para ese pedido foi gerado o cod_nota_fiscal 13122, conforme imagem abaixo:
Após verificar o cod_nota_fiscal do pedido ir na tabela vd_pedido_entrega;
Clicar sobre o cabeçalho da coluna cod_entrega, com isso os dados serão ordenados do maior para o menor. Precisamos verificar qual o último cod_entrega_gerado para poder incluir o pedido:
Conforme acima o último cod_entrega gerado é o 10415, portanto vamos incluir o pedido utilizando o cod_entrega_gerado como 10416:
Ao clicar no ícone 
 é criado uma nova linha na tabela sendo possível incluir os dados:
cod_entrega (de acordó com o último existente);
cod_empresa (empresa em que o pedido consta criado);
cod_nota_fiscal (cod_nota_fiscal do pedido);
cod_pedido (código do pedido gerado);","romaneio, pedido, aparece",https://unoerpwiki.herokuapp.com/pt-br/Romaneio-Pedido-n%C3%A3o-aparece-no-Romaneio
Estoque 📦,Item retornar para o estoque de origem quando ocorre estorno,"Item retornar para o estoque de origem quando ocorre estorno
Tela: EQW0027  	Corpo: 0001 (01.01)
Problema:
Ao realizar o estorno de material separado na Requisição de Material, o mesmo não retorna para o depósito de origem.
Solução 
O corpo padrão 0001 mantêm no depósito separado. Apenas o corpo 0002 e 0003 tem esse comportamento, mas a requisição tem que estar no status de reservada.
Abaixo exemplo de como o processo é realizado no Corpo 0002 e 0003:
No Corpo 0002 o item foi separado usando o saldo do depósito 1 e transferido para 8 (conforme definido no parâmetro “Cod Depósito para separação na Requisição de Material”)
Módulo Estoque: Requisição de Materiais → EQW0027 - Requisição de Materiais
Módulo Cadastros Gerais: Cadastros Iniciais → Parâmetros Iniciais → CDW0001 - Parâmetros do Sistema – Módulo Estoque
Após desfazer a separação o item retorna para o depósito de origem:
Exemplo usando o Corpo 0003, o item foi separado usando o saldo do depósito 1 e transferido para  8:
Para alterar o corpo da tela ir em Ir em Módulo Cadastros Gerais: Cadastros Iniciais → Telas → CDW0030 - Telas Customizadas e preencher conforme abaixo (0002 ou 0003):","estoque, origem, item, retornar, ocorre, estorno",https://unoerpwiki.herokuapp.com/pt-br/Item-retornar-para-o-estoque-de-origem-quando-ocorre-estorno
Estoque 📦,A ordem de produção quando finalizada está sobrepondo o pedido de venda vinculado ao saldo liberado pela OP.,"Ordem de produção sobrepondo pedido de venda
Tela: EQW0012 - FUP - Estoque
Problema:
A ordem de produção quando finalizada está sobrepondo o pedido de venda vinculado ao saldo liberado pela OP.
Exemplo
Criei o pedido abaixo 2561625 e gerei uma ordem de produção desse pedido:
Com a ordem de produção gerada vamos dar andamento no processo e reportar a OP:
Quando a OP é reportada o sistema faz a entrada do item fabricado 51822320 e esse saldo fica vinculado ao pedido de venda 2561625 que originou a OP.
Ocorre que o saldo não foi usado e quando o cliente vai realizar a busca na separação para esse pedido 2561625 não exibe mais o vínculo, isso ocorre pois foi gerada uma nova ordem de produção desse mesmo item vinculada ao um novo pedido 256126. Com isso ao dar entrada no saldo o sistema sobrescreve o cod pedido do saldo.
Solução
Isso ocorre pois o item fabricado consta com tipo de inventário Lote e embalagem únicos, se o item é lote e embalagem únicos significa que trata-se de um único lote não sendo possível separar esse saldo por pedido de venda.
Módulo Cadastros Gerais: Produtos e serviços → CDW0201 - Produtos e Serviços
Por isso o sistema faz um update no pedido que estava vinculado ao saldo e sempre atualiza para o último pedido vinculado a OP reportada.
Para que isso não ocorra o tipo de inventário do item precisa estar como Lote, dessa forma ao reportar a OP o sistema vai vincular cada saldo ao pedido que originou a Ordem de produção.
Alteramos o tipo de inventário do item para Lote e criamos dois pedidos de venda, desses pedidos foi gerado uma Ordem de produção para cada, ao reportar as ordens de produção cada saldo ficou vinculado ao seu pedido de venda, segue:
O pedido vinculado ao saldo pode ser consultado pelo Módulo Estoque: Relatórios → FUP de Estoque → EQW0012 - FUP – Estoque confome acima, ou pelo Módulo Estoque: Acertos de Estoque → EQW0004 - Acertos de Estoque conforme abaixo:","pedido de venda, ordem de produção, saldo liberado pela op",https://unoerpwiki.herokuapp.com/pt-br/Ordem-producao-sobrepondo-saldo
Estoque 📦,Requisição de material,"Requisição de Materiais
Tela: EQW0027 - Requisição de Materiais	Corpo: 0001 
Descrição do Problema: A requisição de materiais foi finalizada e não consegue alterar a situação.
Depois que a requisição é colocada como finalizada não é possível mais alterar a situação da requisição.
Mesmo quando é inserido como aprovada, precisa ter a permissão EQW0027C - Permite Alterar Requisição de Material Aprovada para alterar a situação da requisição.
No caso a opção finalizada, só é possível alterar a situação via banco de dados, através de ocorrência.","requisicao, material",https://unoerpwiki.herokuapp.com/Requisicao-material
Estoque 📦,Inventario,"Inventario
Tela: EQM0100 - Inventário	Corpo:  (01.01)  
Módulo Estoque: Estoque - EQM0100 - Inventário
Descrição: Criar e exemplificar o processo de inventário. 
Descrição dos Campos, Implicações e Exemplos
A tela  EQM0100 – Inventário é onde encontra-se as opção relacionadas a inventário.
Primeiramente iremos cadastrar um inventario, para isso deve-se acessar a opção “Manutenção Inventário” que dará acesso a tela EQW0100 - Manutenção Inventário.
O campo Cod Inventário: é um campo não deve ser preenchido pois o sistema irá gerar automaticamente o código em questão.
O campo Tp Inventario: ele define qual será o tipo de inventario podendo ser “Geral”, “Produto”, “Deposito”, “Localização”, “Fornecedor” e “Excel”.
Para exemplo criaremos um inventario de “Produto”
Quando selecionada “Produto” um novo campo ficara disponível, campo usado para selecionar o produto que será realizado o inventario.
No campo Cod Produto: deve inserir o código do produto, caso não saiba o código basta clicar no botão  🔎 para que seja aberta a tela de procura de produto.
Os campos da tela CDQ0201 - Busca por Produto servirão como um “Filtro” para a busca. Assim que definido os “Filtros” da busca basta clicar no botão .
Uma vez tendo encontrado o produto basta clicar no botão 📝 para que o sistema carregue as informações do produto em questão.
No campo Descrição: é possível inserir uma descrição para o inventario em questão. 
Com os campos citados acima estando devidamente preenchidos basta clicar no botão .
Após gravar o sistema irá preencher o campo “",inventario,https://unoerpwiki.herokuapp.com/pt-br/Inventario
Estoque 📦,Realizar Recebimento,"Realizar o recebimento
Tela: EQW0005 - Recebimentos	Corpo: 0001 (01.03)
Entrada no recebimento.
Passo 1 -  Em Cod Fornecedor inserir o fornecedor que foi comprado o material, produto e etc.
Passo 2 – Em NOP selecionar a NOP na qual irá dar entrada nos itens realizados na compra. 
Há duas formas de incluir os itens:
Método 1 – Ao clicar na Lupa em pedido de compra irá abrir uma outra aba para, indicar a numeração do pedido de compra no qual ele trará os itens referentes ao pedido automático com todos parâmetros já preenchidos igual o do pedido de compras.
Método 1.1 – Só selecionar os itens no qual deseja incluir no recebimento e selecionar la em cima “IMPORTAR”.
Após isso só gravar o recebimento que ele mudará para o status de digitado.
Após esse processo, com tudo preenchido é só clicar em Confirmar recebimento para que ele atualize o estoque com os valores da entrada.
 Após feito esse processo a Situação irá alterar de Digitado para Recebido Total.
Método 2 – Esse método é o manual, deverá clicar em Cod Produto e selecionar o produto no qual deseja dar entrada.
Ao selecionar na Lupa irá abrir esta tela no qual é só preencher com o código do item e selecionar o item no qual deseja dar entrada.
Caso opte pela entrada manual, deverá se atentar com os parâmetros de cada item adiciona como por exemplo:
Qtd, Vl. Unitário, Unidade de medida, Nr Embalagens, Lote, C.Custo e etc.
Pois o preenchimento deverá ser correto para que não haja nenhuma divergência futuramente no estoque.
Deve se atentar também se está tudo devidamente correto no passo 2 Parcelas referente a nota.
Após tudo correto é so repetir o processo do Método 1.1, Clicar em Gravar e após estar tudo correto clicar em Confirmar recebimento, e verificar se a situação dele alterou de Digitado para Recebido total.","recebimento, realizar",https://unoerpwiki.herokuapp.com/pt-br/Realizar-o-recebimento
Estoque 📦,Ordenar os lotes por data de validade,Ordenar os lotes por,"data, lotes, data de validade, validade, ordenar",https://unoerpwiki.herokuapp.com/pt-br/ordenar-os-lotes-por-data-de-validade
Estoque 📦,Fup- Estoque - preço venda,"FUP – Estoque
Tela: EQW0012 - FUP – Estoque 	Corpo: 0001
Parâmetro relacionado: tbPrecoInterna
Campo: Preço Venda
O sistema utiliza a tabela que estiver definida no parâmetro para calcular o preço.
Parâmetro no modulo de vendas – ‘Tabela de Preço Interna’
Obs.: A tabela definida no parâmetro precisa estar atrelada ao item com valor de venda.
Ex: No parâmetro está definida a tabpadrao, e no item ela está com valor de 25,00 e o saldo em estoque seja 100 unidades.
O valor calculado no campo preço venda seria:
Quantidade X valor da tabela
100 X 25 = 2.500
No parametro a tabela que devera ser considerada
No cadastro do item precisa ter a tabela vinculada com preço definido.","estoque, fup",https://unoerpwiki.herokuapp.com/pt-br/Fup-estoque
Estoque 📦,Separação por quantidade e EAN,"Separação por quantidade e EAN
Separar item usando cod EAN e por quantidade multipla ou um a um.
Configurações:
Em > CDW0201 - Produtos e Serviços.
No cadastro do item precisa ser definido na aba ‘estoque’ no campo ‘Qtd Por Embalagem’, a quantidade que deseja que seja separado, ex: 6 – quando colocar o EAN na tela de separação irá separar de 6 em 6.
Na aba grupo precisa ter definido uma família comercial.
E precisa ter o EAN definido no item
Em > CDW0207 - Família Comercial
No cadastro de família comercial a tela precisa ser no corpo 0010.
E no campo ‘Fator de multiplicação’ neste exemplo eu defini para pegar o que eu parametrizei no cadastro do item. Porem se desejar que seja separado de um em um definir o 1.
Fator de multiplicação: Opções
1 → considera uma unidade por cada leitura do código de barras
Qtd informada no cadastro do produto → considera o campo Qtd por Embalagem (aba Estoque da tela CDW0201 - Produtos e Serviços)
Em > EQW0006 – Separação
Na separação a tela precisa ser no corpo 0010.
Na pratica.
Em > VDW0001 - Pedidos 
Criei um pedido de exemplo com 12 unidades e vou separar parcial, pois vou entregar 6. Para separação total funciona da mesma forma, ai precisa separar todas as quantidades normalmente.
Em > EQW0006 – Separação
Na tela de separação ao selecionar o pedido criado e abrir a expedição, trará os itens e no campo ‘Informe o código de barras abaixo’, colocar o EAN que está no cadastro do item ao dar tab o sistema irá separar de acordo com o configurado.
Nesse exemplo separou os 6, para separar o restante é só repetir o processo. E depois gravar, restante do processo é padrão.","separação, quantidade, ean",https://unoerpwiki.herokuapp.com/pt-br/Separacao-quantidade-EAN
Estoque 📦,Etiqueta para os Produtos do Estoque Modelo 1 - Não exibe preço/valor,"Etiqueta para os Produtos do Estoque- Modelo 1 – Não exibe Preço/Valor
Tela: EQW0005 – Recebimentos 	Corpo:
Problema
Ao imprimir as etiquetas de produto modelo 1 o valor do produto tag Preço/Valor sai como 0,00:
Tipos de etiquetas do produto, a impressão pode ser feita pelas telas:
•EQW0005 - Recebimentos
•PPW0001 - Ordem de Produção
•EQW0006 – Separação
Modelo 1
Código:
Q216,019
q831
rN
S3
D7
ZT
JF
O
R56,0
N
B649,143,2,1,2,6,52,N,""<CBARRAS_0>""
A682,53,2,1,1,2,N,""<L2_PRODUTO_0>""
A682,81,2,1,1,2,N,""<L1_PRODUTO_0>""
A333,81,2,1,1,2,N,""<L1_PRODUTO_1>""
A333,52,2,1,1,2,N,""<L2_PRODUTO_1>""
A253,196,2,1,1,2,N,""<NOME_EMPRESA_1>""
A596,197,2,1,1,2,N,""<NOME_EMPRESA_0>""
A273,166,2,1,1,1,N,""<TELEFONE_EMPRESA_1>""
A616,166,2,1,1,1,N,""<TELEFONE_EMPRESA_0>""
B306,144,2,1,2,6,52,N,""<CBARRAS_1>""
P1
Solução
Para que seja aplicado o Preço/Valor é necessário que o cliente tenha o parâmetro “Tabela de preço para etiqueta de produto” definido:
Módulo Cadastros Gerais: Cadastros Iniciais → Parâmetros Iniciais → CDW0001 - Parâmetros do Sistema – Módulo Cadastros Gerais
Após aplicar o parâmetro acima e definir a tabela no parâmetro, a impressão da etiqueta é realizada com o Preço/Valor.
No arquivo gerado fica conforme abaixo:","modelo, etiqueta, estoque, valor, exibe, produtos, preço",https://unoerpwiki.herokuapp.com/pt-br/Etiqueta-para-os-Produtos-do-Estoque-Modelo-1-N%C3%A3o-exibe-Pre%C3%A7o/Valor
Estoque 📦,FUP - Estoque - Filtro por produto zerado não é considerado,"FUP – Estoque - Filtro por produto zerado não é considerado
Tela: EQW0012 - FUP - Estoque	Corpo:
Problema:
O item consta com saldo negativo mas quando buscamos na tela EQW0012 - FUP – Estoque com a opção “Listar produtos zerados” e “Considerar só depósitos de venda” o item não está sendo exibido.
O item somente é exibido se desmarcar a opção “Considerar só depósitos de venda” estiver desmarcado.
Solução
Os filtros “Listar produtos zerados” e “Considerar só depósitos de venda” aplicados juntos não funcionam, a lógica seria buscar os itens com saldo usando a opção ""Considerar só depósitos de venda"".
Para buscar os itens zerados ou sem estoque é necessário desmarcar o ""Considerar só depósitos de venda"" e apenas marcar o listar produtos zerados.","produto, estoque, zerado, filtro, considerado",https://unoerpwiki.herokuapp.com/pt-br/FUP-Estoque-Filtro-por-produto-zerado-n%C3%A3o-%C3%A9-considerado
Estoque 📦,Recebimentos Recebe com Valores acima da variação,"Recebimentos - Recebe com valores acima da variação
Tela: EQW0005 – Recebimentos 	Corpo: 0001 (01.03)
Permissões Relacionadas: 	EQW0005A - Recebe com valores acima da variação
Problema:
O parâmetro ""Variação % Mínima/Máxima para alterar valor no recebimento"" consta como 0 e mesmo o usuário não tendo a permissão “EQW0005A - Recebe com valores acima da variação” permite alterar o Valor Base NF :
Descrição Solução:
Se o usuário não tem a permissão “EQW0005A - Recebe com valores acima da variação”, o sistema não permite receber compra com valores a maior ou a menor do que a variação informada nos parâmetros,
É necessário verificar se o recebimento está sendo feito por XML, pois para recebimento por XML não é feita essa validação, somente quando ocorre a importação do pedido de compra pela Lupa de pedido de compras.","acima, recebimentos, recebe, valores, variação",https://unoerpwiki.herokuapp.com/pt-br/Recebimentos-Recebe-com-valores-acima-da-varia%C3%A7%C3%A3o
Estoque 📦,Recebimento - Quantidade de etiquetas de produtos,"Recebimento – Quantidade de etiquetas de produto
Tela: EQW0005 – Recebimento 	Corpo:
Problema
No recebimento foi dado entrada no item com 10 quantidades, mas quando é feita a impressão das etiquetas é impressa apenas 1 etiqueta e não 10 referente as 10 quantidades.
Solução
Para que seja impresso a quantidade de etiquetas de acordo com a quantidade recebida o item não pode ter tipo de inventário definido como Lote/embalagem únicos, pois dessa forma o sistema não permite alterar o campo Nr Embalagens e esse que define a quantidade de etiquetas:
No exemplo acima o item tem definido o tipo de inventário Lote/Embalagem únicos:
Alteramos o tipo de inventário de Lote/Embalagem Únicos para Lote e a quantidade embalagem para 1 e vamos refazer o recebimento, ajustando o Nr embalagem para a mesma quantidade recebida e Qtd embalagem para 1:
Quando ajustamos a Nr embalagem e Qtd embalagem conforme acima, o sistema vai exibir 10 linhas no rodapé (igual a quantidade recebida) permitindo definir a Nr série, Depósito e outros:
A impressão pode ser feita pelo botão 
que imprime a etiqueta de todos os produtos do recebimento ou pelo ícone 
que imprime as etiquetas apenas do produto:
Após esse processo acima ao imprimir as etiquetas, o cliente usa o modelo de 2 colunas, dessa forma vai ser gerado 5 arquivos de etiqueta, dentro deles é possível verificar que gera 2 informaçoes (10 itens):
Como é exibido no arquivo, duas vezes os dados do produto:
Exemplo abaixo da impressão em 2 colunas:","etiquetas, recebimento, produto, quantidade",https://unoerpwiki.herokuapp.com/pt-br/Recebimento-Quantidade-de-etiquetas-de-produto
Estoque 📦,Recebimento -  Alterou o valor do titulo original na devolução,"Recebimentos – Alterou o valor do título original na devolução
Tela: EQW0005 – Recebimentos	Corpo: 0001 (01.03)
Parâmetros Relacionadas: 	Controla créditos de devoluções (título a receber negativo)
Problema:
Foi feita uma venda no valor de 2,00R$ e houve o recebimento por devolução parcial no valor de 1,00R$. O título gerado do pedido de venda constava com situação efetivo, porém quando confirmei o recebimento o sistema mudou o valor do título original de 2,00R$ para 1,00R$, consta uma Baixa por Devolução porém mudou o valor do título:
Solução
O título estava com situação de efetivo sem baixa e sem remessa gerada, dessa forma o valor devolvido será abatido do valor do título original. 
A baixa por devolução não é considerada no fluxo e nem no cálculo do saldo devido, por isso alteramos o valor do título.
Recomendação:
Lembrando que para que essa verificação seja realizada pelo sistema precisa que conste parametrizado conforme abaixo:
Quando é efetuado uma devolução com títulos total ou parcialmente pagos, para auxiliar o controle interno, o sistema pode gerar um título a receber com valor da venda em negativo. Para isso é preciso configurar o parâmetro: Controla créditos de devoluções (título a receber negativo) (0=Não, 1=Sim) = 1 (módulo estoque). Para melhor controle o tipo do título gerado será CR = Crédito de Devolução.
O recebimento precisa ser realizado Botão 
 :Abre a tela EQD0002 – Devolução
O parâmetro “Controla créditos de devoluções (título a receber negativo)” precisar estar ativo.
Módulo Cadastros Gerais: Cadastros Iniciais → Parâmetros Iniciais → CDW0001 - Parâmetros do Sistema - Módulo Estoque
No cadastro de Nop as seguintes opções devem estar selecionadas:
Módulo Vendas: Cadastro de NOP → CDW0018 - Cadastro de NOP
Gera Contas a Receber
Nop Devolução de Venda
Gera Crédito (título negativo)","devolução, titulo, valor, original, recebimentos, alterou",https://unoerpwiki.herokuapp.com/pt-br/Recebimentos-Alterou-o-valor-do-t%C3%ADtulo-original-na-devolu%C3%A7%C3%A3o
Estoque 📦,Recebimento - O mesmo item consta duas vezes na nota,"Recebimentos – O mesmo item consta duas vezes na nota     
Tela: EQW0005 	Corpo:
Descrição do Problema
O fornecedor enviou o mesmo item duas vezes no xml, quando o recebimento foi confirmado o sistema aplicou o saldo apenas no primeiro item do pedido de compra. Com isso o pedido de compra não foi finalizado:
Descrição da Solução
Para que o sistema acate o item correto no pedido de compra o fornecedor deve mandar no xml a sequência do item na tag <nItemPed>1</nItemPed>, por exemplo no pedido de compra o item 18554 está na sequência 1 e 2 que é a mesma do xml:
Constando a sequência correta no Xml ao confirmar o recebimento o sistema faz a baixa nos itens do pedido de compra conforme as sequencias do xml e pedido de compra. Com isso o pedido fica como recebido total:","recebimento, nota, consta, duas, vezes",https://unoerpwiki.herokuapp.com/pt-br/Recebimentos-O-mesmo-item-consta-duas-vezes-na-nota
Estoque 📦,Recebimento - Receber o item Kit e pela ordem de produção voltar os componentes para o estoque,"Recebimentos – Receber o item Kit e pela ordem de produção voltar os componentes para o estoque
Tela: EQW0005 - Recebimentos	Corpo:
Problema:
Cliente fez a venda de um item fabricado onde na nota e movimentação de estoque foi registrado o item Pai (kit), esse item foi devolvido, mas o cliente precisa que seja dado entrada nos componentes desse Kit no estoque.
Solução
Quando o item fabricado foi faturado a movimentação de estoque foi feita atualizando o estoque do item pai:
Vamos usar de exemplo o item fabricado 51822320 que tem uma estrutura cadastrada
Quando o cliente for realizar a devolução desse pedido de venda o sistema vai buscar o item e registrar a entrada conforme foi feito a saída e vai alimentar o estoque com a entrada do item pai apenas:
Com o recebimento confirmado é realizado a entrada do item pai no estoque:
Agora o cliente precisa que os itens da estrutura retornem ao estoque:
Para isso será criada uma OP negativa para que os itens da estrutura retornem ao estoque, no exemplo abaixo a devolução foi na quantidade de 1, portanto vamos criar uma OP com quantidade de -1:
Segue como fica a tela no reporte:
Após separar e reportar a OP a movimentação de estoque será gerada com a entrada dos componentes no estoque com saldo positivo, e o item fabricado 51822320 é retirado do estoque ficando como -1 na movimentação.","produção, receber, estoque, item, recebimentos, kit, pela, ordem, componentes",https://unoerpwiki.herokuapp.com/pt-br/Recebimentos-Receber-o-item-Kit-e-pela-ordem-de-produ%C3%A7%C3%A3o-voltar-os-componentes-para-o-estoque
Estoque 📦,Recebimento fica processando e não confirma,"RECEBIMENTO FICA PROCESSANDO E NÃO CONFIRMA
Ao confirmar um recebimento ele fica processando e não completa a confirmação, ao visualizar no Log ele apresenta o seguinte erro:
java.sql.SQLIntegrityConstraintViolationException: Duplicate entry '2-5430-5-476-0-PRODU▒▒O' for key 'PRIMARY’
SOLUÇÃO:
O que provavelmente pode ter ocorrido que é o usuário inseriu o C.Custo manualmente e com isso o sistema não consegue reconhecer a qual código ele está se referindo, com isso será necessário buscar o C.Custo do recebimento e dos itens pela lupa
Para os itens é necessário:
Apagar o código → Buscar o C.Custo pela Lupa → Gravar
Após isso, pode confirmar o recebimento normalmente.","recebimento, erro, processando, não confirma",https://unoerpwiki.herokuapp.com/pt-br/recebimento-processando-nao-confirma
Estoque 📦,Item não aparece no estoque na data,Item não aparece na tela EQW0030 - Estoque na,"estoque, data, item, não aparece, estoque na data",https://unoerpwiki.herokuapp.com/pt-br/Item-estoque-data
Estoque 📦,Recebimento Regime CST ou CSOSN acatado no recebimento via importação de XML,"EQW0005 – Recebimentos – Regime  (CST/CSOSN) acatado no recebimento via importação de XML 
EQW0005 - Recebimentos	 
Parâmetros relacionados	Permissões relacionadas
Problema
O cliente é do regime normal, mas está recebendo uma nota por XML de um fornecedor de regime simples nacional, o que vai carregar no recebimento CST ou CSOSN?
Cadastro do cliente:
Módulo Cadastros Gerais: Empresas → CDW0002 - Empresas
Solução
O recebimento acata CST ou CSOSN de acordo com o que consta no XML (fornecedor simples usando CSOSN ou regime normal usando CST), mas isso ocorre apenas para recebimento por XML, em caso de recebimento manual (sem importar o XML) vai respeitar o regime da sua empresa que é normal e usa CST.
Abaixo um exemplo de recebimento feito por XML onde o fornecedor é do simples nacional, conforme abaixo vai constar CSOSN:
Lembrando que para isso o recebimento deve ser feito por importação de XML, caso contrário ao acessar a tela será exibido conforme regime da empresa logada:","importação, xml, recebimento, regime, cst, csosn, acatado",https://unoerpwiki.herokuapp.com/Recebimento-regime-cst-csosn
Estoque 📦,E-mail aviso de produtos a vencer,"E-mail aviso de produtos a vencer
Tela: EQW0001 - Depósitos	Corpo: 0001 (01.01)
BO Customizado:	Parâmetro Relacionado: E-mail aviso de produtos a vencer
Descrição do Problema: Verificar se tem alguma rotina no sistema que avise sobre os produtos a vender.
Descrição da Solução: No cadastro de depósito tem a opção Dias de aviso e-mail de produtos a vencer, os depósitos que tiverem dias de aviso > 0, o sistema verifica os produtos vencidos ou a vencer com","e-mail, produtos, aviso, vencer",https://unoerpwiki.herokuapp.com/pt-br/E-mail-aviso
Estoque 📦,Recebimento - Campo diferença,"EQW0005 – Recebimentos – Campo diferença
Tela: EQW0005 - Recebimentos
Problema:
O campo “diferença” consta com % preenchido, o seria esse campo diferença:
Solução:
O campo “diferença”, é a diferença entre a quantidade recebida e o que consta no pedido de compra. Exemplo no pedido de compra tem 100 itens, e no recebimento está sendo recebido 50, por isso a diferença aparece como 50%.
O item abaixo a diferença é de 0%, pois constava com 100 itens no pedido de compra e foi recebido 100 itens no recebimento:","recebimento, campo, diferença",https://unoerpwiki.herokuapp.com/pt-br/Recebimento-campo-diferen%C3%A7a
Estoque 📦,Recebimento - Não aparece a Lupa para buscar produtos,"EQW0005 – Recebimentos – Não aparece a Lupa para buscar produtos
Tela: EQW0005 - Recebimentos	Corpo: 0001 (01.01)
Permissões Relacionadas: EQW0005G - Recebe sem informar o pedido de compra.
Descrição do Problema:  A lupa de busca de produtos não aparece no recebimento e a Nop utilizada não consta selecionado a opção Nop Devolução do Cliente.
Descrição da Solução: O usuário precisa ter a permissão EQW0005G - Recebe sem informar o pedido de compra,","recebimento, produtos, buscar, lupa",https://unoerpwiki.herokuapp.com/pt-br/recebimento-n%C3%A3o-aparece-lupa
Estoque 📦,Separação de item,"EQW0006 - Separação
Tela: EQW0006 - Separação	Corpo: 0001 (01.02)
Descrição do Problema: 
Tem item em estoque, porém ao acessar na separação, não é possível realizar a separação pois não encontra o item em estoque.
No relatório fup de estoque mostra que tem quantidade de item disponível.
No relatório fup de reserva mostra que não contém reserva de pedido para o item.
Porém na separação não é possível separar pois informa que não tem estoque suficiente para o item.
Na tela de acerto de estoque é possível verificar que tem um pedido vinculado ao item, por isso ele não apresenta na separação.
Para desfazer basta clicar no item editar, remover o vínculo do Cód. Pedido Venda e atualizar estoque.
Assim estará liberado para realizar a separação do item.","separacao, item",https://unoerpwiki.herokuapp.com/pt-br/Separacao-item
Estoque 📦,Pré Separação não muda a situação do pedido,"EQW0015 - Pre-Separacao – Não muda a situação do pedido
EQW0015 - Pre-Separacao
Parâmetros relacionados
Cod Situação do Pedido para Pré-Separação
Cod Situação do Pedido para Separação
Problema
Ao selecionar e atualizar todos os itens na tela EQW0015 - Pre-Separacao a situação dos itens é atualizada mas o pedido permanece na mesma situação:
Para que o pedido seja exibido na tela de EQW0015 - Pre-Separacao, o pedido precisa ser salvo na situação definida no parâmetro “Cod Situação do Pedido para Pré-Separação”:
Módulo Cadastros Gerais: Cadastros Iniciais → Parâmetros Iniciais → CDW0001 - Parâmetros do Sistema - Módulo Vendas
Após salvar o pedido com a situação definida no parâmetro ele é exibido na tela EQW0015 - Pre-Separacao:
É necessário selecionar os itens do lado direito conforme acima e clicar em “Atualizar”, apenas os itens selecionados serão exibidos na tela de separação. No exemplo abaixo eu marquei todos os itens, então na tela EQW0006 – Separação todos os itens serão exibidos:
Solução:
Quando os itens são pré separados total ou parcialmente apenas a situação dos itens é alterada conforme definido no parâmetro “Cod Situação do Pedido para Separação”, é premissa da tela não alterar a situação do pedido apenas dos itens.
Módulo Cadastros Gerais: Cadastros Iniciais → Parâmetros Iniciais → CDW0001 - Parâmetros do Sistema - Módulo Vendas
Por isso ao pré separar todos os itens do pedido a situação se manteve conforme o parámetro e no histórico do pedido é registrado que a situação do item foi alterada:","pedido, situação, pre separação",https://unoerpwiki.herokuapp.com/pt-br/Pre-separacao
Estoque 📦,Inventario - Não é possivel buscar o produto pelo cod ean,"EQW0101 - Inventário - Não é possível buscar o produto pelo Cod Ean
Tela: EQW0101 - Inventário	Corpo: 0001 (01.01)
Descrição do Problema:  No módulo Estoque - Inventário - Inventariar ao inserir o Cod Ean o sistema não acata a informação. A tela carrega novamente e cod Ean informado some.
Descrição da Solução: O Ean deve estar cadastrado em algum produto com etiqueta impressa. Para realizar o processo é necessário ir no módulo de Estoque – Reimpressão de Etiqueta. Se a situação do item estiver como diferente de impressa não é possível a busca pelo Cod Ean na tela Inventariar EQW0101 – Inventário. Selecionar o produto e clicar em imprimir.
O produto deve ter um Template Etiqueta vinculado, para incluir o template ir em Cadastro de Produtos na tela CDW0201 - Produtos e Serviços na aba Detalhe:","produto, inventario, buscar, ean, cod",https://unoerpwiki.herokuapp.com/pt-br/inventario-buscar-produto
Estoque 📦,Reserva automática de estoque,"Reserva automática de saldo 
Tela:  VDW0001 - Pedidos
Corpo: 0001
Problema: Cliente precisa que o sistema reserve o saldo dos itens ao criar o pedido de venda!
Solução: Dentro do sistema atualmente, existe um parâmetro que realiza a “Reserva” de saldo dos pedidos assim que o mesmo é atualizado para tal situação de venda, porem essa reserva não impede que o mesmo seja utilizado por outros pedidos, então, para isso devemos seguir os seguintes passos!
Primeiro iremos verificar em qual situação de venda o parâmetro está configurado, vamos então em Cadastros Gerais > Cadastros Iniciais > Parâmetros Iniciais > Modulo > Planejamento! 
Lá vamos conseguir visualizar o seguinte campo “Cod Situação do pedido de VENDA para reservar estoque” , nele iremos informar a situação em que o pedido deve estar para reservar o saldo do pedido de venda
Após configurado, iremos deixar o pedido na situação cadastrada
Logo após, no passo 2 em “simulação de estoque” conseguiremos ver a “Reserva” realizada pelo sistema 
Quando é gerado um novo pedido de venda, com os itens que foram informados no pedido anterior, se o saldo for maior ou igual ao que foi reservado, o sistema irá mostrar a quantidade em vermelho, informando que não existe saldo em estoque.
Porem, mesmo assim o pedido não será impedido de ser criado e o saldo ser utilizado, para isso, existe uma permissão no sistema, sendo ela a “ VDW0001Y - Permite gravar pedido com itens sem estoque disponivel “.
Sem essa permissão, o colaborador não irá conseguir alterar a situação do pedido de venda, para as situações igual ou maior que 20, é possível ver essa informação em Cadastro Gerais > Cadastros iniciais > Situação pedido de venda.
Assim, sem a permissão, o sistema não irá permitir a gravação do pedido, pois com as reserva de estoque, o sistema não identifica saldo para o item!","estoque, reserva, automatica",https://unoerpwiki.herokuapp.com/pt-br/Reserva-estoque
Estoque 📦,Recebimentos – Forma de Pagamento,"EQW0005 – Recebimentos – Forma de Pagamento
Tela: EQW0005 - Recebimentos	Corpo: 0001 (01.01)
Descrição do Problema: De onde o sistema busca a forma de pagamento do recebimento quando é recebimento de fornecedor.
Descrição da Solução: Se no pedido de compra tem forma de pagamento definida o sistema acata o do pedido, caso contrário busca o que consta no cadastro do fornecedor.","recebimento, pagamento, forma",https://unoerpwiki.herokuapp.com/pt-br/Forma-pagamento-recebimento
Estoque 📦,Processo para zerar geral os itens,"Processo para zerar geral os itens
Tela: EQW0100 - Manutenção Inventário	Corpo: 0001 (01.01)
Processo para realizar um inventário geral dos itens, para casos onde precisa zerar todo o estoque e subir uma contagem nova para todos os itens.
Para validar as informações, antes retirado um FUP de estoque somente para validar as quantidades existentes antes do processo. Todos os itens com as quantidades disponiveis.
Em estoque > Inventario > manutenção inventario, criar um inventário com o ‘Tp Inventário’ como ‘Geral’ e gravar. 
Após criado clicar em ‘Finalizar’.
Irá abrir a tela para contagem, nesta tela tras todos os itens zerados, confirmar se esta ok todos zerados e clicar em atualiza estoque.
Esta ação irá zerar todo o estoque, ao clicar irá dar o alerta em tela, deve clicar em ok
O processo caso a empresa possua muitos itens é um pouco demorada, neste caso ao dar o OK precisa aguardar o sistema finalizar o processo, quando finaliza ele retorna na tela principal do menu.
Para validar se zerou a quantidade de todos os itens, validamos no FUP de estoque novamente.
Com os itens todos zerados vamos importar a planilha com a contagem, na tela de manutenção para obter a planilha clicar na interrogação que abre nosso manual.
No clique aqui abrira o downlowd para baixar a planilha.
Salvar o arquivo.
Ele vem em branco e precisa ser inserido as informações.
Os campos obrigatórios para importação são: cod_produto, qtd_contada, cod_deposito, cod_lote, vl_custo_total, cod_embalagem.
Obs: Caso trabalhem com numero de serie, nos campos ‘cod_lote’ e ‘cod_embalagem’ não pode ser 1 para ambos caso tenha para um mesmo item varios numeros de seríe, pois ao importar o sistema sobrescreve e mantem um somente, neste caso deve manter cod_lote =1 e mudar a embalagem ou vice e versa, (lembrando no cadastro do item ele precisa ser no campo ‘Tipo inventário’ lote e nr de serie), como modelo abaixo.
Com a planilha devidamente preenchida, deve se criar um novo ‘manutençao inventario’ do tipo ‘Excel’, importar o arquivo.
Ao clicar em enviar ele abrirá a janela para informar um nome para o inventario a realizar.
Com o inventario criado, cricar em ‘Abrir’, aqui pode ser validado as informações que subiram, se estiver tudo correto clicar em finalizar. 
Sera levado a tela de divergencia para checagem, caso haja alguma alteração ou ajuste para fazer antes de finalizar e atualizar de fato o estoque. 
Se tudo estiver correto clicar em atualizar estoque, será aberto a janela de confirmação e clicar em ok.
Para validar se as informações subiram corretamente vamos tirar um FUP de estoque novamente.","processo, zerar, itens, geral",https://unoerpwiki.herokuapp.com/pt-br/processo-zerar-estoque
Estoque 📦,Separação - Número de série inválido ao dar baixa com o leitor,"ESTOQUE > RECEBIMENTO > REIMPRESSÃO DE ETIQUETAS.
Tela: EQW0006 - Separação	Corpo: 0001
Número de serie invalido ao dar baixa com leitor
Todas vez que você efetuar uma entrada(qualquer produto), mas neste caso do produto 7016 é necessário você imprimir a etiqueta e coloque no produto, realizamos um teste e identificamos que a etiqueta que esta atualmente no produto não esta tratando a entrada corretamente, então primeiramente orientamos que realize a impressão da etiqueta na tela a seguir: CADASTROS GERAIS > ESTOQUE > REIMPRESSÃO DE ETIQUETAS
Nesta Seleção que eu circulei mostra um código interno uno, e após ele será gerado um código novo para o produto que foi dado entrada. Nesta tela selecione o item que você deseja reimprimir (se for todos, selecione todos) , e reimprima. Esta tela pode ser utilizada sempre que tiver um erro de etiqueta ou se por exemplo a etiqueta rasgou e etc...
Utilize as etiquetas impressas para efetuar a separação do produto 7016 na tela EQW0006 - Separação.
Após isso você notara que vai conseguir efetuar normalmente a separação.
Necessário também orientar a questão do cadastro do produto, segue a tela abaixo:
CADASTROS GERAIS > PRODUTOS E SERVIÇOS > ABA DE ESTOQUE.
Nessa tela de cadastro, se atente no cadastramento do tipo de inventário, porque no momento do recebimento do produto, isso poderá acarretar em erros futuros. Notamos que a empresa estava por tipo de inventário de lote, seria ideal fazer o acompanhamento por número de série, já que a etiqueta esta por série.","separação, invalido, eqw0006, número, serie, dar baixa com leitor",https://unoerpwiki.herokuapp.com/pt-br/EQW0006-Separa%C3%A7%C3%A3o-N%C3%BAmero-de-serie-invalido-ao-dar-baixa-com-leitor
Produção 🏭,Busca De Linha de Produção,"Busca de Linha de Produção
Tela: PPQ0002 - Busca de Linha de Produção	Modulo: Produção
Módulo Produção: Planejamento de produção 3  à PPQ0002 - Busca de Linha de Produção
Descrição:Tela utilizada para busca de linhas de produção.
Descrição dos Campos, Implicações e Exemplos
Na tela de Planejamento de produção 3 (colocar hiperlink para levar a tela <<), na coluna Linha de Produção ao clicar na lupa abre a tela PPQ0002 - Busca de Linha de Produção 
Label  🔎 Habilita a tela à PPQ0002 - Busca de Linha de Produção
Código: Código como cadastrado em à PPW0002 - Linha de Produção (colocar hiperlink para levar a tela <<).
Desc abrev: Descrição abreviada como cadastrado na linha.
Buscar Busca as informações conforme definido na tela, ou geral se não definir as informações","produção, busca, linha",https://unoerpwiki.herokuapp.com/pt-br/Busca-linha-producao
Produção 🏭,Importar Pedidos Franqueados,"Importa Pedidos Franqueados
Tela: VDW0038 	Corpo: 0001 (01.01)
É acessado na empresa 1 a tela PPW0004 - FUP - Ordem de Produção e identifica quais pedidos de vendas terão transportes atendidos até determinada","importar, pedidos, franqueados",https://unoerpwiki.herokuapp.com/pt-br/Importar-Pedidos-Franqueados
Produção 🏭,Motivos Devolução,,Nenhuma palavra-chave encontrada,https://unoerpwiki.herokuapp.com/e/pt-br/motivos-devolu%C3%A7%C3%A3o
Produção 🏭,Simulação Da Produção-Custo em branco,"Simulação da Produção – Custos em branco
Tela: PPW0005 - Simulação da Produção	Corpo:
Permissões relacionadas	PPW0005C - Permite mostrar custo do produto
Problema
Ao acessar a tela PPW0005 - Simulação da Produção os campos de custo unitário e custo necessário não estão sendo preenchidos, o campo é exibido vazio:
Solução
Para exibir os custos é necessário que o usuário tenha habilitada a permissão PPW0005C - Permite mostrar custo do produto, pois com a permissão habilitada é exibido a opção “Mostrar Custo” onde é definido qual custo será considerado:
No campo “Mostrar Custo”, o colaborador tem duas opções de custo:
•Reposição: Mostra o valor do custo baseado no custo FOB * Qtd de Produtos Necessária.
•Médio: Mostra o valor do custo baseado no custo Médio * Qtd de Produtos Necessária.","produção, custos, simulação, branco",https://unoerpwiki.herokuapp.com/pt-br/Simula%C3%A7%C3%A3o-da-Produ%C3%A7%C3%A3o-Custos-em-branco
Produção 🏭,Montagem de kits,"Montagem de Kit
Montagem de Kit no processo manual.
  Criação do item Pai e sua estrutura
Primeiro processo:
   - Levar para nota somente o item Pai, sem considerar a estrutura ‘filhos’ na nota, porem realizar a movimentação de    baixa dos filhos.
2. Segundo processo
- Levar para nota o item Pai e realizar a movimentação de baixa de todos.
Primeiro processo:
1.1 – Cadastro do item pai.
Em Cadastros Gerais > Produtos e Serviços 
Cadastra o item com a descrição e nome que necessita, como item faturado, deixando marcado na aba ‘Estoque’ a opção de ‘Item Fantasma’
Na aba ‘Detalhes’ a opção ‘Tp Impressão’ como ‘Imprime item’, para que na nota seja considerado o ‘Pai’
1.2 Cadastro dos itens filhos. 
Cadastra os itens com a descrição e nome que necessita, como item faturado, deixando marcado na aba ‘Estoque’ a opção de ‘Atualiza Estoque’
Na aba ‘Detalhes’ a opção ‘Tp Impressão’ como ‘Imprime item’
Fazer o mesmo processo para todos os filhos que forem necessário.
1.3 Criando a estrutura.
Em Produção > Estrutura de Produtos
Cadastrar a estrutura com os itens que necessita.
Colocar o item Pai criado e em seu componentes os filhos.
Importante estar marcado:
- Carrega o item para o Pedido?
- Carrega o item para a NF?
Após inserido todos os filhos e gravar ficara da seguinte forma:
1.4 Criando pedido de venda.
No momento da inclusão do item fantasma no pedido de venda (denominado PAI), o sistema automaticamente inclui os itens de sua estrutura 1º nível (denominado filhos), de forma que o usuário NÃO os veja. Para fins comerciais está sendo considerado apenas o item ‘Pai’ que representa os agrupamentos desses itens.
Na tela de separação constara somente os filhos para serem separados, 
Na tela de faturamento tras para visualização o item ‘Pai’ e os ‘Filhos’, porem na Danfe só é levado o ‘Pai’
No danfe em si somente é considerado o item ‘Pai’
Segundo Processo: 
2 - Processo para que seja feita a baixa também do ‘Pai’ juntamente com os ‘Filhos’
Por conceito Item Fantasma NÃO baixa estoque, porem dependendo da forma que a estrutura do produto foi idealizada, É Possível marcar o item fantasma como baixa estoque, portanto, no momento do faturamento o sistema baixará os itens da estrutura e TAMBÉM o item pai.
No cadastro do ‘Pai’ na aba ‘Estoque’ deve se definir como ‘Atualiza Estoque’ e ‘Item Fantasma’
No pedido de venda nada muda somente aparece o item ‘Pai’
Na tela de separação ficara visível para separar todos os itens da estrutura, Pai e Filhos.
Na tela de faturamento trás para visualização o item ‘Pai’ e os ‘Filhos’
E na Danfe é levado o item ‘Pai’","montagem, kits",https://unoerpwiki.herokuapp.com/pt-br/montagem-kits
Produção 🏭,Quantidade Reporte,"Quantidade errada no reporte de produção
Tela: PPW0003 - Reporte de OPs	Corpo: 0001
Descrição do Problema: No reporte de OP o sistema não está trazendo a quantidade que foi informada na estrutura do produto.
Descrição da Solução: No cadastro do produto quando o mesmo é fabricado abre a aba “fabrica”, e nessa aba possui o “checkbox” Permite QTD fracionada, caso não esteja marcada o sistema faz o envio da quantidade arredondada, mesmo que na estrutura do produto esteja quantidade fracionada.","produção, quantidade, reporte",https://unoerpwiki.herokuapp.com/pt-br/Quantidade-reporte
Produção 🏭,Reporte de OPs – Permite reportar Op sem selecionar Componente,"PPW0003 - Reporte de OPs – Permite reportar Op sem seleccionar Componente
PPW0003 - Reporte de OPs
Parâmetros relacionados
Permite Reportar OP sem selecionar Componente
Permissões relacionadas
PPW0003SE - Permite Reportar OP sem Estoque
Problema
o parâmetro ""Permite Reportar OP sem selecionar Componente?"" está como Não porém está permitindo reportar a OP sem separar os itens:
Solução
O colaborador que esta realizando o processo não pode ter habilitada a permissão PPW0003SE - Permite Reportar OP sem Estoque:
Retirando a permissão o sistema bloqueia o processo:","estoque, permite, reporte, op, reportar, ops, selecionar, componente",https://unoerpwiki.herokuapp.com/pt-br/Reporte-ops-componente
Produção 🏭,Reporte de OPs - Botão Incluir,"Reporte de OP - Botão Incluir
Tela: PPW0003 - Reporte de OPs	Corpo: 0001 (01.01)
Problema: Ao acessar a tela de Reporte de OPs não estava aparecendo o botão “Incluir” para o usuário inserir um item na estrutura da OP.
Solução: É necessário incluir a permissão PPW0003PP - Permite alterar Produtos Filhos/Componentes da Estrutura da OP em algum grupo que o usuário esteja atribuído.","botão, incluir, reporte de op",https://unoerpwiki.herokuapp.com/pt-br/reporte-de-op-bot%C3%A3o-incluir
Produção 🏭,Ordem de produção - corpo rochacara,"PPW0004 - FUP - Ordem de Produção – Corpo Rochacara (01.01) 
PPW0004 - FUP - Ordem de Produção	Caminho
Problema
Ao buscar o relatório PPW0004 - FUP - Ordem de Produção – Corpo Rochacara (01.01) o campo Valor Total da OP está sendo exibido com valor 0,00 em algumas OPs.
Solução
o sistema considera o preço definido no pedido de venda X quantidade reportada na OP, segue um exemplo de um item com preço definido no pedido e que exibe com valor no relatório:
Sendo o preço venda 200,00 * 15 = 3.000
No item que consta com valor zerado, no pedido ele está definido com preço venda 0,00:","produção, corpo, ordem, rochacara",https://unoerpwiki.herokuapp.com/pt-br/ordem-producao-corpo-rochacara
Produção 🏭,Emissão De etiquetas de produto,"PPR0003 - Emissão de etiquetas de produção
Modulo: Produção	Tela: PPR0003 - Emissão de etiquetas de produção
Corpo: (01.01)  	 
Módulo Produção: Ordem de produção à PPR0003 - Emissão de etiquetas de produção
Descrição: Imprime etiqueta de produção.
Descrição dos Campos, Implicações e Exemplos
Label Na tela à PPW0001 – Ordem de produção (colocar hiperlink tela já existe no Uno <<), ao abrir uma ordem de produção na linha do reporte, ao clicar na label - Imprimir Etiquetas, é impresso etiqueta de produção.
Modelos: clique aqui (Etiquetas à colocar hiperlink tela já existe no Uno <<).","etiqueta, produto, emissão",https://unoerpwiki.herokuapp.com/pt-br/Emissao-etiqueta-produto
Produção 🏭,Estrutura de produtos campo situação componentes,"ENW0001 - Estrutura de Produtos – Campo Situação Componentes
Tela: ENW0001 - Estrutura de Produtos	Corpo: 0001 (01.01) 
Foi incluído o campo situação nos componentes da estrutura a tela ENW0001 - Estrutura de Produtos:
Essa opção serve para inativar os componentes da estrutura sem ter que excluir o item, com isso somente vai carregar os itens filhos ativos para os seguintes programas:
PPW0001 - Ordem de Produção,     
PPW0005 - Simulação da Produção
PLW0005 - MRP - Produção
Foi um desenvolvimento feito pela Equipesca, documentação e informação completa na oc 293699.","estrutura, campo, situação, produtos, componentes",https://unoerpwiki.herokuapp.com/pt-br/Estrutura-produtos
Produção 🏭,Ordem de Produção – Parâmetro Cód. Depósito para Estorno da Liberação de Produção,"PPW0001 - Ordem de Produção – Parâmetro Cód. Depósito para Estorno da Liberação de Produção
PPW0001 - Ordem de Produção	 
Parâmetros relacionados
Cod Depósito para liberação da Produção
Cód. Depósito para Estorno da Liberação de Produção
Caminho
Módulo Cadastros Gerais: Cadastros Iniciais → Parâmetros Iniciais → CDW0001 - Parâmetros do Sistema – Módulo Produção
Problema
O parâmetro “Cód. Depósito para Estorno da Liberação de Produção” constava em branco, o usuário queria saber o motivo de os itens não retornarem para o depósito padrão quando realizava o estorno.
Solução
Vamos exibir o exemplo com um item, no cadastro do produto consta depósito padrão o “Dep Outros”:
No parâmetro Cod Depósito para liberação da Produção consta 11 Dep Produto Acabado:
Quando é feita a liberação o sistema gera uma movimentação de saída do depósito 16 Teste Tamiris (onde constava o saldo do item) e uma de entrada para o depósito 11-Dep Produto Acabado:
Quando eu acesso a tela de liberação e estorno essa liberação, os itens retornam ao depósito definido no parâmetro “Cód. Depósito para Estorno da Liberação de Produção”. Caso esse conste em branco o saldo permanece no depósito onde foi feita a liberação:
Para que o item retorne a um depósito específico é necessário que o parâmetro “Cód. Depósito para Estorno da Liberação de Produção” seja definido, no exemplo deixei como 16 Teste Tamiris:
Com o parâmetro acima definido o sistema gera uma nova entrada no depósito parametrizado quando estorna a liberação:","estorno, ordem de produção, parâmetro, liberação de produção",https://unoerpwiki.herokuapp.com/pt-br/Ordem-producao-cod-deposito
Produção 🏭,MRP - Vendas,"PLW0004 - MRP - Vendas
Tela: PLW0004 - MRP - Vendas	Corpo: 0001 (01.01)
Parâmetros Relacionados:
Cód. Situação do Pedido de VENDA para Planejamento – Módulo Planejamento
O acesso a tela é através do Módulo Produção: MRP - Vendas → PLW0004 – MRP:
MRP - Material Requirement Planning, que significa Planejamento das Necessidades de Materiais.
Essa tela permite o planejamento de compras, verificando a necessidade de insumos. Esse planejamento é baseado na demanda para venda e quantidade em estoque das matérias primas ou componentes da produção.
Preencher o filtro “Considerar Pedidos de Venda com","vendas, mrp",https://unoerpwiki.herokuapp.com/pt-br/MRP-vendas
Produção 🏭,Não está gerando OC pela tela PLW0005 - MRP - Produção,"Não está gerando OC pela tela PLW0005 - MRP - Produção
Tela: PLW0005 - MRP - Produção	Corpo: 
Descrição do Problema: Ao selecionar o item e o botão Gerar Oc na tela PLW0005 - MRP – Produção a Ordem de compra não era gerada.
Descrição da Solução: No cadastro do produto na aba Compras precisa estar preenchido o campo Cod Fornecedor Preferencial.","produção, não está gerando, oc, plw0005, mrp produção",https://unoerpwiki.herokuapp.com/pt-br/n%C3%A3o-est%C3%A1-gerando-oc-pela-tela-plw0005-mrp-produ%C3%A7%C3%A3o
Vendas 🛒,Impressão de Comissão Por Pedido,"Impressão de Comissão por Pedido
Tela: VDR0032	Corpo: (01.01) 
Módulo Vendas: Comissão, Comissão por Pedido;
Descrição: Imprimi o relatório de comissionamento. 
Descrição dos Campos, Implicações e Exemplos
Comissão por Pedido: Aqui é necessário preencher os campos de","comissão, impressão, pedido",https://unoerpwiki.herokuapp.com/pt-br/Impressao-de-comissao-por-pedido
Vendas 🛒,Impressão de Comissão Por Distribuidor,"Impressão de Comissão por Distribuidor    
Tela: VDR0030 	Corpo: (01.01)
Módulo Vendas: Comissão, Comissão a Receber do Distribuidor;
Descrição: Imprimi o relatório de comissionamento do distribuidor. 
Descrição dos Campos, Implicações e Exemplos
Comissão a Receber do Distribuidor: Aqui é necessário preencher os campos de","comissão, impressão, distribuidor",https://unoerpwiki.herokuapp.com/pt-br/Impress%C3%A3o-de-Comiss%C3%A3o-por-Distribuidor
Vendas 🛒,Comissão do Vendedor,"Comissão do Vendedor
Tela: SVD0007 - Comissão do Vendedor	Corpo: 0001 (01.01) 
Parâmetros Relacionados:
Quantidade de parcelas padrão para pagamento de comissões – Módulo Serviço
Percentual Dedução para Pagamento de Comissões - Módulo Serviço
O acesso a tela é através do Módulo Serviços: Planos/Contratos → SVW0001 - Planos/Contratos pelo ícone %:
Ao clicar no ícone “%” é exibida a tela SVD0007 - Comissão do Vendedor. Essa tela informa número de parcelas para pagamento de comissão e","vendedor, comissão, do",https://unoerpwiki.herokuapp.com/pt-br/comiss%C3%A3o-do-vendedor
Vendas 🛒,Emissão de diferentes tipos de serviço,"Emissão de diferentes tipos de serviço 
Tela: CDW0201 - Produtos e Serviços	Corpo: Corpo: 0001
Problema: Cliente deseja emitir nota de serviço, porem precisa utilizar mais de um serviço por emissão.
Solução: Todos os clientes possuem um cadastro municipal para emissão de NSF-e, e nesse cadastro é preenchido as seguintes informações importantes para a emissão da nota: 
Código do serviço municipal
Descrição do serviço
CNAE
Item da lista de serviço
Sendo assim, sempre que o cliente emitir uma nota de serviço, é enviado os dados da nota a prefeitura, e ela valida se as informações dos itens acima são compatíveis umas com as outras!
Porem alguns clientes emitem outros tipos de serviço, e consequentemente é necessário informar uma descrição de serviço municipal diferente, então para isso:
Primeiro vá até o cadastro do cliente na plataforma integradora:
https://app.enotasgw.com.br/Empresa#_
Informe o apenas os números do CNPJ do cliente, sem nenhum caractere especial
Abrindo o cadastro do cliente, vá na aba Dados municipais e deixe o campo “ Descrição do serviço ” em branco, pois teremos que enviar a descrição do serviço diretamente pelo Json da nota
*Caso não consiga deixar esse campo em branco, será necessário solicitar a alteração ao time de suporte do E-NOTAS
Feito o processo, o cliente deve ir até o cadastro do serviço que ele irá utilizar, e preencher os seguintes campos na aba “Fiscal “ 
*O campo “Desc. Nota Fiscal” não precisa ser preenchido através da lupa, o mesmo deve ser informado diretamente no campo em branco!
Para o preenchimento correto, o cliente deve validar todas as informações com a contabilidade, normalmente os campos em questão, possui nomenclaturas diferentes das que constam no UNO, então para auxiliar, o mesmo pode utilizar as informações abaixo!
codigoServicoMunicipio = Cod Produto Rps
itemListaServicoLC116 = Cod Serviço Federal
cnae = Cod Atividade RPS
Após todo o preenchimento, basta o mesmo emitir a nota de serviço!
*Cada serviço cadastrado na empresa, deve estar parâmetrizado dessa forma, pois caso os campos estejam em branco, pode causar erros e divergencias nas notas!","emissão, tipo de serviço",https://unoerpwiki.herokuapp.com/pt-br/tipos-de-servi%C3%A7o
Vendas 🛒,Emissão de NF de retorno de Armazenagem,"Emissão de NF de retorno de Armazenagem
Tela: VDQ0005 	Corpo: 0001 (01.01)
A tela é acessada pela aplicação, Módulo Vendas - Pedidos - VDQ0005 - Emissão de NF de retorno de Armazenagem:
A tela é exibida quando clica na lupa de busca de produto no passo 2 do pedido:
Ao clicar na lupa é aberta a tela abaixo, ao clicar no botão buscar é exibido os recebimentos realizados para esse cliente onde a opção “Nop armazenagem” constava selecionado na Nop:
Para que a tela seja exibida é necessário que a Nop conste com a opção “Nop armazenagem” selecionada e que tenha sido realizado um recebimento do cliente com essa mesma opção selecionada na Nop:
Módulo Vendas: Cadastro de NOP → CDW0018 - Cadastro de NOP 
É necessário que o depósito selecionado no recebimento conste com uma localização e cliente cadastrado:
A mesma localização cadastrada no depósito deve ser selecionada no recebimento:
Módulo Estoque: Recebimento → EQW0005 – Recebimentos
O relatório (VDQ0005 - Emissão de NF de retorno de Armazenagem) gerado no sistema UNO considera os recebimentos realizados onde a localização preenchida está vinculada ao código do cliente (Estoque - Depósitos) e exibe os itens que possuem saldo em estoque.
Obs: Esta tela é um plug-in que deverá ser contratado à parte","armazenagem, nf, emissão, retorno",https://unoerpwiki.herokuapp.com/pt-br/Emiss%C3%A3o-de-NF-de-retorno-de-Armazenagem
Vendas 🛒,Busca de Mensagem NF,"Busca De Mensagem NF
Tela: VDQ0006 	Corpo: 0001 (01.01)
Permissões Relacionadas	VDQ0006 - Busca de Mensagem NF
A tela é acessada pelo Módulo Vendas: Pedidos → Botão Mensagens NF → VDD0006 - Mensagem da NF
Ao clicar no botão “Mensagem NF” o sistema exibe a tela VDD0006 - Mensagem da NF:
Nessa tela é possível vincular uma Mensagem que pode ser exibida no pedido, impresso na Nota ou em ambos de acordo com o cadastro realizado. Clicar na lupa e buscar a mensagem e clicar em enviar, após é só gravar o pedido e a mensagem vai constar vinculada ao mesmo.
Obs: É necessário que a mensagem seja previamente cadastrada através da tela VDW0006 - Cadastro de Mensagens NF:
Módulo Vendas: Cadastro de Mensagens NF → VDW0006 - Cadastro de Mensagens NF
Na tela acima, selecionar o tipo e a descrição da Mensagem, após gravar, as mensagens cadastradas serão exibidas na tela VDD0006 - Mensagem da NF.","nf, busca, mensagem",https://unoerpwiki.herokuapp.com/pt-br/Busca-de-Mensagem-NF
Vendas 🛒,Entrega Futura_CorpoGHT_plugin,"Entrega Futura
Tela: VDQ0004  	Corpo: 0001 (01.01)
Permissões Relacionadas:	VDQ0004 - Entrega Futura
Parâmetros Relacionados:	Cód. Depósito E-Fut
A tela é acessada pela Aplicação, Módulo Vendas - VDW0001 – Pedidos - VDQ0004 - Entrega Futura:
Ao acessar o pedido, clicar no passo 2 e clicar na lupa de busca de produto para que a tela VDQ0004 - Entrega Futura seja acionada:
Para que a tela VDQ0004 - Entrega Futura seja exibida a Nop deve constar com a opção “E-fut” selecionada (imagem abaixo) e o corpo da tela de Pedidos deve ser o Ght (01.01) conforme acima.
É necessário que tenha um depósito preenchido no parâmetro “Cód. Depósito E-Fut” (Módulo Cadastros Gerais: Cadastros Iniciais → Parâmetros Iniciais → CDW0001 - Parâmetros do Sistema – Módulo Estoque). O depósito preenchido no parâmetro deve constar com uma localização/cliente vinculados:
A tela (VDQ0004 - Entrega Futura) considera os itens do depósito definido no parâmetro onde tem saldo em estoque e estão vinculados a localização/cliente do depósito definido, conforme acima.
Obs: **Esta tela é um plug-in que deverá ser contratado à parte**","entrega, futura",https://unoerpwiki.herokuapp.com/pt-br/Entrega-Futura
Vendas 🛒,Gerou titulo no valor do frete e no valor do pedido,"Titulo para frete e pedido
Tela: VDW0001 - Pedidos	Corpo: 0001 	
Parâmetros Relacionados: 
Indica se gera título no faturamento para frete do tipo FOB com valor informado no pedido
Problema:
Ao faturar o pedido está sendo gerado um título no valor do frete e outro com o valor do pedido.
Solução
Foi criado um novo parâmetro ""Indica se gera título no faturamento para frete do tipo FOB com valor informado no pedido” e constava como SIM, por isso gerava um título a parte com o frete. O parâmetro precisa estar como NÃO. 
Ir em Módulo Cadastros Gerais: Cadastros Iniciais → Parâmetros Iniciais → CDW0001 - Parâmetros do Sistema -Módulo – Vendas.","titulo, frete",https://unoerpwiki.herokuapp.com/pt-br/titulo-frete-e-pedido
Vendas 🛒,CIAP,"Ciap
Tela: VDW0036 	Corpo: 0001 (01.01)
Tela acessada pelo Módulo Vendas > CIAP.
O CIAP – Controle de Crédito do Ativo Permanente é um documento obrigatório para legalizar o crédito de ICMS decorrente das aquisições de mercadorias destinadas ao ativo imobilizado que está ligado a sua utilização na produção e/ou comercialização de mercadorias ou prestação de serviços tributadas pelo ICMS.
 	Dt Emissão:",ciap,https://unoerpwiki.herokuapp.com/pt-br/Ciap
Vendas 🛒,Campo Dt Consulta,"Campo Dt Consulta
Tela: VDW0001 - Pedidos	Corpo: 0001 
Foi incluída uma nova opção como Dt. Consulta na tela VDW0001 – Pedidos segue:
Essa opção possibilita o vendedor visualizar se o cliente está desatualizado em relação a receita federal, caso não exista a consulta no histórico, irá mostrar como desatualizado.
Quando é feita a consulta no cadastro do cliente em Módulo Cadastros Gerais: Clientes → CDW0101 – Clientes pelo botão Receita Federal:
Quando clicamos no botão acima o sistema faz uma consulta na receita e aplica no histórico o registro da consulta:
Após essa consulta ao incluir um novo pedido de venda o campo é exibido com a","dt, consulta, campo",https://unoerpwiki.herokuapp.com/pt-br/Dt-Consulta
Vendas 🛒,FUP - Vendas - Item de estrutura com preço zerado,"FUP – Vendas – Item de estrutura com preço zerado
Tela: 	Corpo:
Problema:
No pedido consta um item com estrutura e no cadastro dele consta com a opção imprime estrutura porém quando buscamos o pedido no VDW0603 - FUP - Vendas os itens da estrutura ficam todos zerados e apenas o pai aparece com o valor. Na nota fiscal os itens filhos constam preço correto, porém no VDW0603 - FUP – Vendas os itens fillhos constam com preço zerado e apenas o ítem pai com valor, diferente da nota.
No cadastro de produto consta:
Módulo Cadastros Gerais: Produtos e serviços → CDW0201 - Produtos e Serviços
Na nota consta os itens filhos do produto 10012:
Porém quando buscamos no Fup de vendas o valor dos itens consta como 0,00 e apenas o item 10012 com valor:
Descrição Solução:
O FUP de Vendas considera os valores que estão no pedido e não o que saiu na NF. Para verificar o que saiu na NF é necessário utilizar o  VDW0017 - FUP - Itens NF:
Módulo Vendas: Relatórios → FUP Itens NF → VDW0017 - FUP - Itens NF","vendas, estrtura",https://unoerpwiki.herokuapp.com/pt-br/Vendas-Item-de-estrutura-com-pre%C3%A7o-zerado
Vendas 🛒,Utilizar crédito do cliente - Tp Pagto Devolução de Venda,"Utilizar crédito do cliente
Tela: VDW0001 - Pedidos	Corpo: 0002 	Parâmetro Relacionado: Recalcula o valor dos Pagamentos no faturamento
Descrição do Problema:
Para utilizar os créditos do cliente gerados por títulos manuais ou devoluções sem utilizar o ícone $ (Tp Pagto Crédito) do pedido. É necessário utilizar o tipo de pagamento “Devolução de Venda”, ao utilizar este tipo de pagamento o sistema verifica os valores existente de crédito para o cliente que está sendo gerado um pedido de venda, se o valor do crédito for 0 ou insuficiente para atender o valor da parcela que está sendo gerada o sistema não permite a gravação do pedido de venda.
O título de crédito precisa ter valor negativo e ser do Tipo CR:
No 3° passo do pedido escolher a forma de pagamento que consta com Tp Pagto “Devolução de Venda”, o valor da parcela deve ser igual ao valor do título de crédito:
Se o valor da parcela for editado manualmente é necessário que o parâmetro “Recalcula o valor dos Pagamentos no faturamento” conste como “Não”, caso contrário o sistema vai recalcula o valor dos pagamentos de acordo com a condição de pagamento.
Parâmetro: Cadastros Gerais – Cadastros Iniciais – Parâmetros Iniciais – Módulo Vendas
Quando faturar o pedido o sistema vai gerar um título de 1.000,00R$ referente a parcela 2 e vai baixar o título de crédito conforme abaixo:","devolução, credito",https://unoerpwiki.herokuapp.com/pt-br/Utilizar-credito
Vendas 🛒,Envia Email - Intertox - Não envia o PDF,"PDF não está sendo enviado junto ao Email
VDW0015 - Envia Email	Corpo: Intertox
Problema:
Solicitante entrou em contato informando que ao acessar a tela de pedidos: ‘VDW0001 – Pedidos’ e clicar no botão ‘Enviar E-mail’: ‘VDW0015 - Envia Email – Intertox’ o E-mail estava sendo enviado apenas com o assunto, sem estar encaminhando o PDF com a impressão do pedido.
OC:  324584
Resolução:
O Corpo Intertox permite digitar algo no corpo do E-mail antes de enviar, também trás o texto já digitado diretamente da tela de cadastro de textos. Além disso, ao enviar o E-mail ele deixa anexado o PDF do pedido (VDR0001 - Impressão de Pedido) no Email enviado.
Exemplo do arquivo:
Porém, para que seja enviado esse arquivo em PDF, o corpo de impressão de pedido: ‘VDR0001 - Impressão de Pedido’ precisa ser um que transforme o arquivo te texto HTML em PDF, podemos validar as opções nas telas customizadas:
Todos esses corpos que tiverem (PDF) após o nome funcionam com o corpo da Intertox para anexar o PDF no E-mail.
No caso dessa ocorrência: 324584 – O cliente estava usando o corpo da Intertox porém com o corpo de impressão de pedidos 0001.
E esse corpo 0001 não transforma o arquivo em PDF.","email, intertox",https://unoerpwiki.herokuapp.com/pt-br/Envia-Email-Intertox
Vendas 🛒,Inserção De Telas Customizadas,"Inserção de Tela Customizada
Tela: VDW0001 	Corpo: Indiferente
O sistema Uno permite realizar a alteração de telas para que a experiência e usabilidade estejam sempre mais próximas e adequadas as necessidades de cada cliente.
Nesse exemplo utilizaremos a tela de Pedidos, localizada no Módulo de Vendas.
Procedimentos:
Acessar na aplicação a tela que deseja realizar a customização;
Abrir o manual através do ícone “?” no canto superior direito;
Sendo direcionado para o manual, clique na opção “Telas Customizadas”;
Nessa página será possível visualizar todas as opções de customização disponíveis para essa tela;
Após escolher a mais adequada para sua necessidade, é o momento de realizar a inserção no sistema;
Acesse: Cadastros Gerais > Cadastros Iniciais > Telas;
Insira as informações da tela de acordo com o disponível no manual e gravar;
Após gravar as informações, sair e entrar novamente no sistema para que a nova tela seja acatada;
Caso nenhuma das telas disponíveis no manual atenda sua necessidade, é possível verificar a possibilidade de uma customização para sua empresa. *Serviço contratado a parte*.","inserção, tela, customizada",https://unoerpwiki.herokuapp.com/pt-br/Inser%C3%A7%C3%A3o-de-Tela-Customizada
Vendas 🛒,Preencher os dados do pedido de compra no pedido de venda,"Preencher os dados do Pedido de compra no pedido de venda 
Tela: VDW0001 	Corpo: 0001 (01.01)  
Permissões Relacionadas: 	
VDD0036 - Dados da NF-e 
VDW0001PC - Permite informar dados do Pedido de Compra
VDW0001NI - Permite alterar Nr Item dos produtos (nItemPed)
Problema:
O cliente entrou em contato pois precisava preencher os dados do Pedido de compra no pedido de venda.
Solução
A tela VDD0036 - Dados da NF-e é acessada através do Módulo Vendas: Pedidos → VDW0001 – Pedidos, Passo 2 do Pedido, ícone 
:
Para acessar a tela é necessário a permissão VDD0036 - Dados da NF-e e as permissões abaixo:
VDW0001PC - Permite informar dados do Pedido de Compra
VDW0001NI - Permite alterar Nr Item dos produtos (nItemPed)","compra, venda, pedido, dados, preencher, ep",https://unoerpwiki.herokuapp.com/pt-br/Preencher-os-dados-do-Pedido-de-Compra-no-pedido-de-venda
Vendas 🛒,Pedidos - Campo Dt - Consulta,"Pedidos – Campo Dt Consulta
Tela: VDW0001 	Corpo: 0001 (01.01)
Foi incluída uma nova opção como Dt. Consulta na tela VDW0001 – Pedidos segue:
Essa opção possibilita o vendedor visualizar se o cliente está desatualizado em relação a receita federal, caso não exista a consulta no histórico, irá mostrar como desatualizado.
Quando é feita a consulta no cadastro do cliente em Módulo Cadastros Gerais: Clientes → CDW0101 – Clientes pelo botão Receita Federal:
Quando clicamos no botão acima o sistema faz uma consulta na receita e aplica no histórico o registro da consulta:
Após essa consulta ao incluir um novo pedido de venda o campo é exibido com a","dt, pedidos, consluta",https://unoerpwiki.herokuapp.com/pt-br/Pedidos-Campo-Dt-Consulta
Vendas 🛒,Ao gerar uma cópia de pedido de venda o pedido original é cancelado,"Ao gerar uma cópia de pedido de venda o pedido original é cancelado
Tela: VDW0001	Corpo: 0013 (01.01)
Problema:
Ao gerar uma cópia de pedido de venda o pedido original é cancelado:
Pedido original:
Depois de clicar em Ok é gerado o pedido 276 mas ao acessar o pedido original 275 ele é cancelado:
Solução:
O corpo 0013 (01.01) quando clica no botão 
 ele cria uma nova versão e a premissa do corpo é cancelar o pedido original.","pedido, gerar, copia, vanda, original, cancelado",https://unoerpwiki.herokuapp.com/pt-br/Ao-gerar-uma-c%C3%B3pia-de-pedido-de-venda-o-pedido-original-%C3%A9-cancelado
Vendas 🛒,Pedidos,"Pedidos
Tela: VDW0001  	Corpo:
Permissões Relacionadas: 	VDW0001B - Cliente Prospect: Clientes que tem a possibilidade de realizar uma compra. É possível faturar um cliente prospect.
Problema:
Ao tentar salvar o pedido o sistema exibe a mensagem “Situação do cliente não permite gravar pedido nessa situação!”. Cliente com situação prospect:
Descrição Solução:
É possível realizar uma compra ou faturar para um cliente prospect, desde que o usuário tenha a permissão VDW0001B - Cliente Prospect: Clientes que tem a possibilidade de realizar uma compra. É possível faturar um cliente prospect;"".",pedidos,https://unoerpwiki.herokuapp.com/pt-br/Pedidos
Vendas 🛒,Pedidos - Ao faturar o pedido está sendo gerado um título no valor do frete e outro com o valor do pedido,"Pedidos - Ao faturar o pedido está sendo gerado um título no valor do frete e outro com o valor do pedido.
Tela: VDW0001 	Corpo: 0001 (01.01)
Parâmetros Relacionados: 	Indica se gera título no faturamento para frete do tipo FOB com valor informado no pedido
Problema:
Ao faturar o pedido está sendo gerado um título no valor do frete e outro com o valor do pedido.
Solução
Foi criado um novo parâmetro ""Indica se gera título no faturamento para frete do tipo FOB com valor informado no pedido” e constava como SIM, por isso gerava um título a parte com o frete. O parâmetro precisa estar como NÃO. 
Ir em Módulo Cadastros Gerais: Cadastros Iniciais → Parâmetros Iniciais → CDW0001 - Parâmetros do Sistema -Módulo – Vendas.","titulo, frete, valor, pedidos, faturar, gerado",https://unoerpwiki.herokuapp.com/pt-br/Ao-faturar-o-pedido-est%C3%A1-sendo-gerado-um-t%C3%ADtulo-no-valor-do-frete-e-outro-com-o-valor-do-pedido
Vendas 🛒,Devolução de Venda,"Devolução de venda
DEVOLUÇÃO DE VENDA NO SISTEMA UNO ERP
­­­­­­­­­­­­­­­­­­­­
Processo de como deve ser feito uma devolução de venda para o cliente. Quando a NOP é configurada como de 'Devolução' na tela do recebimento é mostrado o botão Devolução. A devolução deve estar relacionada a um pedido de venda e a um cliente que deve ser informado na tela EQW0005 - Recebimentos. Quando selecionado o botão devolução é aberta a tela EQD0002 - Devolução, com o nome do cliente informado na tela de recebimento.
OBJETIVO:
Mostrar os caminhos das telas para parametrização e emissão de uma nota de entrada, sem imposto e com imposto.
OBSERVAÇÃO:
Sugerimos que não utilize o modelo do cadastro da NOP sem as instruções do seu contador. Toda nota fiscal emitida no sistema de um determinado processo específico deve ser validada com a sua contabilidade.
Devolução de venda sem imposto:
Cadastro de NOP.
Dados que devem estar preenchidos:
Tipo da Nota Fiscal: Deve ser uma nota do tipo entrada.
Tipo do Emitente: Deve ser como cliente.
CFOP: De acordo com a orientação da contabilidade, deve ser uma CFOP de entrada com finalidade de devolução e se for dentro ou fora do estado.
Dentro do Estado: De acordo com o cadastro do cliente.
NOP Devolução Do cliente: Obrigatório estar marcado para que o processo de Devolução possa ser feito no recebimento.
                   Dados de acordo com a necessidade, não obrigatórios.
Atualiza Estoque: Se a empresa controla estoque, deve estar marcado, para que ao confirmar o recebimento os itens voltem para o estoque.
Atualiza Custo Recebimento: Caso trabalhem em cima dos custos reais dos itens na venda.
Gera Crédito (título negativo): Quando é efetuado uma devolução com títulos total ou parcialmente pagos, para auxiliar o controle interno, o sistema pode gerar um título a receber com valor da venda em negativo. Para isso é preciso configurar o parâmetro: Controla créditos de devoluções (título a receber negativo) (0=Não, 1=Sim) = 1 (módulo estoque). Para melhor controle o tipo do título gerado será CR = Crédito de Devolução.
  2. Gerar recebimento pela Devolução.
Em estoque recebimento colocar a NOP criada e o código do cliente:
Clicar no botão DEVOLUÇÃO vai abrir a janela EQD0002 - Devolução, procurar pelo pedido ou número de nota, selecionar os itens e clicar em importar.
As informações serão carregadas na tela de recebimento, preencher Nº NF, Série, Modelo NF e C. Custo se controlar.
Confirmar as informações dos itens, na coluna impostos devem estar zerados, porque neste exemplo não teve tributações, colocar os centros de custos, caso controle e as demais informações, como: número de série, deposito,","devolução, venda",https://unoerpwiki.herokuapp.com/pt-br/Devolucao-venda
Vendas 🛒,O sistema não mantém a NOP definida no cliente,"O sistema não mantem a Nop definida no cliente
Tela: : VDW0001 	Corpo:
Problema:
Independente da Nop vinculada ao cliente quando inclui o cliente no pedido está buscando a nop do parâmetro ""NOP Padrão Dentro do Estado"" ou ""NOP Padrão Dentro fora do Estado"".
Descrição Solução:
Validar como consta o parâmetro “Informa como busca a NOP (1=Cliente/2=Pedido)”, para que seja considerado o que consta no cliente a opção selecionado deve ser cliente, caso contrário vai buscar o do parâmetro.
Módulo Cadastros Gerais: Cadastros Iniciais → Parâmetros Iniciais → CDW0001 - Parâmetros do Sistema – Módulo Vendas
Exemplo:
No cliente abaixo a Nop definida é a 6.404:
Porém quando preenchemos o cliente no pedido a Nop consta como 6.108:
Isso ocorre pois o parâmetro “Informa como busca a NOP (1=Cliente/2=Pedido)” está definido como “Pedido”. Alterando o parâmetro o sistema considera o que consta no cliente.","cliente, nop, sistema, mantem, definida",https://unoerpwiki.herokuapp.com/pt-br/O-sistema-n%C3%A3o-mantem-a-Nop-definida-no-cliente
Vendas 🛒,Não permitir gravar pedido com situação acima de cotação quando o cliente tem título vencido,"Não permitir gravar pedido com situação acima de cotação quando o cliente tem título vencido
Tela: VDW0001  	Corpo:
Permissões Relacionadas: 	
VDW0001B - Permite Gravar o Pedido Venda sem Limite de Crédito
VDW0001B1 - Permite Gravar Pedido Venda com Títulos em Atraso
Descrição do Problema:
Os usuários não podem gravar o pedido com situação acima de cotação quando o cliente constar com títulos em atraso
Descrição da solução:
Os usuários não podem ter habilitadas as permissões DW0001B - Permite Gravar o Pedido Venda sem Limite de Crédito e VDW0001B1 - Permite Gravar Pedido Venda com Títulos em Atraso.
Conforme imagem acima se o cliente constar com títulos em atraso o sistema não permite gravar o pedido com situação acima de cotação sem as permissões mencionadas. Quando o usuário sem as permissões alterar a situação do pedido e clicar em gravar o sistema exibe a mensagem “- Cliente possui Títulos Vencidos Não Pagos Deseja Continuar?”, ao clicar em Ok, o sistema mantem o pedido na situação de Cotação:","cotação, pedido, cliente, permitir, gravar, situação, acima, título, vencido",https://unoerpwiki.herokuapp.com/pt-br/N%C3%A3o-permitir-gravar-pedido-com-situac%C3%A3o-acima-de-cota%C3%A7%C3%A3o-quando-o-cliente-tem-t%C3%ADtulo-vencido
Vendas 🛒,Comparativo de Faturamento,"Comparativo de Faturamento
Tela: VDR0025   	Corpo: 0001 (01.01)
Permissões Relacionadas:	VDR0025 - Comparativo de Faturamento
A tela é acessada pela Aplicação EIS, Módulo Gerência Geral - Comparativo de Faturamento - VDR0025 - Comparativo de Faturamento:
Preencher os filtros de Período Inicial e Período Final que são obrigatórios e os demais conforme a necessidade, ao clicar na opção Nop é exibido as opções Vendas e Bonificados. A opção Vendas são as Nops marcadas com estatística de venda e a opção Bonificado são as Nops marcadas como bonificação.
 Ao clicar no botão “Gerar” o sistema gera uma planilha com o resultado.
O relatório (VDR0025 - Comparativo de Faturamento) gerado no sistema UNO compara a venda de um determinado produto em dois períodos distintos. De acordo com a opção de Nop escolhida (Vendas Bonificado) é verificado as notas emitidas dentro do período informado.
Obs: **Esta tela é um plug-in que deverá ser contratado à parte**","faturamento, comparativo",https://unoerpwiki.herokuapp.com/pt-br/Comparativo-de-Faturamento
Vendas 🛒,Cálculo de Frete na tela VDW0001,,Nenhuma palavra-chave encontrada,https://unoerpwiki.herokuapp.com/e/pt-br/C%C3%A1lculo-de-Frete-na-tela-VDW0001
Vendas 🛒,Informação de VI Base ST Retido e VI ST Retido,"Informação de Vl Base ST Retido e Vl ST Retido
Tela: SGW0028 - NF-e Federal 	Corpo: 0001 (01.01)
Problema:
O cliente precisa que na nota conste o Vl Base ST Retido e Vl ST Retido.
Solução:
A informação de Vl Base ST Retido e Vl ST Retido consta em Módulo Cadastros Gerais: Produtos e serviços → CDW0201 - Produtos e Serviços  aba Fiscal, exemplo abaixo:
Após definida a informação no item é necessário criar o pedido com CST ou CSOSN compatível com a tributação para que o campo seja enviado ao XML. 
Exemplo de pedido abaixo usando a CST 60 (lembrando que a CST 60 usada no exemplo é apenas para teste, sendo necessário antes da definição validar com a contabilidade qual CST ou CSOSN deve ser usada pois trata-se de informação fiscal.)
Após a emissão da nota os valores são gerados e enviados ao XML:
Um Xml de exemplo:
Lembrando que os campos Vl Base ST Retido e Vl ST Retido pode ser definido manualmente para emissão de notas conforme abaixo:
Porém também é atualizado quando ocorre o recebimento se os dados constarem informados de forma correta no recebimento, exemplo abaixo:
Após o recebimento os campos são atualizados no produto:","vi base, vi st retido, st retido, informação",https://unoerpwiki.herokuapp.com/pt-br/Informa%C3%A7%C3%A3o-de-Vl-Base-ST-Retido-e-Vl-ST-Retido
Vendas 🛒,Impressão de Pedido Carimbo – Corpo Indumed,"Impressão de Pedido Carimbo – Corpo Indumed
Tela: VDR0001  	Corpo:
Problema:
O carimbo exibido no corpo de impressão Indumed foi alterado e deve ser trocado no sistema.
Descrição Solução:
No corpo de impressão Indumed tem a opção para selecionar a “assinatura” e “carimbo” no rodapé da impressão:
A impressão busca a imagem salva no servidor em:
 /var/apache-tomcat-8.0.35/webapps/UCOMMERCE/Indumed/empresa/1/carimbo.img
Ir na pasta acima e trocar o arquivo carimbo.img com o nova imagem, lembrando que o arquivo deve ter o mesmo nome.","impressão, pedido, carimbo, corpo, indumed",https://unoerpwiki.herokuapp.com/pt-br/Impress%C3%A3o-de-Pedido-Carimbo-Corpo-Indumed
Vendas 🛒,Mensagem de aproveitamento de crédito,"NF-e Federal - Mensagem de aproveitamento de crédito
Tela: SGW0028	Corpo:
Parâmetro Relacionado: Alíquota Crédito ICMS NF Simples Nacional	Módulo Cadastros Gerais: Cadastros Iniciais → Parâmetros Iniciais → CDW0001 - Parâmetros do Sistema - Módulo Vendas
Problema:
A mensagem de aproveitamento de crédito não está sendo aplicada na NFe.
Solução
A mensagem de credito de icms para empresa do simples é feito com base na alíquota informada no parâmetro “Alíquota Crédito ICMS NF Simples Nacional”, (formato decimal), a nop deve ser de estatística de venda, tributar o icms e usar uma CSOSN que permita o aproveitamento de crédito. O cliente também precisa ser pessoa jurídica.
O parâmetro fica em Módulo Cadastros Gerais: Cadastros Iniciais → Parâmetros Iniciais → CDW0001 - Parâmetros do Sistema - Módulo Vendas
Módulo Vendas: Cadastro de NOP → CDW0018 - Cadastro de NOP
Módulo Cadastros Gerais: Clientes → CDW0101 - Clientes
Exemplo de Danfe com a mensagem abaixo:","mensagem, aproveitamento, crédito",https://unoerpwiki.herokuapp.com/pt-br/NF-e-Federal-Mensagem-de-aproveitamento-de-cr%C3%A9dito
Vendas 🛒,Faturado distribuidor,"Faturado Distribuidor
Tela: VDW0001 - Pedidos
Para efetuar o teste, iremos criar um pedido:
Na sequência iremos clicar no botão “Faturado Distribuidor”, em destaque na imagem acima. Ao aparecer a mensagem se deseja efetuar o faturamento distribuidor, clicar na opção “OK”:
Então irá abrir a tela “VDD0014 – Faturamento Distribuidor”:
Para efeito de teste, iremos escolher os campos conforme acima. Lembrando que o campo “Cod. Produto” deverá ser preenchido com um produto do tipo “Serviço”. Clicar então no botão “Confirmar”.
Irá exibir o processamento da tela:
Na sequência, o sistema irá abrir o novo pedido gerado automaticamente pelo sistema:
Clicamos no botão de histórico do pedido, para poder verificar o processo executado automaticamente pelo sistema:
Módulo Vendas > Comissões > VDR0004 – Comissões por Título Pago
Iremos então verificar se o pedido que foi “faturado distribuidor” apareceu para gerar o título de comissão:
Escolhemos então a","distribuidor, faturado",https://unoerpwiki.herokuapp.com/pt-br/faturado-distribuidor
Vendas 🛒,Sem acesso para incluir pedido,"Sem acesso para incluir pedidos
Tela: SGW0023 - Permissões	Corpo: 0001 
Permissões Relacionadas: VDW0001F - Permite inclusão de produtos no pedido.
Descrição do Problema: Grupo de Vendedores não conseguiam incluir produtos no pedido, somente serviço.
Descrição da Solução: Grupo Vendedores não tinha a permissão de inclusão de produtos. Módulo Segurança >> Permissões >> Procurar pelo grupo e pela permissão VDW0001F e clicar na seta única apontando para a direita, Gravar e sair e entrar novamente no sistema.","sem acesso, incluir pedido",https://unoerpwiki.herokuapp.com/pt-br/Sem-acesso-pedido
Vendas 🛒,Solicitação de devolução,"Solicitação de Devolução
Tela: VDW0031 - Solicitação de Devolução	Corpo: Corpo: (01.01) 
*Precisa validar se é plugin a parte e se é cobrado
Módulo Estoque: Solicitação de Devolução  à VDW0031 - Solicitação de Devolução
Descrição: Realiza pedidos de solicitação para devoluções de vendas.
Descrição dos Campos, Implicações e Exemplos 
Dt. Solicitação de e Até: Período/","devolução, solicitação",https://unoerpwiki.herokuapp.com/Solicitacao-devolucao
Vendas 🛒,Pedido item zerado,"Pedido item zerado
Tela: VDW001 - Pedidos	Corpo:
VDW0001O 	Permite gravar item com Vl original zerado
Problema:
Ao tentar salvar o pedido o sistema exibe a mensagem:
“Preço original do item zerado”
Descrição Solução:
Se o usuário tiver a permissão VDW0001O - Permite gravar item com Vl original zerado, o sistema permite a gravação, no caso acima o usuário não tinha a permissão. O item constava vinculado as tabelas de preço mas ainda assim exibia a mensagem.
O pedido acima foi gerado da oportunidade e na oportunidade não constava tabela de preço vinculada, por isso o original fica zerado:","pedido, item, zerado",https://unoerpwiki.herokuapp.com/pt-br/Pedido-item-zerad0
Vendas 🛒,Senha para liberação de desconto,"Senha para liberação de desconto
Tela: VDW0001-Pedidos	Corpo: 0010
O cliente Mebrasi possui um processo de autorização para validação de desconto no pedido de venda que solicita senha, para esse processo foi criado um parâmetro onde é possível atualizar a senha.
Para realizar a atualização/cadastro da senha acessar o módulo Cadastros Gerais > Cadastros Iniciais > Parâmetros Iniciais
Em parâmetros Iniciais selecionar o módulo vendas, o parâmetro : Senha para Desconto no Total do Pedido será uns dos últimos da tela.
Ao inserir o desconto no pedido irá aparecer um pop up solicitando a senha.","desconto, senha, liberacao",https://unoerpwiki.herokuapp.com/pt-br/senha-liberacao-desconto
Vendas 🛒,Item está associado à outro cliente,,Nenhuma palavra-chave encontrada,https://unoerpwiki.herokuapp.com/e/pt-br/item-est%C3%A1-associado-%C3%A0-outro-cliente
Vendas 🛒,Envio de email no pedido fica processando,"ENVIO DE EMAIL NO PEDIDO FICA PROCESSANDO - ASSINATURA DO COLABORADOR
Esse problema está na ocorrência 302816, SuperDin
Ao clicar para enviar o email, ele apenas ficava processando e não finalizava o envio, porém quando olhamos no Log, também não é processado.
Na questão de envio de e-mails teremos que olhar em duas telas:
1 – COLABORADORES
Temos que confirmar se o e-mail, senha, SMTP, porta SMTP, estão corretos e se é necessário marcar se “Utiliza TLS e SSL”
2 - PARÂMETROS - MÓDULO “SEGURANÇA”
Verificar os parâmetros de email geral que o sistema irá utilizar
Nesse caso da SuperDin, após algumas análises, verificamos que esse processamento estava relacionado a assinatura de cada vendedor
Ao analisar notamos que todos os links das assinaturas que estavam sendo usados seriam “http”, porém o sistema utiliza “https”
Fizemos a alteração, porém mesmo alterando todos os links das assinaturas para “https”
Porém todos os emails enviados através da tela de pedidos também tinham uma estrutura pré-definida na tela de cadastro de textos
Nesse caso é necessário alterar para “https” caso estejam utilizando alguma assinatura","pedido, colaborador, email, processando",https://unoerpwiki.herokuapp.com/pt-br/email-pedido
Vendas 🛒,A situação da oportunidade não é alterada ao faturar pedido,"A situação da oportunidade não é alterada ao faturar pedido 
Tela: ATW0102 - Cadastro de Oportunidades	Corpo: 0001
Parâmetro Relacionado: Cód. Status para a Oportunidade quando o pedido for faturado
Descrição do Problema:
O parâmetro “Cód. Status para a Oportunidade quando o pedido for faturado” consta preenchido porém ao faturar o pedido a situação da oportunidade não é alterada.
Descrição da solução:
A situação da oportunidade só é alterada quando o “Tp Oportunidade” é “Pontual”. O sistema não muda a oportunidade conforme o parâmetro quando o Tipo da oportunidade é “Periódica”.","pedido, faturamento, faturar, situação, oportunidade, alterada",https://unoerpwiki.herokuapp.com/pt-br/situacao-oportunidade-pedido
Vendas 🛒,DesktopRV- Desktop da revenda,"DESKTOPRV - Desktop da Revenda
Tela: DESKTOPRV - Desktop da Revenda	Plugin de revenda – contratado a parte
Módulo Revenda: DESKTOPRV - Desktop da Revenda
Descrição:O Módulo Revenda é um canal de comunicação direta entre a sua empresa e seus canais de venda (representantes, vendedores externos, distribuidores, revendas, etc).
Descrição dos Campos, Implicações e Exemplos
As principais funcionalidades são: 
Inclusão e consulta de clientes relacionados ao canal de venda; 
Inclusão de pedidos simplificada; 
Consulta da situação do pedido; 
Consulta de estoque do produto; 
Relatório de comissão do canal de venda.
Home:
Cockpit da Revenda: Nele é mostrado ao vendedor os pedidos em Abertos nos últimos 30 dias, emitido para a revenda em que o vendedor está associado. 
Ranking Clientes: Mostra os novos  clientes cadastrados nos últimos 30 dias pela revenda em que o vendedor está associado. Os pedidos com situação inserida no parâmetro vai ser os considerados no Desktop. 
Caro vendedor: O texto que aparece no HOME pode ser alterado no cadastro de texto em à Módulo Segurança à SGW0016 – Cadastros de Texto. Através da tela SGW0016 você pode alterar alguns textos padrões do módulo revenda. (colocar hiperlink para tela <<)
                São eles: 
Email - Boas Vindas Revenda 
Texto - Boas Vindas ao primeiro acesso da Revenda 
Texto - Desktop Revenda 
Texto - Login Revenda 
Texto - Rodapé Revenda","desktop, rv",https://unoerpwiki.herokuapp.com/pt-br/Desktop-RV
Vendas 🛒,Erro JAVA no pedido,"Erros em Pedidos
Tela: VDW0001 - Pedidos	Corpo: 0001 
Descrição do Problema:
Ao buscar pedido mostrando erode JAVA na tela.
java.lang.NumberFormatException: null
Descrição da Solução:
Algum dado importante que deveria carregar no pedido está em branco ou null.
Onde altera:
Somente coletando log para ver onde está sem a informação. Alterado no Banco de Dados.      
No banco de dados:
Dentro do banco em vd_pedido geralmente a “Situação” está em branco deixar em uma situação válida. Se houver situação coletar log para identificar onde está sem informação","venda, pedido, erro",https://unoerpwiki.herokuapp.com/pt-br/erro-pedido
Vendas 🛒,Imposto ST para MT,"Calculo de impostos
Tela: VDW0001 - Pedidos	Corpo: 0001
Descrição do Problema:
Calculo de imposto diferenciado de ST para o estado de Mato Grosso.
Descrição da Solução:
Necessário verificar parâmetros e cadastro de cliente.
Onde altera:
Cadastros Gerais > Cadastros iniciais > Parâmetros Iniciais > Modulo: Vendas “""Utiliza Perc. Carga Média do cadastro do cliente no cálculo da ST para o estado do MT?” - Definir “SIM”
Em Cadastros Gerais > Clientes: No passo 2º definir “Perc. Carga Média”","imposto, st, mt",https://unoerpwiki.herokuapp.com/pt-br/Imposto-st-para-mt
Vendas 🛒,Pedidos - Não busca os produtos,"Pedidos - Não busca os produtos
Tela: VDW0001 – Pedidos	Corpo: 0001 (01.01)
Permissões Relacionadas: CDW0001 - Parâmetros do Sistema
Descrição do Problema:
Ao preencher o código do produto no Pedido ou buscar pela lupa e selecionar, é exibido a mensagem “Consulta não retornou valores! ”
Descrição da Solução:
Validar se no cadastro do produto consta a opção Item “Item Faturado(Prod Acabado)” selecionada:
Módulo Cadastros Gerais: Produtos e serviços → CDW0201 - Produtos e Serviços
Se a opção estiver selecionada, validar qual opção de busca de produto consta habilitada no pedido:
Módulo Vendas: Pedidos → VDW0001 – Pedidos
Ir no passo 2 do Pedido:
No exemplo acima consta a opção “Ean” selecionada, portanto só vai exibir o item se a busca for por código Ean, no campo produto ou na busca pela lupa.
Para alterar a opção de busca é necessário alterar o parâmetro “Busca de Produto Padrão Pedido (1=CodProduto/2=CodEan/3=CodBarras)”
Ir em Módulo Cadastros Gerais: Cadastros Iniciais → Parâmetros Iniciais → CDW0001 - Parâmetros do Sistema","pedidos, não busca",https://unoerpwiki.herokuapp.com/pt-br/pedidos-n%C3%A3o-busca-os-produtos
Vendas 🛒,SIGEP - Imprimir Etiqueta PDF,"SIGEP - Imprimir Etiqueta PDF
Tela: SGR0303 - SIGEP - Imprimir Etiqueta PDF	Corpo: (01.01) 
**Serviço contratado a parte** 
Módulo Vendas: SIGEP → Lista de Postagem à SGW0302 - SIGEP - Lista de Postagem à SGR0303 - SIGEP - Imprimir Etiqueta PDF.
Descrição: Geração em arquivo PDF para impressão das etiquetas.
Descrição dos Campos, Implicações e Exemplos
Na tela à SGW0302 - SIGEP - Lista de Postagem (colocar hiperlink tela já existe no Uno <<) ao selecionar a nota e clicar no botão, gera o PDF da etiqueta a ser impressa.","etiqueta, imprimir, pdf",https://unoerpwiki.herokuapp.com/pt-br/imprimir-etiqueta-pdf
Vendas 🛒,Utilizar crédito do cliente Tp Pagto Credito,"Pedidos – Utilizar crédito do cliente Tp Pagto Credito
Tela: VDW0001 - Pedidos	Corpo: 0001 
Parâmetro Relacionado: Recalcula o valor dos Pagamentos no faturamento	Módulo Cadastros Gerais: Cadastros Iniciais → Parâmetros Iniciais → CDW0001 - Parâmetros do Sistema - Módulo Vendas
Problema:
O cliente tem um título de crédito gerado e quer abater esse valor no pedido faturado.
Solução
É possível criar um título de crédito manualmente para o cliente ou automaticamente quando é feito o recebimento por devolução.
Para utilizar os valores de créditos existente no pedido de venda a forma de pagamento utilizada deve estar associada no seu cadastro ao tipo de pagamento Crédito
Para criar uma forma de pagamento utilize a tela CDW0007 - Formas de Pagamento, ir em Módulo Cadastros Gerais: Formas de Pagamento → CDW0007 - Formas de Pagamento.
O título de crédito deve estar com valor negativo (Ex: -100,00) e ser do tipo CR = Crédito de Devolução (recebimento), conforme exemplo abaixo:
Quando o cliente tem título de crédito gerado o ícone 
 é exibido no pedido de venda ao incluir o cliente no pedido, ao passar o mouse sobre o ícone é exibido o valor existente dos títulos de crédito abertos para o cliente e o saldo do crédito que pode ser utilizado nos pedidos de venda:
No passo 3 do pedido, se a forma de pagamento for parametrizada com o tipo “Crédito” será exibido o ícone 
 (após salvar o pedido):
Clicando no ícone será acionada a tela VDD0025 - Créditos do cliente para selecionar o crédito que será utilizado. Nessa tela é só clicar no botão buscar que será exibido os títulos de crédito do cliente, selecionar o título e editar o valor que será usado (se necessário) e clicar no botão utilizar créditos:
Após seguir os passos acima o crédito é vinculado ao pedido:
Neste caso quando o pedido de venda for faturado o sistema vai baixar o valor utilizado no título de credito.
Obs: Dependendo do valor do pedido é criado outro título no valor da diferença, mas se o pedido for no mesmo valor do título de crédito não serão gerados novos títulos.
No faturamento detalhado ainda exibe o valor do título:
Após o faturamento podemos validar no pedido que não foi gerado títulos para o cliente pois o crédito de 100,00 foi utilizado no pedido com valor de 100,00 R$, dessa forma não é gerado novos títulos.
O título de crédito fica com situação Pago e no histórico da baixa é possível validar que foi por abatimento e de qual pedido se trata:
OBS: Essa forma de pagamento não bloqueia a geração de antecipação no pedido de venda.","credito, tp pagto",https://unoerpwiki.herokuapp.com/pt-br/Utilizar-credito-cliente-pagto
Vendas 🛒,Itens Bonificados,"VDW0054 - Itens Bonificados
Modulo: Vendas	Tela: VDW0054 – Itens Bonificados
Corpo: (01.01)  	*Precisa validar se é plugin a parte e se é cobrado
Módulo Vendas: Itens Bonificados à VDW0054 – Itens Bonificados 
Descrição: Geração do pedido de bonificação considerando os pedidos MultiEmpresa
Descrição dos Campos, Implicações e Exemplos 
Dt Inicial e Final: Período da","itens, bonificado",https://unoerpwiki.herokuapp.com/pt-br/Itens-bonificado
Vendas 🛒,Custo total tela VDW00007 - Fup - Pedidos,"Custo Total e Unitário tela VDW0007 - FUP – Pedido 
Tela: VDW0007 - FUP – Pedido	Corpo: 0001 (01.01)
Descrição do Problema:
Qual o cálculo utilizado para obter o valor do campo Custo Total Pedido, na tela VDW0017?
Verificar informações:
Utilizado um pedido com o item 28063 como exemplo:
Descrição da Solução:
Custo do Item 16,64, quantidade no pedido de venda: 200
Custo Total tela VDW0007 - FUP – Pedido: 3327,64
3327,64 / 200 qtd pedido = 16,6382 
Custo Total exibido na tela abaixo é, “Custo Total * Qtd ”  (16,6382 * 200)
Como é obtido o valor do campo Custo Unit Pedido da tela VDW0017?
É o Custo Total do Pedido dividido pela quantidade de itens, conforme exemplo abaixo:
3327,64 / 200 qtd pedido = 16,6382","pedido, fup, total, custo, tela vdw0007",https://unoerpwiki.herokuapp.com/pt-br/Custo-total-pedido
Vendas 🛒,Custo Total Zerado - VDW0007 - Fup - Pedido,"Custo Total Zerado - VDW0007 - FUP - Pedido 
Tela: VDW0007 - FUP - Pedido	Corpo: 0001 (01.01)
Descrição do Problema:
Após faturar o pedido o campo Custo Total da tela VDW0007 - FUP - Pedido fica zerado.
Verificar informações:
Caso não tenha o custo informado na tabela eq_saldo (Relatório EQW0012 - FUP - Estoque) no momento do faturamento, isso pode zerar o custo do pedido.
No exemplo utilizado o item é do tipo fabricado, o custo consta zerado pois não está sendo calculado o custo ao fazer o reporte de produção, por isso o eq_saldo.vl_custo_total está ficando zerado. (Parâmetro módulo Produção - Atualiza os custos médio e total no reporte da OP – constava como Não)","pedido, fup, total, custo, zerado",https://unoerpwiki.herokuapp.com/pt-br/Custo-total-zerado
Vendas 🛒,Processo E-fut,"Processo E-Fut
Tela:	Corpo: 
Descrição do Problema:
Para usar o processo de e-fut é necessário ter parametrizado um deposito, NOP e parâmetro.
1º Ter um deposito configurado.
2º Definir nos parametros de venda a NOP a ser utilizada.
Importante
Nop do pedido que vai para o cliente tem que estar configurada da seguinte forma:
-Descrição: Venda para Entrega Futura
-Gera contas a Receber
-Possui estatistica de venda
-Não pode atualizar o estoque
-A flag E-fut deve estar ativada
As nop’s que serão configuradas no parâmetro refere-se ao segundo pedido, portanto tem que estar configurada da seguinte forma:
- Descrição: como Simples Remessa
- Não pode gerar contas a receber
- Não pode possuir estatística de venda
- Precisa atualizar o estoque
- Não pode estar com a flag Efut ativada
Criar um pedido com a NOP criada que será e-fut que irá para o cliente e faturar, este não irá movimentar estoque, somente o financeiro e dele será gerado outro pedido que irá atualizar estoque, este pedido respeita os mesmos padrões do pedido “titular” mas leva como NOP a cadastrado no parâmetro","processo, e-fut",https://unoerpwiki.herokuapp.com/pt-br/Processo-E-fut
Vendas 🛒,PDV Criação de pedidos e faturamento,"VDW0110 – PDV – Criação de pedido e faturamento
Parâmetros Relacionados
Indica como gera o próximo codigo de título ( Pagar e Receber )” para Multiempresa
Série utilizada no faturamento de Comprovante pela tela Fechamento de Venda
Série utilizada no faturamento de NFC-e pela tela Fechamento de Venda
Série utilizada no faturamento de NF-e pela tela Fechamento de Venda
Série utilizada no faturamento de NFS-e pela tela Fechamento de Venda
Cód. Cliente Consumidor Final
Permissões Relacionadas
FNW0300A – Permite Abrir Caixa para outro Colaborador       
FNW0300B – Permite Conferir Caixa                   
FNW0300C – Permite Fechar Caixa                                         
FNW0300D – Permite Cancelar Caixa 
VDW0110 - PDV
Para criar um pedido é necessário realizar a abertura de um caixa, só é possível realizar um pedido de venda se existir um caixa aberto com o mesmo responsável logado.
Módulo Financeiro: Abertura e Fechamento de Caixa → FNW0300 - Abertura e Fechamento de Caixa
Clicar no botão:
 o sistema exibe a mensagem abaixo, é só clicar em ok e no botão:
Lembrando que para utilizar essa tela é necessário ajustar o parâmetro “Indica como gera o próximo código de título ( Pagar e Receber )” para Multiempresa”
Módulo Cadastros Gerais à  Cadastros iniciais à CDW0001 - Parâmetros do Sistema
É necessário também que na tela de cadastro de bancos esteja selecionado a opção “Controla Abertura/Fechamento Caixa”
Módulo Segurançaà SGW0014 – Colaboradores
Na tela de cadastro de colaborador é necessário que esteja selecionado na aba Bancos o mesmo banco que você configurou no tópico anterior como “Controla Abertura/Fechamento Caixa”
Configuração da Forma de Pagamento
Módulo Cadastros Gerais à CDW0007 - Formas de Pagamento
No cadastro de forma de pagamento é necessário que:
O Banco Baixa deve ser o mesmo que foi configurado como “Controla Abertura/Fechamento Caixa”
Selecionar a opção “Controla Abertura/Fechamento Caixa”
Após o processo acima descrito ter sido realizado é possível criar um pedido de venda pela tela VDW0110 – PDV:
Ao abrir a tela o sistema já exibe um cliente no campo Cod.Cliente, esse código é o definido no parâmetro “Cód. Cliente Consumidor Final”.
Módulo Cadastros Gerais: Cadastros Iniciais → Parâmetros Iniciais → CDW0001 - Parâmetros do Sistema - Módulo Vendas  - Cód. Cliente Consumidor Final
O campo Produto faz a busca pela descrição do item, e se clicar na descrição do item exibido na “Lista de Produtos” o item já é adicionado ao pedido:
Após adicionar os itens clicar no botão 
 que o pedido já é gravado e disponibilizado na tela VDW0005 – Faturamento:
Na tela de tela VDW0005 – Faturamento é necessário clicar no campo Cliente para que seja acionada a tela VDD0083 - Fechamento de Venda :
Ao clicar no campo Cliente é acionada a tela VDD0083 - Fechamento de Venda:
Nessa tela é onde será definido qual forma ou formas de pagamentos serão usadas nesse faturamento, é necessário digitar a descrição da forma de pagamento conforme definido no cadastro em Módulo Cadastros Gerais: Formas de Pagamento → CDW0007 - Formas de Pagamento:
Usando o exemplo acima, vamos digitar no campo Forma pagamento a descrição definida, que seria Boleto, Dinheiro, Cartão de Crédito Amex, exatamente como definido na descrição do cadastro. Ao preencher a forma de pagamento o sistema já calcula o valor, caso seja usado mais de uma forma de pagamento é ajustado o valor manualmente na parcela e ao inserir a próxima o cálculo é automático:
Após preencher as informações de pagamento aí é possível escolher a forma de faturamento:
  - Somente comprovante, ex: nota 21.
 - Integra com a Sefaz e gera Nfe Federal 9 (se homologado)
 - Gera cupom faturamento PDV – Nfce
 - Gera NfS-e integra com a prefeitura (se homologado)
As séries usadas para cada faturamento é definida nos parâmetros abaixo:
Série utilizada no faturamento de Comprovante pela tela Fechamento de Venda
Série utilizada no faturamento de NFC-e pela tela Fechamento de Venda
Série utilizada no faturamento de NF-e pela tela Fechamento de Venda
Série utilizada no faturamento de NFS-e pela tela Fechamento de Venda
Módulo Cadastros Gerais: Cadastros Iniciais → Parâmetros Iniciais → CDW0001 - Parâmetros do Sistema -Módulo PDV","pdv, pedido, faturamento, criacao",https://unoerpwiki.herokuapp.com/pt-br/Pdv-criacao-pedido
Vendas 🛒,Faturamento detalhado não recalcula os vencimentos automático,"VDW0008 - Faturamento Detalhado – Não recalcula os vencimentos automático
VDW0008 - Faturamento Detalhado	Caminho
Parâmetros Relacionados: 
Recalcula as","faturamento, automatico, detalhado, recalcula, vencimentos",https://unoerpwiki.herokuapp.com/pt-br/faturamento-detalhado
Vendas 🛒,Cálculo da ST não é realizada no pedido (Cliente UF MT),"Cálculo da ST não é realizada no pedido (Cliente UF MT)
Tela:	Corpo: 
Parâmetro Relacionado: ""Utiliza Perc Carga Média do cadastro do cliente no cálculo da ST para o estado do MT?""
Descrição do Problema: Mesmo utilizando a CSOSN correta e a regra estar preenchida com os valores o cálculo da ST não está sendo realizado.
Descrição da Solução: Verificar se o parâmetro ""Utiliza Perc Carga Média do cadastro do cliente no cálculo da ST para o estado do MT?"" consta como SIM, nesse caso é necessário que no cadastro do cliente campo Perc carga média conste preenchido. 
(Cadastros Gerais – Cadastros Iniciais – Parâmetros Iniciais - Vendas ""Utiliza Perc Carga Média do cadastro do cliente no cálculo da ST para o estado do MT?"")","pedido, cliente, cálculo, st, uf mt",https://unoerpwiki.herokuapp.com/pt-br/c%C3%A1lculo-da-st-n%C3%A3o-%C3%A9-realizado-no-pedido-cliente-uf-mt
Vendas 🛒,Ao transferir pedido o mesmo é cancelado,"Ao transferir Pedido o mesmo é cancelado
Tela: VDW0001 - Pedidos
Descrição do Problema: Com o pedido já gravado, o sistema permite alterar o pedido de uma empresa para outra. Ao clicar duas vezes no código do pedido, o sistema abre uma janela para informar o código da empresa a ser alterada. Depois de alterado o código e confirmado, o sistema transfere o pedido para outra empresa e limpa a tela. Ao realizar a busca na empresa onde consta o pedido o mesmo está com situação cancelado.
Descrição da Solução: Os produtos não estão vinculados com a empresa, verificar na tela CDW0201 - Produtos e Serviços - Aba Empresa e selecionar a empresa na qual o pedido vai ser transferido. O pedido fica sem itens e com isso o mesmo é cancelado.","pedido, cancelado, transferir",https://unoerpwiki.herokuapp.com/pt-br/Transferir-pedido
Vendas 🛒,Calculo de St não é realizado no Pedido,"Cálculo da ST não é realizado no Pedido (Cliente UF MT)
Tela: VDW0001 - Pedidos	Corpo:
BO Customizado:	Parâmetro Relacionado: ""Utiliza Perc Carga Média do cadastro do cliente no cálculo da ST para o estado do MT?""
Descrição do Problema: Mesmo utilizando a CSOSN correta e a regra estar preenchida com os valores o cálculo da ST não está sendo realizado.
Descrição da Solução: Verificar se o parâmetro ""Utiliza Perc Carga Média do cadastro do cliente no cálculo da ST para o estado do MT?"" consta como SIM, nesse caso é necessário que no cadastro do cliente campo Perc carga média conste preenchido. 
(Cadastros Gerais – Cadastros Iniciais – Parâmetros Iniciais - Vendas ""Utiliza Perc Carga Média do cadastro do cliente no cálculo da ST para o estado do MT?""","pedido, calculo, st, realizado",https://unoerpwiki.herokuapp.com/pt-br/Calculo-St-Pedido
Vendas 🛒,Cancela pedidos com a data de validade maior que a proposta,Cron – Cancela pedidos com a,"data, pedido, validade, cancela, proposta",https://unoerpwiki.herokuapp.com/pt-br/Cancela-pedidos
Vendas 🛒,Desktop Vendas corpo verdesmares não procede com relatório fup vendas,"Desktop Vendas - Corpo Verdesmares (01.01) – Valor não procede com relatório Fup Vendas
Desktop - Corpo Verdesmares (01.01)
Tela: Cockpit Vendas
Problema
O valor exibido no cockpit de Vendas não procede com o valor exibido no VDW0603 - FUP – Vendas
Solução
O cockpit na opção “Total dos Pedidos” considera Pedidos com situação maior ou igual á Pedido (10) e menor igual á Entregue (90) e com","vendas, fup, desktop, verdesmares",https://unoerpwiki.herokuapp.com/pt-br/Desktop-vendas
Vendas 🛒,E-mail de solicitação e apovação de assinatura eletronica,"E-mail de solicitação e aprovação de assinatura eletrônica
Tela: VDW0001 - Pedidos
Corpo:
BO Customizado:
Parâmetro Relacionado: Tipo de Assinatura Eletrônica de Venda
Código do colaborador responsável para receber e-mail de desconto
Descrição do Problema: Os colaboradores cadastrados na tela CDW0301 - Cadastro de Assinaturas Eletrônicas Vendas não recebem o e-mail com a solicitação da assinatura eletrônica.
Descrição da Solução: Para que todos recebem o e-mail é necessário que o parâmetro Tipo de Assinatura Eletrônica de Venda conste como “Para Grupo de Colaborador”. Caso conste como “Para colaborador do parâmetro” apenas o colaborador preenchido no parâmetro “Código do colaborador responsável para receber e-mail de desconto” recebe os e-mails.","e-mail, solicitação, assinatura, eletronica, aprovação",https://unoerpwiki.herokuapp.com/pt-br/E-mail-assinatura-eletronica
Vendas 🛒,Pedidos - Não busca condição de pagamento,"Pedidos - Não busca condição de pagamento
Tela: VDW0001 - Pedidos	Corpo: 
Permissões Relacionadas: CDW0006 - Condições de Pagamento
Descrição do Problema: Ao selecionar a busca de condição de pagamento no pedido não consta resultado.
Descrição da Solução: Verificar se no cadastro de cliente a opção “Restringe condição de pagamento” está selecionado, caso sim selecionar o botão e marcar as condições disponíveis para o cliente.","condição, pagamento, não busca, condição de pagamento",https://unoerpwiki.herokuapp.com/pt-br/n%C3%A3o-busca-condi%C3%A7%C3%A3o-de-pagamento
Vendas 🛒,Mensagem: Colaborador com centro de custo nulo,,Nenhuma palavra-chave encontrada,https://unoerpwiki.herokuapp.com/e/pt-br/mensagem-colaborador-com-centro-de-custo-nulo
Vendas 🛒,Não esta abrindo o passo 3 Pagamentos tela de Pedid,"Não esta abrindo o passo 3 Pagamentos tela de Pedido
Tela: VDW0001 - Pedidos
Permissões Relacionadas:
VDW0001L - Permite gravar VI venda zerado
Descrição do Problema: Ao selecionar o passo 3 pagamentos do Pedido o mesmo não está abrindo a tela.
Descrição da Solução: Verificar se algum dos itens consta com valor zerado, caso sim é necessário que o usuário tenha a permissão VDW0001L - Permite gravar VI venda zerado habilitada.","tela, pedidos, passo 3, pagamentos",https://unoerpwiki.herokuapp.com/pt-br/Pagamento-tela-pedido
Vendas 🛒,Preço original do item zerado,"VDW0001 - Pedidos
Tela: VDW0001 - Pedidos
Permissões Relacionadas: 
VDW0001O - Permite gravar item com Vl original zerado
Problema:
Ao tentar salvar o pedido o sistema exibe a mensagem:
“Preço original do item zerado”
Descrição Solução:
Se o usuário tiver a permissão VDW0001O - Permite gravar item com Vl original zerado, o sistema permite a gravação, no caso acima o usuário não tinha a permissão. O item constava vinculado as tabelas de preço mas ainda assim exibia a mensagem.
O pedido acima foi gerado da oportunidade e na oportunidade não constava tabela de preço vinculada, por isso o original fica zerado:","original, item, zerado, preço",https://unoerpwiki.herokuapp.com/pt-br/Preco-original-item
Vendas 🛒,Venda e Pré venda - PDV,,Nenhuma palavra-chave encontrada,https://unoerpwiki.herokuapp.com/e/pt-br/venda-e-pre-venda-pdv
Vendas 🛒,Situação do Cliente não permite gravar pedido,"Situação do Cliente não permite gravar pedido
Tela: VDW0001 - Pedidos	Corpo: 
Permissões Relacionadas:  VDW0001B - Cliente Prospect: Clientes que tem a possibilidade de realizar uma compra. É possível faturar um cliente prospect.
Problema: Ao tentar salvar o pedido o sistema exibe a mensagem “Situação do cliente não permite gravar pedido nessa situação!”. Cliente com situação prospect:
Descrição Solução: É possível realizar uma compra ou faturar para um cliente prospect, desde que o usuário tenha a permissão VDW0001B - Cliente Prospect: Clientes que tem a possibilidade de realizar uma compra. É possível faturar um cliente prospect.","pedido, gravar, situação do cliente, não permite",https://unoerpwiki.herokuapp.com/pt-br/situa%C3%A7%C3%A3o-do-cliente-n%C3%A3o-permite-gravar-pedido
Vendas 🛒,Pedidos - No passo 3 não aparece os títulos,"Pedidos - No passo 3 não aparece os títulos
Tela: VDW0001 - Pedidos	Corpo: 
Permissões Relacionadas: CDW0006 - Condições de Pagamento
Descrição do Problema: Na nop consta selecionado para gerar contas a receber e mesmo assim as parcelas não aparecem no pedido.
Descrição da Solução: Verificar se na condição de pagamento a linha das parcelas (Pagamento, Dias, Percentual) consta criada. Se a linha não estiver criada, carregar o campo Qtd Parcelas novamente, preencher os dados e gravar.
Cadastros Gerais – Condiçoes de Pagamento","não aparece, títulos, passo 3",https://unoerpwiki.herokuapp.com/pt-br/no-passo-3-n%C3%A3o-aparece-os-t%C3%ADtulos
Vendas 🛒,Criação do pedido - reserva pelo sistema e a separação pelo APP,"Pedidos - Criação do pedido reserva pelo sistema e a separação pelo APP
Tela: VDW0001 – Pedidos	Corpo: Eurocabos (01.01)
Como é feito a criação do pedido/reserva pelo sistema e pré separação/separação pelo App:
1° O pedido é criado e salvo na situação “Proposta Aprovada”:
Depois de salvo com situação “Proposta Aprovada” é feito a reserva dos lotes pela tela EQQ0006B - Reserva de Lotes, que é acionada pelo passo 2 do pedido ícone da prancheta:
Já na tela de reserva, selecionar o lote, clicar em importar, depois em finalizar e gravar o pedido.
Depois do pedido gravado, muda a situação para Pedido Aprovado e grava:
Após esse processo acessar o APP, na opção Menu e depois Pré-Separação:
Buscar pelo código do pedido:
Ao selecionar o pedido é acessada a tela Ordem de Separação e nela é feita a separação pela etiqueta, preenchendo a etiqueta e clicando em separar Item:
Para consultar a etiqueta ir em Módulo Estoque: Reimpressão de Etiqueta → EQW0020 - Reimpressão de Etiqueta e consultar pelo Cod produto e Lote reservado:
Após preencher o cod etiqueta no APP e clicar em “Separar Item” é exibido a mensagem “Deseja separar o Item”, clicando em SIM exibe a mensagem “Item Separado”:
Após esse processo o pedido é exibido na tela de Separação na aplicação com situação 50:
Nessa tela os colaboradores preenchem o peso, volume e grava o pedido assim ficando disponível para faturamento:
Após esse processo o pedido é exibido no faturamento:","criação do pedido, reserva pelo sistema, sepração pelo app",https://unoerpwiki.herokuapp.com/pt-br/pedidos-cria%C3%A7%C3%A3o-do-pedido-reserva-pelo-sistema-e-a-separa%C3%A7%C3%A3o-pelo-app
Vendas 🛒,Não permitir gravar pedido com situação acima de cotação quando o cliente tem título vencido,"Não permitir gravar pedido com situação acima de cotação quando o cliente tem título vencido
Tela: VDW0001 - Pedidos	Corpo: 
Permissões Relacionadas: VDW0001B - Permite Gravar o Pedido Venda sem Limite de Crédito 
VDW0001B1 - Permite Gravar Pedido Venda com Títulos em Atraso
Descrição do Problema: Os usuários não podem gravar o pedido com situação acima de cotação quando o cliente constar com títulos em atraso
Descrição da solução: Os usuários não podem ter habilitadas as permissões DW0001B - Permite Gravar o Pedido Venda sem Limite de Crédito e VDW0001B1 - Permite Gravar Pedido Venda com Títulos em Atraso.
Conforme imagem acima se o cliente constar com títulos em atraso o sistema não permite gravar o pedido com situação acima de cotação sem as permissões mencionadas. Quando o usuário sem as permissões alterar a situação do pedido e clicar em gravar o sistema exibe a mensagem “- Cliente possui Títulos Vencidos Não Pagos Deseja Continuar?”, ao clicar em Ok, o sistema mantem o pedido na situação de Cotação:","pedido, cliente, gravar pedido, situação acima de cotação, título vencido",https://unoerpwiki.herokuapp.com/pt-br/n%C3%A3o-permitir-gravar-pedido-com-situa%C3%A7%C3%A3o-acima-de-cota%C3%A7%C3%A3o-quando-o-cliente-tem-t%C3%ADtulo-vencido
Vendas 🛒,Auditoria Margens,,Nenhuma palavra-chave encontrada,https://unoerpwiki.herokuapp.com/e/pt-br/auditoria-margens
Vendas 🛒,Comissões RT por Pedido de Compra,"Comissões RT por Pedido de Compra
Tela: VDR0013A - Comissões RT por Pedido de Compra	Corpo: 0001 (01.01)
Parâmetros Relacionados: Sub-Conta Comissão RT – Módulo Vendas; Conta de Comissão RT - Módulo Vendas ;Cód. do Produto nos Pedidos para Comissão RT - Módulo Vendas
A tela é acessada através do Módulo Vendas: Comissões > Comissões RT por Pedido de Compra > VDR0013A - Comissões RT por Pedido de Compra:
Selecionar o período Inicial/Final Fornecedor clicar em buscar e depois clicar no botão “Gerar pedido de comissão”.
Para que o pedido seja considerado na tela acima é necessário que no cadastro do fornecedor conste cadastrado o % de comissão RT no botão Financeiro:
Módulo Cadastros Gerais: Fornecedores → CDW0003 - Fornecedores
Ao lançar um pedido de compra para o fornecedor o campo “Comissão RT” automaticamente é preenchido no botão Financeiro:
Para gerar o Pedido de venda o sistema considera NOP, condição de pagamento do cliente que está vinculado ao fornecedor e 1 item para cada pedido de compra no respectivo CCusto com a DtPrevista = Hoje, Situação = Entregue, Vendedor = Cliente (Ecil), Valor = %RT * Valor dos itens, caso não tenha usar parâmetros.
Módulo Cadastros Gerais: Clientes → CDW0101 – Clientes
É necessário cadastrar um produto para Comissão RT em Módulo Cadastros Gerais: Produtos e serviços → CDW0201 - Produtos e Serviços e depois preencher o código cadastrado no parêmetro “Cód. do Produto nos Pedidos para Comissão RT” em Módulo Cadastros Gerais: Cadastros Iniciais → Parâmetros Iniciais → CDW0001 - Parâmetros do Sistema – Módulo Vendas
Após os cadastros mencionados acima clicar em “Gerar Pedidos de Comissão”,  sistema gera um pedido de venda com o ítem cadastrado. Após faturar o pedido é gerado um título de contas a receber.
Obs: O corpo da tela VDW0001- Pedido de Venda deve ser Corpo: Anastassiadis pois o título será gerado rateado.","compra, pedido, pedido de compra, comissões, rt",https://unoerpwiki.herokuapp.com/pt-br/comiss%C3%B5es-rt-por-pedido-de-compra
Vendas 🛒,VDR0001 - Impressão do Pedido,"VDR0001 - Impressão do Pedido
Tela: VDR0001 - Impressão do Pedido	Corpo: 0001 (01.01)
Para acessar a tela VDR0001 - Impressão do Pedido ir em Módulo Vendas: Pedidos → VDW0001 – Pedidos, preencher o código do pedido no campo “Pedido” ou clicar no botão “Buscar” e localizar o pedido:
Ao clicar no botão “Imprimir Pedido” é exibida a tela VDR0001 - Impressão do Pedido, nessa tela é possível definir qual o modelo de impressão que será utilizado e a opção de imprimir (botão Imprimir) o pedido na impressora:
O sistema possui varios modelos de impressão que podem ser verificados através do manual da tela VDR0001 - Impressão do Pedido. Clicar no ícone “?” e o sistema direciona para a tela do manual onde constam os modelos de impressão disponíveis:
Na tela do manual clicar na opção “TELAS CUSTOMIZADAS” e o sistema direciona para os modelos disponíveis:
Nesta tela constam os modelos disponíveis de impressão, clicando sobre o Corpo ou pelo menu lateral é possível visualizar cada modelo:
Os modelos listados na tela VDR0001 - Impressão do Pedido campo “Modelos do Pedido” são cadastrados na tela CDW0030 - Telas Customizadas:
Módulo Cadastros Gerais: Cadastros Iniciais → Telas → CDW0030 - Telas Customizadas
Para telas customizadas são criados ""corpos"" diferentes, verificados pela numeração a direita no topo da tela, exemplo corpo 0001. Como se fossem vários modelos diferentes para um mesmo programa (tela).
Abaixo um exemplo de cadastro:
Vamos incluir o corpo de impressão 0002, clicando no modelo na tela de manual conforme descrito acima é exibido uma prévia da impressão. O código VDR0001 é o código da tela e 0002 é o Corpo da tela:
Para cadastrar um novo modelo/corpo, acessamos a telaCDW0030 - Telas Customizadas e preenchemos o Código da tela como: VDR0001, e o Corpo como 0002. Segue abaixo o exemplo:
Após realizar o cadastro, realizar logout no sistema e acessar novamente, com isso o Corpo 0002 será exibido nos modelos de impressão:","impressão, pedido, vdr0001",https://unoerpwiki.herokuapp.com/pt-br/impress%C3%A3o-do-pedido
Vendas 🛒,Usuário não consegue faturar pedido,"Usuário não consegue faturar o pedido
Tela: VDW0005 – Faturamento	Corpo: 
Permissões Relacionadas: VDW0005A - Permitir Faturar Clientes Diferente de Ativo
Descrição do Problema: Ao buscar o pedido na tela VDW0005 – Faturamento o ícone “+” não consta, com isso não permite abrir a tela VDW0008 - Faturamento Detalhado e faturar o pedido.
Descrição da Solução: Quando o cliente tem algum tipo de restrição é necessário que o colaborador tenha habilitada a permissão VDW0005A - Permitir Faturar Clientes Diferente de Ativo.",usuário,https://unoerpwiki.herokuapp.com/pt-br/usu%C3%A1rio-n%C3%A3o-consegue-faturar-o-pedido
Vendas 🛒,Gerar Difal,"Como gerar DIFAL
Tela:	Corpo: 
O que é DIFAL? 
DIFAL (Diferencial de Alíquota do ICMS) é um valor pago quando uma empresa vende um produto de um estado para um consumidor de outro estado. Ele serve para que o estado do comprador também receba parte do ICMS, equilibrando a arrecadação entre os estados.
Toda vez que uma empresa faz o pagamento do ICMS para operações entre estados e destinadas ao consumidor final, ela é obrigada a calcular e efetuar o pagamento do DIFAL.
O DIFAL garante que o imposto ICMS seja dividido entre o estado de quem vende e o estado de quem compra.
Para que seja gerado o DIFAL, o cadastro e o pedido devem atender alguns requisitos:
- Cliente fora do estado.
- Cliente com tipo IE ""Não Contribuinte""
- Cliente/Pedido tem que ser ""Consumidor Final""
- NOP marcada como ""Tributação ICMS""
CFOP utilizada deve ser fora do estado
- Parâmetro módulo NF Eletrônica `Indica se Será Gerado o DIFAL na NF-e` configurado para SIM
Além desses requisitos é necessário que no cadastro da Regra de ICMS esteja preenchida as informações de Alíquota Interna e Base Dest:
Obs.: Para gerar Difal em empresas do Simples, somente gera na CSOSN 900.
Aprenda mais sobre o DIFAL: http://www.asseinfo.com.br/blog/difal-diferencial-de-aliquota-icms","calculo, gerar, difal",https://unoerpwiki.herokuapp.com/pt-br/Gera%C3%A7%C3%A3o-Difal
Financeiro 💰,Devolução de venda – Títulos de crédito e abatimento,"Devolução de venda – Títulos de crédito e abatimento
Tela: FNW0201 - Contas a Receber	Corpo:
Quando é efetuado uma devolução com títulos total ou parcialmente pagos, para auxiliar o controle interno, o sistema pode gerar um título a receber com valor da venda em negativo.
O processo de geração de título de crédito negativo para o cliente ocorre quando é feita uma venda e o cliente faz a devolução da mercadoria:
Para que o sistema valide se vai ser gerado um crédito paar o cliente é necessário usar o botão devolução no recebimento e para isso a Nop precisa constar com as seguintes opçoes selecionadas:
Gera Contas a Receber;
Nop Devolução de Venda;
Gera Crédito (título negativo)
O parâmetro “Controla créditos de devoluções” (título a receber negativo deve constar como SIM
Cadastros Gerais - Cadastros Iniciais - Parâmetros Iniciais - Módulo Estoque
Se o cliente tem um título pago ou com remessa gerada, ao confirmar o recebimento pelo botão 
 o sistema vai gerar um crédito para o cliente e manter a situação do título como pago, exemplo abaixo do título pago:
Ao cofirmar o recebimento o sistema faz a validação e exibe a mensagem:
Ao clicar em Ok o sistema exibe a mensagem abaixo com a informação do título de crédito gerado:
Vamos acessar o título de crédito gerado acima, que vai ser do tipo CR e com valor negativo ( -).
Agora vamos acessar o título original da venda, que vai ter a situação mantida como pago:
Agora vamos simular o recebimento por devolução onde o título original vai estar com situação de efetivo, porém com remessa gerada:
Ao confirmar o recebimento com o título original como efetivo e com remessa o sistema exibe a mesma mensagem que será gerado um título de crédito:
O título original continua como efetivo e o sistema gera um título de crédito para o cliente, exemplo do título original abaixo:
Agora vamos dar um exemplo de título original que consta com situação efetivo e sem remessa gerada, quando é feito o recebimento por devolução nesse caso, o sistema cancela o título original aplicando uma instrução de baixa por devolução e muda a situação para cancelado:
Lembrando que a baixa por devolução não é considerada no fluxo de caixa.
Agora vamos dar um exemplo onde o cliente devolveu parcialmente a mercadoria e o título consta como efetivo e sem remessa:
Nesse caso o pedido de venda continha 2 itens:
Vamos receber apenas 1 item na devolução:
O título original da venda consta com valor total do pedido, sem remessa e com situação efetivo
Ao confirmar o recebimento de apenas 1 item (recebimento parcial por devolução) o sistema vai mudar o valor do título original (valor original – valor devolvido) e vai aplicar uma baixa por devolução no valor do recebimento realizado, o que seria um “crédito” que o cliente tem mas como não houve pagamento ainda para gerar um título a parte, o sistema faz o abatimento no título original:
No histórico do título fica como:
A baixa por devolução não é considerada no fluxo de caixa e nem no cálculo do saldo devido, por isso alteramos o valor do título direto no título original.
Link para download
/modelos_de_imagem_suporte/modelo_kcs_devolucao_de_venda_titulos_de_credito_e_abatimento117.doc","devolução, devolução de venda, titulo, credito negativo, abatimento",https://unoerpwiki.herokuapp.com/pt-br/Devolu%C3%A7%C3%A3o-de-venda-T%C3%ADtulos-de-cr%C3%A9dito-e-abatimento
Financeiro 💰,Erro não gera titulo,"Erro não gera titulo 
Tela: FNW0201 - Contas a Receber	Corpo: 0001
Problema:
Cliente entra em contato pois realizou o faturamento, e o sistema não gerou nenhum titulo referente as parcelas do pedido.
Solução
Esse erro muitas vezes está atrelado ao banco vinculado no cliente, ao parâmetro da empresa, na condição de pagamento ou na Nop
Nesse caso, quais as validações que devemos realizar.
Primeiro: Verificar se no cadastro da Nop está marcado para gerar contas a receber.
Para isso vamos em Vendas > Cadastro de Nop > no cadastro da Nop vamos verificar se a opção em questão está marcada
Feita a verificação da Nop, a próxima informação que devemos nos atentar, é sobre a Condição de pagamento.
Para isso vamos em Cadastros Gerais > Condições de pagamento >. Na condição de pagamento que foi informada no pedido, deve se estar cadastrado para gerar os títulos conforme a quantidade de parcelas desejadas, por exemplo:
Caso seja necessário gerar 3 parcelas, na condição de pagamento em Qtd Pacelas, deve estar informado 3, pois assim, o sistema vai identificar que que deve ser gerado essa quantidade, caso esteja informado 2 quantidades por exemplo, o sistema só vai gerar duas parcelas e assim por diante.
Feita essa verificação, e mesmo assim o sistema não gerou os títulos, possivelmente não existe nenhum banco vinculado ao pedido.
Para verificarmos essa questão, devemos ir em Vendas > Pedidos > passo 3 > Financeiro 
Entrando na opção financeiro, conseguiremos ver as informações contábil sobre o pedido, e caso o campo “Cod banco” esteja em branco, significa que o cadastro do cliente não possui nenhum banco vinculado e o parâmetro da empresa, também não.
Para verificarmos o banco no cadastro do cliente, existe dois caminhos que podem ser seguidos:
Primeiro: Cadastros Gerais > Clientes
Segundo: Vendas > Pedidos > Passo 1 > Detalhe
Após isso, no passo 2 na tela de cliente, conseguiremos verificar qual banco está vinculado ao mesmo. 
caso esse campo não esteja preenchido, o mesmo deve buscar o banco vinculado ao parâmetro que fica localizado em Cadastros Gerais > Cadastros Iniciais > Parâmetros Iniciais > Modulo > Cadastros Gerais
Nesse modulo, iremos procurar pelo parâmetro “Banco Padrão” que fica localizado logo ao início da lista de parâmetros 
No caso em questão, verificamos que as informações de pagamentos estão corretas porem, o banco padrão no cadastro do cliente está em branco, e o parâmetro também, sendo assim, o sistema não consegue identificar nenhum banco para a geração dos títulos.
Então para que esse tipo de problema não venha mais ocorrer, insira um banco no parâmetro, pois assim, caso o cliente não possua nenhum em seu cadastro, o sistema vai identificar o parâmetro e gerar as informações normalmente.",titulo,https://unoerpwiki.herokuapp.com/pt-br/Nao-gera-titulo
Financeiro 💰,Utilizar crédito do cliente,"Utilizar crédito do cliente
Tela: VDW0001 - Pedidos	Corpo: 0002 	Parâmetro Relacionado: Recalcula o valor dos Pagamentos no faturamento
Descrição do Problema:
Para utilizar os créditos do cliente gerados por títulos manuais ou devoluções sem utilizar o ícone $ (Tp Pagto Crédito) do pedido. É necessário utilizar o tipo de pagamento “Devolução de Venda”, ao utilizar este tipo de pagamento o sistema verifica os valores existente de crédito para o cliente que está sendo gerado um pedido de venda, se o valor do crédito for 0 ou insuficiente para atender o valor da parcela que está sendo gerada o sistema não permite a gravação do pedido de venda.
O título de crédito precisa ter valor negativo e ser do Tipo CR:
No 3° passo do pedido escolher a forma de pagamento que consta com Tp Pagto “Devolução de Venda”, o valor da parcela deve ser igual ao valor do título de crédito:
Se o valor da parcela for editado manualmente é necessário que o parâmetro “Recalcula o valor dos Pagamentos no faturamento” conste como “Não”, caso contrário o sistema vai recalcula o valor dos pagamentos de acordo com a condição de pagamento.
Parâmetro: Cadastros Gerais – Cadastros Iniciais – Parâmetros Iniciais – Módulo Vendas
Quando faturar o pedido o sistema vai gerar um título de 1.000,00R$ referente a parcela 2 e vai baixar o título de crédito conforme abaixo:","devolução, credito",https://unoerpwiki.herokuapp.com/pt-br/Utilizar-credito
Financeiro 💰,Contas a receber - diferença entre campo desconto e desconto pontualidade,"Contas a Receber – Diferença entre Campo Desconto e desconto pontualidade
Tela: FNW0201 - Contas a Receber	Corpo: 0001
Problema
Ao aplicar desconto no campo Desconto o retorno do banco não considerou o valor na baixa.
Solução 
Remessa e botão boleto não considera o campo desconto, vai enviar o total do título na remessa e exibir o valor total também no boleto.
Quando o boleto registrado vai ter um desconto, o correto é aplicar esse desconto no campo “Desconto Pontualidade”, dessa forma é aplicada uma instrução que se pagar até a","desconto, desconto pontualidade",https://unoerpwiki.herokuapp.com/pt-br/Desconto-desconto-pontualidade
Financeiro 💰,Vincular pedido de venda com o titulo,"Vincular pedido de venda com titulo
Tela: FNW0201 - Contas a Receber	Corpo: 0001 
Permissão
FNW0201 - Contas a Receber
FNW0201B - Permite Vincular Pedido
FNW0201G - Permite Alterar Títulos a Receber
FNW0201M - Permite Botão Atualizar Pedido Título Receber
Problema
Por algum motivo o título não foi gerado quando foi realizado o faturamento ou é necessário criar um título e vincular ao pedido de venda.
Solução
É possível pela tela FNW0201 - Contas a Receber vincular um pedido de venda com um pedido, lembrando que o cliente vinculado ao título precisa ser o mesmo do pedido de venda e esse pedido estar faturado.
Ir em Módulo Financeiro: Contas a Receber → FNW0201 - Contas a Receber e clicar no ícone:
Quando clicar no ícone:
é acionada a tela EQQ0003 - Lista de Faturamentos:
Na tela acima preencher o código do pedido no campo Cod Pedido ou clicar na:
 e buscar o pedido. Exibindo o pedido no resultado clicar no ícone:
Ps: O pedido precisar estar faturado
Após realizar o processo acima clicar no botão:
 na tela FNW0201 - Contas a Receber, após esse processo é exibido o código do pedido logo a frente do ícone:
Para esse processo é necessário que o usuário tenha habilitado as permissões abaixo:
FNW0201 - Contas a Receber
FNW0201B - Permite Vincular Pedido
FNW0201G - Permite Alterar Títulos a Receber
FNW0201M - Permite Botão Atualizar Pedido Título Receber","titulo, vincular, pedido de venda",https://unoerpwiki.herokuapp.com/pt-br/Vincular-pedido-titulo
Financeiro 💰,Baixas Parcial De Titulo,"Baixa Parcial de Título
Tela: FNW0202 	Corpo: 0001
Permissões Relacionadas: 	
FNW0202A - Permite efetuar a Baixa de Títulos a Receber
FNW0202B - Permite Alterar","titulo, baixa, parcial",https://unoerpwiki.herokuapp.com/pt-br/Baixa-Parcial-de-T%C3%ADtulo
Financeiro 💰,Planilha Calculo de multa e juros,"Calculo de multa e juros
/modelos_de_imagem_suporte/calculo_juros_e_multa_titulo.xlsx","multa, juros",https://unoerpwiki.herokuapp.com/pt-br/Calculo-multa-juros
Financeiro 💰,Mantendo o ICMS desonerado no Total da NF,"Mantendo o ICMS desonerado no Total da NF
Tela: VDW0001  	Corpo:
Parâmetros Relacionadas: 	Indica se mantém o ICMS desonerado no Total da NF
Problema:
O sistema está mantendo o valor do ICMS desonerado no Total da NF:
Solução
O parâmetro “Indica se mantem o ICMS desonerado no Total da NF” constava como “SIM”, alterando para “NÃO” o valor foi descontado.
Mas é necessário validar todas as parametrizações abaixo:
Para que a NF-e seja emitida em acordo com as regras da Suframa primeiramente deve-se informar o código Suframa do cliente no passo 3 da tela para que a informação seja informada no XML da NF-e e também nos dados acionais da NF-e.
Obs: Não existe no DANFE um corpo próprio para essa informação e por esse motivo é exibido nos dados adicionais, já no XML a informação consta na tag ISUF.
Módulo Cadastros Gerais: Clientes → CDW0101 – Clientes
Validar se se os parâmetros constam conforme abaixo:
Módulo Cadastros Gerais: Cadastros Iniciais → Parâmetros Iniciais → CDW0001 - Parâmetros do Sistema - Módulo Vendas
Parâmetro “Indica se Imprime a Obs. do Item na NF/DANFE deve estar” = Sim para que a matricula Suframa do cliente seja exibida.
Parâmetro Indica se mantem o ICMS desonerado no Total da NF deve constar como Não para que o valor desonerado seja retirado do total da nota.
Para todas as operações para Zona Franca a NOP deve estar com as seguintes opções selecionadas:
Módulo Vendas: Cadastro de NOP → CDW0018 - Cadastro de NOP
Mercadoria destinada a revenda ou Industrialização:
- Operação Isenta de ICMS e IPI definir a NOP conforme abaixo e preencher as CST dos impostos conforme orientação de sua contabilidade ou área fiscal.
Na tela VDW0001 – Pedidos para esse tipo de operação o cliente deverá estar com a opção de consumidor final desmarcada para que seja gerada a desoneração do ICMS calculado.
B) Mercadoria destinada a Uso/Consumo:
- Operação Isenta de IPI, devendo constar no corpo da NF o Código Suframa do cliente definir a NOP conforme abaixo e preencher as CST do IPI conforme orientação de sua contabilidade ou área fiscal.
Módulo Vendas: Cadastro de NOP → CDW0018 - Cadastro de NOP
Obs: A CST de ICMS pode ser definida como diferenciada ou usar a da regra de ICMS já vinculada ao item. Lembrando que as alíquotas de ICMS devem ser definidas na regra ou no pedido.
Na tela VDW0001 – Pedidos para esse tipo de operação o cliente deverá estar com a opção de consumidor final marcada para que não seja gerada a desoneração do ICMS calculado.
Módulo Vendas: Pedidos → VDW0001 - Pedidos","nf, icms, mantendo, desonerado, total",https://unoerpwiki.herokuapp.com/pt-br/Mantendo-o-ICMS-desonerado-no-Total-da-NF
Financeiro 💰,Criação do pedido reserva pelo sistema e a separação pelo APP,"Criação do pedido reserva pelo sistema e a separação pelo AP
Tela: VDW0001 	Corpo: Eurocabos (01.01)
Como é feito a criação do pedido/reserva pelo sistema e pre separação/separação pelo App:
1° O pedido é criado e salvo na situação “Proposta Aprovada”:
Depois de salvo com situação “Proposta Aprovada” é feito a reserva dos lotes pela tela EQQ0006B - Reserva de Lotes, que é acionada pelo passo 2 do pedido ícone 
:
Já na tela de reserva, selecionar o lote, clicar em importar, depois em finalizar e gravar o pedido.
Depois do pedido gravado, muda a situação para Pedido Aprovado e grava:
Após esse processo acessar o APP, na opção Menu e depois Pré-Separação:
Buscar pelo código do pedido:
Ao selecionar o pedido é acessada a tela Ordem de Separação e nela é feita a separação pela etiqueta, preenchendo a etiqueta e clicando em separar Item:
Para consultar a etiqueta ir em Módulo Estoque: Reimpressão de Etiqueta → EQW0020 - Reimpressão de Etiqueta e consultar pelo Cod produto e Lote reservado:
Após preencher o cod etiqueta no APP e clicar em “Separar Item” é exibido a mensagem “Deseja separar o Item”, clicando em SIM exibe a mensagem “Item Separado”:
Após esse processo o pedido é exibido na tela de Separação na aplicação com situação 50:
Nessa tela os colaboradores preenchem o peso, volume e grava o pedido assim ficando disponível para faturamento:
Após esse processo o pedido é exibido no faturamento:","separação, pedido, criação, reserva, sistema, ap",https://unoerpwiki.herokuapp.com/pt-br/Cria%C3%A7%C3%A3o-do-pedido-reserva-pelo-sistema-separa%C3%A7%C3%A3o-pelo-AP
Financeiro 💰,Calculo de Custo,"Calculo de custo
Atualmente podemos definir 3 formas de calculo de custo aos itens recebidos através do parâmetro:
Custo Médio:
Calcula o custo através da ponderação entre os valores de estoques, de forma que sua valorização unitária corresponda a média de cálculo.
Custo Real: 
Parte do valor do item recebido acrescido de rateio de fretes e despesas e subtraindo-se os impostos creditados conforme definido na classificação fiscal de cada item. Esse valor é calculado por lote recebido e usado o valor por lote nos relatórios que exibam o custo. 
Custo Standard: 
Usa a fórmula de calculo definida na tela CDW0208 - Atualização de Custo localizada no módulo de compras e atualiza os custos no cadastro do item a cada novo recebimento.","calculo, custo",https://unoerpwiki.herokuapp.com/Calculo-custo
Financeiro 💰,Contas a pagar sem código de fornecedor,"Contas a pagar - Sem fornecedor
Tela: FNW0101 - Contas a Pagar	Corpo: 0001
Descrição do Problema:
Como gerar consta a pagar sem cod fornecedor vinculado ao titulo
Para gerar contas a pagar sem vincular o fornecedor, precisa selecionar a opção Tipo do Título ‘ outros’.
Assim a opção de cod fornecedor não fica vinculado.","fornecedor, contas a pagar, codigo",https://unoerpwiki.herokuapp.com/pt-br/Contas-pagar-fornecedor
Financeiro 💰,Emissão de boletos,"Emissão de boletos
Tela: Emissão de Boletos	Corpo: 0001
Módulo Financeiro: Financeiro - FNW0201 - Contas a Receber
Descrição: Criar um titulo de contas a receber para gerar um boleto
Descrição dos Campos, Implicações e Exemplos
A tela FNW0201 - Contas a Receber é onde poderemos gerar um título e com isso poderemos gerar um boleto para pagamento.
Para acessa-la deve-se primeiro ir no modulo financeiro, na opção contas a receber:
O campo “Titulo” não deve ser preenchido pois o sistema irá gerar a documentação automaticamente.
O campo “Cod Cliente” deve ser usado para selecionar o cliente do qual emitiremos o boleto. Caso não saiba o código do cliente basta utilizar o botão 🔎  para que o sistema abra uma tela de pesquisa.
Os campos presentes nessa tela servem como “filtros” na pesquisa que o sistema irá realizar. Assim que definido os “filtros” basta clicar no botão
Após encontrar o cliente que será utilizado basta clicar no botão 📝 e o sistema irá carregar os dados do cliente selecionado na tela.
O campo “Cod Banco” deve ser usado para selecionar o banco do qual emitiremos o boleto. Caso não saiba o código do banco basta utilizar o botão 🔎  para que o sistema abra uma tela de pesquisa. Deve-se atentar, pois o banco que será selecionado deve já estar devidamente homologado com a Uno, para que não haja erros na geração do boleto ou até mesmo quando necessário gerar arquivos de remessa.
Os campos presentes nessa tela servem como “filtros” na pesquisa que o sistema irá realizar. Assim que definido os “filtros” basta clicar no botão:
Assim como a tela de pesquisa mencionado acima, após encontrar o banco que será utilizado basta clicar no botão 📝 e o sistema irá carregar os dados do banco selecionado na tela.
O campo “Forma Pagto” deve ser usado para selecionar a forma de pagamento (previamente cadastradas no sistema), como iremos gerar um boleto é importante que a forma de pagamento seja “Boleto” ou “Boleto Eletrônico”.
O campo “Conta” deve ser utilizado para selecionar a conta e sub conta que serão utilizados no título. Caso não saiba o código da conta e sub conta basta utilizar o botão 🔎
Os campos presentes nessa tela servem como “filtros” na pesquisa que o sistema irá realizar. Assim que definido os “filtros” basta clicar no botão 
e selecionar a conta e sub conta que será utilizada.
O campo “Situação” é possível verificar o “Status” do título, do qual a situação pode ser mudada automaticamente quando há baixa do título ou pode ser alterada manualmente. 
O campo “Dt Vencimento” serve para definir a","emissão, boletos, emissão de boletos",https://unoerpwiki.herokuapp.com/pt-br/Emissao-Boletos
Financeiro 💰,Estorno de titulo,"Estorno de titulo
Permissões Relacionadas: 
FNW0204 - Estorno de Recebimentos 
FNW0104 - Estorno de Pagamentos
Descrição do Problema: Não é possível realizar estorno de títulos.
Cadastro Gerais - Cadastro Iniciais - Parâmetros Iniciais - Módulo - Financeiro
Dias para Bloqueio das Operações Financeiras
Dias retroativos para realização de movimentações financeira que influenciem no fluxo de caixa como baixa e estorno de títulos.
Devido a quantidade de dias definido nesse parâmetro pode não ser possível realizar o estorno do título.
Precisa alterar a quantidade de dias no parâmetro para liberar o estorno do título.","titulo, estorno, estorno de titulo",https://unoerpwiki.herokuapp.com/pt-br/Estorno-titulo
Financeiro 💰,Resultado Financeiro por Centro de Custo,"Resultado Financeiro por Centro de Custo
Tela: FNW00221 - Resultado Financeiro por Centro de Custo	Corpo: 0001 (01.01)
Permissões Relacionadas:
Tela: FNW00221 - Resultado Financeiro por Centro de Custo
A tela é acessada pela Aplicação, Módulo Financeiro - Resultado Financeiro por Centro de Custo - FNW00221 - Resultado Financeiro por Centro de Custo:
Descrição dos Campos, Implicações e Exemplos:
Dt Período Inicial e Final:","resultado, financeiro, centro de custo",https://unoerpwiki.herokuapp.com/pt-br/Resultado-Financeiro-por-Centro-de-Custo
Financeiro 💰,Forma de pagamento não aparece no pedido,"Forma de Pagamento não aparece no pedido
Tela: VDW0001 - Pedidos
Permissões Relacionadas:
CDW0006 Condições de Pagamento
Descrição do Problema: No passo 3 do pedido não aparece todas as condições de pagamento.
Descrição da Solução: Verificar se na condição de pagamento preenchida no pedido consta selecionada a opção restringe formas de pagamento, caso sim selecionar as formas de pagamentos a serem utilizadas ou desmarcar essa opção. 
Cadastros Gerais – Condições de Pagamento – Restringe formas de Pagamento","pedido, forma de pamento, não aparece",https://unoerpwiki.herokuapp.com/pt-br/Forma-pagamento-pedido
Financeiro 💰,Boleto Pedido,"Título não imprime
Tela: FNW0201 - Contas a Receber	Corpo: 0001 
Descrição do Problema: Não era possível imprimir boleto. Tela ficava em branco.
Descrição da Solução: No cadastro do banco vinculado ao título não estava marcado a checkbox de Imprimir Boleto e cadastro do banco não estava completo.","boleto, pedido",https://unoerpwiki.herokuapp.com/pt-br/Boleto-pedido
Financeiro 💰,Não imprime boleto titulo,"Não imprime boleto Título
Tela: FNW0201 - Contas a Receber	Corpo: 0001
Descrição do Problema: Não é possível gerar boleto no título de contas a receber.
Descrição da Solução: Código do banco foi alterado após a gravação do título, gerando assim um código de boleto para um diferente banco. Assim é necessário adicionar o novo banco e Reparcelar e Recalcular o título para gerar um novo número de boleto.","boleto, titulo, imprime",https://unoerpwiki.herokuapp.com/pt-br/Boleto-titulo
Financeiro 💰,FUP - Contas a Receber,"FUP - Contas a Receber
Tela: : FNW0206 - FUP - Contas a Receber	Corpo:
Problema:
Ao exportar arquivo TXT, coluna A (Nr Titulo ) algumas linhas estão trazendo os números dos títulos em formato de","receber, contas, fup",https://unoerpwiki.herokuapp.com/pt-br/FUP-Contas-a-Receber
Financeiro 💰,Criar Titulo a partir da baixa,"Criar títulos a partir da baixa
Tela: FNW0202M - Baixa CR Multi-Empresa	Corpo: 0001 (01.01)
Permissões Relacionadas: 	FNW0202M - Baixa CR Multi-Empresa
Na Easytech a quantidade de parcelas dos títulos gerados são de acordo com a forma de pagamento, quandoo a opção “Reparcelas Automático no Faturamento” consta selecionada é habilitada a opção de Qtd parcelas: 
Preenchendo o campo Qtd Parcelas o sistema carrega as percelas, Dias e Percentual.
O boleto abaixo foi criado com forma de pagamento Boleto 1X e vamos realizar uma baixa no título alterando a forma de pagamento para VISA 2X:
Clicando no ícone + é exibida a tela FND0210M - Baixa Detalhada Multiempresa, nessa tela alteramos a forma de pagamento e é exibido a quantidade de parcelas:
Quando clicar em Baixar o título será “reparcelado”, alterando o valor do título 300044/1 para 250,00R$ e criando um novo título 300044/2 de 250,00R$:
O título baixado fica conforme abaixo:","baixa, titulos, criar, partir",https://unoerpwiki.herokuapp.com/pt-br/Criar-t%C3%ADtulos-a-partir-da-baixa
Financeiro 💰,Contas a Receber -  Boleto Banco Inter não abre,"Contas a Receber – Boleto Banco Inter não abre
Tela: FNW0201 - Contas a Receber 	Corpo:
Problema:
Ao acessar o boleto do banco Inter a tela fica em branco e não abre o boleto.
Solução
No log é retornado o erro:
javax.net.ssl.SSLHandshakeException: Received fatal alert: bad_certificate
Isso ocorre pois a","banco, receber, boleto, contas, inter, abre, não",https://unoerpwiki.herokuapp.com/pt-br/Contas-a-Receber-Boleto-Banco-InteR-n%C3%A3o-abre
Financeiro 💰,Contas a Receber - Recibo de pagamento modelo Colorpy,"Contas a Receber – Recibo de Pagamento
FNW0201 - Contas a Receber	Corpo: Colorcopy
Problema:
O cliente quer imprimir um recibo quando houver a baixa do título.
Solução:
Ao baixar o título é possível imprimir um recibo para o cliente conforme modelo abaixo:
Exemplo de recibo .txt:
Exemplo de recibo Modelo Colorcopy:
Os modelos acima podem ser liberados aos clientes, apenas o modelo abaixo é contratado a parte:
Para que o recibo seja gerado é necessário que no momento da baixa a opção “Imprimir Recibo” conste selecionada:
Módulo Financeiro: Baixa de Contas a Receber → FNW0202 - Baixa de contas a Receber
É possível reimprimir o recibo após a baixa pela tela FNW0201 - Contas a Receber  usand o ícone 
:
Módulo Financeiro: Contas a Receber → FNW0201 - Contas a Receber        
Para que seja possível imprimir o recibo modelo colorcopy é necessário ter uma impressora A4 no Cups e realizar as configuraçoes abaixo:
Ir em Módulo Cadastros Gerais: Cadastros Iniciais → Programas x Impressoras → CDW0031 - Programas x Impressoras e definir uma impressora:
Ir em Módulo Cadastros Gerais: Cadastros Iniciais → Telas → CDW0030 - Telas Customizadas e definir  modelo de impressão:
Ir em Módulo Cadastros Gerais: Cadastros Iniciais → Objetos → CDW0024 - Objetos Customizados e definir o BO conforme abaixo:
Sistema: FN
Nome Objeto: ReciboArquivo
Nome Objeto Custom: ReciboArquivoColorcopy
Explicar o Objetivo/Motivo: Recibo
Depois de realizar as configuraçoes acima é necessário reiniciar o tomcat para aplicar o BO.","receber, contas, recibo, pagamento",https://unoerpwiki.herokuapp.com/pt-br/Contas-a-Receber-Recibo-de-Pagamento
Financeiro 💰,Contas a Receber - Vincular pedido de venda com o título,"Contas a Receber – Vincular pedido de venda com o título
Tela: FNW0201 - Contas a Receber	Corpo: 0001 (01.01)
Permissão	
FNW0201 - Contas a Receber
FNW0201B - Permite Vincular Pedido
FNW0201G - Permite Alterar Títulos a Receber
FNW0201M - Permite Botão Atualizar Pedido Título Receber
Problema
Por algum motivo o título não foi gerado quando foi realizado o faturamento ou é necessário criar um título e vincular ao pedido de venda.
Solução
É possível pela tela FNW0201 - Contas a Receber vincular um pedido de venda com um pedido, lembrando que o cliente vinculado ao título precisa ser o mesmo do pedido de venda e esse pedido estar faturado.
Ir em Módulo Financeiro: Contas a Receber → FNW0201 - Contas a Receber e clicar no ícone 
 :
Quando clicar no ícone 
 é acionada a tela EQQ0003 - Lista de Faturamentos:
Na tela acima preencher o código do pedido no campo Cod Pedido ou clicar na 
 e buscar o pedido. Exibindo o pedido no resultado clicar no ícone 
:
Ps: O pedido precisar estar faturado
Após realizar o processo acima clicar no botão 
 na tela FNW0201 - Contas a Receber, após esse processo é exibido o código do pedido logo a frente do ícone 
:
Para esse processo é necessário que o usuário tenha habilitado as permissoes abaixo:
FNW0201 - Contas a Receber
FNW0201B - Permite Vincular Pedido
FNW0201G - Permite Alterar Títulos a Receber
FNW0201M - Permite Botão Atualizar Pedido Título Receber","receber, contas, titulo, venda, pedido, vincular",https://unoerpwiki.herokuapp.com/pt-br/Contas-a-Receber-Vincular-pedido-de-venda-com-o-t%C3%ADtulo
Financeiro 💰,Contas a Receber - Boleto Bradesco não gera PDF,"Boleto Bradesco não gera PDF
Tela: FNW0201 - Contas a Receber	Corpo: 
Problema:
Boleto vinculado ao banco Bradesco ao clicar em boleto na tela FNW0201 - Contas a Receber o mesmo apresenta erro na tela e não exibe o boleto.
Descrição Solução:
Para que o boleto seja exibido é necessário que o Tipo Pagto na forma de pagamento utilizada conste com a opção “Boleto bancário” selecionado:
Módulo Cadastros Gerais: Formas de Pagamento → CDW0007 - Formas de Pagamento
No cadastro do banco a opção “Imprime Boleto” deve estar selecionada:
Módulo Cadastros Gerais: Formas de Pagamento → CDW0007 - Formas de Pagamento
Com as informações acima corretas verificar se no cadastro do banco a conta está preenchida como 7 caracteres e depois o dígito (xxxxxxx-x) conforme descrito no layout:
No sistema não consta da forma correta:
A conta seria 5519-0, nesse caso é necessário completar com zeros a esquerda, dessa forma a conta deve ser preenchida como 0005519-0 conforme abaixo:","boleto, bradesco, pdf, não gera pdf",https://unoerpwiki.herokuapp.com/pt-br/boleto-bradesco-n%C3%A3o-gera-pdf
Financeiro 💰,Contas a Pagar - Não é possível alterar titulo onde o tipo do titulo é fornecedor,"Contas a Pagar – Não é possível alterar título onde o Tipo do Título é Fornecedor
Tela: FNW0101 - Contas a Pagar 	Corpo:
Problema:
O sistema não está permitindo editar o código do fornecedor no título a pagar como é feito com o Cod colaborador.
Quando o tipo do título é Cod colaborador a lupa fica disponível para alterar o colaborador do título:
Porém quando o tipo é Fornecedor a lupa não fica disponível:
Descrição Solução:
Como o campo de fornecedor é chave no banco de dados, depois de gravado não pode alterar pois iria gerar um novo titulo ou então limpar a tela pois iria consultar um titulo que não existe, por isso não pode trocar o fornecedor.","fornecedor, pagar, contas, titulo, possivel, alterar, tipo",https://unoerpwiki.herokuapp.com/pt-br/Contas-a-Pagar-N%C3%A3o-%C3%A9-poss%C3%ADvel-alterar-t%C3%ADtulo-onde-o-Tipo-do-T%C3%ADtulo-%C3%A9-Fornecedor
Financeiro 💰,Contas a Pagar - Alterar o campo ‘Observação Financeira’ em títulos já baixados,"Contas a Pagar - Alterar o campo `Observação Financeira` em títulos já baixados
Tela: FNW0101 - Contas a Pagar	Corpo: 0001 (01.01) 
Permissão: 	FND0103A – Permite alterar Observação Financeira
Problema
Não é possível alterar o campo `Observação Financeira` em títulos já baixados.
Módulo Financeiro: Contas a Pagar à FNW0101 – Contas a Pagar 
É necessário as seguintes parametrizações para usar a funcionalidade de Alterar o campo `Observação Financeira` em títulos já baixados.
Módulo Segurança: Permissões à SGW0023 – Permissões 
Na tela SGW0023 – Permissões selecionar o grupo desejado e atribuir a ele a permissão “FND0103A – Permite alterar Observação Financeira”.
Após aplicar a permissão acessar a tela em Módulo Financeiro: Contas a Pagar à FNW0101 – Contas a Pagar e clicar no ícone 
, ao clicar no ícone é acionada a tela FND0103 – Alteração título a pagar já baixado.
Após clicar no ícone é acionada a tela FND0103 – Alteração título a pagar já baixado:
Após acessar a tela ditar o campo Observação Financeira e clicar no botão 
.
Exemplo abaixo:","pagar, contas, campo, alterar, observação, financeira, títulos, baixados",https://unoerpwiki.herokuapp.com/pt-br/Contas-a-Pagar-Alterar-o-campo-Observa%C3%A7%C3%A3o-Financeira-em-t%C3%ADtulos-j%C3%A1-baixados
Financeiro 💰,Importa Extrato - Não importa todos os registros,"Importa Extrato – Não importa todos os registros
Tela: FNW0019 - Importa Extrato	Corpo:
Problema:
O arquivo OFX tinha 62 transações, porém ao importar o arquivo estava incluindo apenas 18 registros.
Solução
Verficar se o parâmetro “Lista banco processa OFX duplicado (e.g 001,237,033)” precisa estar preenchido, nesse caso estava em branco. Incluímos o banco 033 (É usado o Número Banco definido no cadastro do banco.)
O parâmetro fica em Módulo Cadastros Gerais: Cadastros Iniciais → Parâmetros Iniciais → CDW0001 - Parâmetros do Sistema – Módulo Financeiro:
Depois de definir o banco conforme acima (caso tenha mais de um banco homologado separar por vírgula, 033,001,237...) importamos o arquivo novamente, dessa forma o sistema vai importar os 44 restantes visto que 18 já foram importados da primeira vez.
Ao clicar em conciliação automática vai ser acionada a tela FNW0020 - Concilia Extrato, nela será exibido todas as 62 transaçoes do extrato ao clicar no botão 
.","importa, extrato, registros",https://unoerpwiki.herokuapp.com/pt-br/Importa-Extrato-N%C3%A3o-importa-todos-os-registros
Financeiro 💰,Reembolso de Cliente – Despesa lançada não é exibida,"Reembolso de Cliente – Despesa lançada não é exibida
Tela: FNW0012 - Reembolso de Cliente	Corpo:
Problema:
Foi lançada uma despesa mas ela não é exibida na tela FNW0012 - Reembolso de Cliente.
Abaixo a despesa vinculada a ocorrência:
Módulo Ocorrências: Ocorrência → OCW0001 - Ocorrência
Módulo Financeiro: Relatórios → FUP Reembolso Cliente → FNW0012 - Reembolso de Cliente
O relatório exibe apenas apontamento onde o  campo sit_cobranca na tabela fn_apontamento consta como 1, no apontamento acima o campo consta como 0.
Solução
O usuário clicou no ícone por isso a despesa não é exibida:
Quando esse processo é feito o sistema exibe a mensagem “Apontamento não será mais cobrado! Deseja realmente exclui-lo?” caso seja clicado em SIM o apontamento não será mais exibido na busca:
Via suporte é possível retornar a despesa na tela, é necessário alterar o campo sit_cobranca na tabela fn_apontamento via banco de dados.","cliente, reembolso, despesa, lançada, exibida",https://unoerpwiki.herokuapp.com/pt-br/Reembolso-de-Cliente-Despesa-lan%C3%A7ada-n%C3%A3o-%C3%A9-exibida
Financeiro 💰,Transferência de Contas Multiempresa,"Transferência de Contas Multiempresa
Tela: FNW0005 - Transferência de Contas	Corpo: Multiempresa
Transferência de Contas Multiempresa
Objetivo: Realizar uma transferência bancárias entre as empresas cadastradas no sistema, matriz e filiais, gerando os títulos de crédito e débito.
Configuração: Configurar o corpo “MultiEmpresa” em Cadastros Gerais -> Cadastros Iniciais -> Telas e configurar o corpo, vide imagem abaixo:
OBS: O corpode deve ser escrito exatamente como a imagem acima. E depois de configurar o corpo é necessário sair do sistema e entrar novamente
É preciso configurar os parâmetros abaixo em Cadastros Gerais -> Cadastros Iniciais -> Parâmetros Iniciais no módulo ‘Financeiro’:
Conta para Titulo a Receber na Transferência MultiEmpresa
Sub-Conta para Titulo a Receber na transferência
Conta para Titulo a Pagar na Transferência MultiEmpresa
Sub-Conta para Titulo a Pagar na Transferência
Depois de configurado a tela FNW0005 Transferência de estoque terá a seguinte aparência:
Onde: 
Banco de Débito: Campo para informar de qual banco vai sair o dinheiro, ou seja, que vai ser feito o débito;
Empresa Crédito: Campo para informar qual a empresa vai receber a transferência realizada;
Banco Crédito: Campo para informar qual o banco vai receber a transferência realizada;
Valor da Transferência: Campo para informar qual o valor da transferência;
Dt transferência: Campo para informar a",Nenhuma palavra-chave encontrada,https://unoerpwiki.herokuapp.com/pt-br/Transfer%C3%AAncia-de-Contas-Multiempresa
Financeiro 💰,Fluxo de Caixa - Pedido de venda/compra não exibe no fluxo de caixa,"Fluxo de Caixa – Pedido de venda/compra não exibe no fluxo de caixa
Tela: VDW0001 - Pedidos 	Corpo:
Parâmetro Relacionado	
Situação do pedido de venda considerado na previsão do fluxo de caixa.
Situação do item do pedido de compra considerado na previsão do fluxo de caixa.
Problema:
Pedido de venda não é exibido na previsão do fluxo de caixa.
Solução
Verificar se a situação do pedido de venda é a mesma definida no parâmetro “Situação do pedido de venda considerado na previsão do fluxo de caixa”.
Módulo Cadastros Gerais: Cadastros Iniciais → Parâmetros Iniciais → CDW0001 - Parâmetros do Sistema - Módulo Financeiro.
Verificar se a Nop do pedido consta selecionado a opção Estatística de Venda:
Módulo Vendas: Cadastro de NOP → CDW0018 - Cadastro de NOP
Se se o pedido tem banco vinculado (Passo 3 Pagamentos - Botão Financeiro):
Módulo Vendas: Pedidos → VDW0001 - Pedidos
Problema:
Pedido de compra não é exibido na previsão fluxo de caixa.
Solução
Verificar se a situação do pedido de compra é a mesma definida no parâmetro “Situação do item do pedido de compra considerado na previsão do fluxo de caixa.”
Módulo Cadastros Gerais: Cadastros Iniciais → Parâmetros Iniciais → CDW0001 - Parâmetros do Sistema - Módulo Financeiro.
Verificar se o pedido de compra consta vinculado a uma Nop.
Módulo Compras: Pedidos de Compra → CCW0001 - Pedidos de Compra","compra, venda, pedido, exibe, fluxo, caixa",https://unoerpwiki.herokuapp.com/pt-br/Pedido-de-venda-compra-n%C3%A3o-exibe-no-fluxo-de-caixa
Financeiro 💰,Banco exibido na baixa detalhada,"Banco exibido na tela Baixa Detalhada 
Tela: FND0210 - Baixa Detalhada	Corpo: 0001
Descrição do Problema:
Onde é definido o banco exibido na tela FND0210 - Baixa Detalhada?
A tela é acionada clicando no ícone + na tela FNW0202 - Baixa de Contas a Receber:
Descrição da Solução:
Na tela FND0210 - Baixa Detalhada o sistema verifica se na forma de pagamento do título consta um “Banco Baixa Definido”, se o campo estiver em branco o sistema exibe o banco que consta vinculado no título:
Cadastros Gerais – Cadastros Iniciais – Formas de Pagamento:","banco, baixa, detalhada",https://unoerpwiki.herokuapp.com/pt-br/Banco-baixa-detalhada
Financeiro 💰,Apuração Resultado por Competência Centro de Custo,"Apuração do Resultado por competência por Cento de Custo
Tela: FNW0224 - Apuração do Resultado por competência por Cento de Custo 	Corpo: Multi-Empresa 
Módulo Financeiro: Relatórios à FNW0224 - Apuração do Resultado por competência por Cento de Custo.
Descrição: Relatório para apurar o resultado das contas referentes a receita e despesas Multi - Empresa.
Tela baseada na FNW0223 - Apuração do Resultado por competência Mensal (Colocar hiperlink)
- Inclui Filtro: Cod. Empresa.
Descrição dos Campos, Implicações e Exemplos 
Cod. Empresa:  Permite selecionar várias empresas, para que seja considerado no resultado.","resultado, centro de custo, apuracao, competencia",https://unoerpwiki.herokuapp.com/pt-br/apuracao-resultado-competencia
Financeiro 💰,Vendedor exibido no FNW0206 - FUP contas a receber,"Vendedor exibido no FNW0206 - FUP - Contas a Receber
Tela: FNW0206 - FUP - Contas a Receber	Corpo: 0001 (01.01)
Descrição do Problema:
O título foi criado manualmente, não tem vínculo com pedido/nota fiscal, porém no relatório exibe um colaborador. Não sendo o usuário que criou o título:
Descrição da Solução:
Quando o título não tem vínculo com pedido ou nota fiscal o sistema aplica o vendedor padrão do cliente para que quando buscar o relatório FNW0206 - FUP - Contas a Receber não fique em branco.","contas a receber, vendedor, financeiro",https://unoerpwiki.herokuapp.com/pt-br/Vendedor-contas-receber
Financeiro 💰,Alteração titulo a pagar já baixado,"FNW0101 - Contas a Pagar
Permissões Relacionadas
FND0103 - Alteração título a pagar já baixado
Problema
Cliente precisa incluir uma observação no título a pagar após ele ter sido baixado.
Solução
É necessário aplicar a permissão FND0103 - Alteração título a pagar já baixado para que seja possível editar um título a pagar com situação Pago. Essa permissão disponibiliza a alteração da conta e sub-conta, centro de custo e observação do título. Abaixo passo a passo para conseguir realizar a alteração.
1° Clicar no ícone 
 (Consta disponível a frente do campo Conta):
Ao clicar no ícone 
 será acionada a tela FND0103 - Alteração título a pagar já baixado onde consta os campos disponíveis para a alteração, após a alteração clicar no botão:
Após clicar no botão","pagar, titulo, baixar",https://unoerpwiki.herokuapp.com/pt-br/alteracao-titulo-pagar
Financeiro 💰,Cobrança ao enviar e-mail não é anexado de forma automática,"FNW0226 – Cobrança -  Ao enviar e-mail o boleto não é anexado de forma automática
Tela: CDD0036 - Modelos de E-mail	 
Parâmetros relacionados
Indica se checkbox de enviar anexos da tela CDD0036 - Modelos de E-mail vem selecionado por padrão
	Permissões relacionadas
Problema
Ao acessar a tela FNW0226 – Cobrança e clicar em “Enviar E-mail” não está sendo anexado o boleto automaticamente, sendo necessário selecionar a opção manualmente:
Módulo Financeiro: Cobrança → FNW0226 – Cobrança
Clicando no ícone 
 é acionada a tela abaixo, nela o checkbox “Enviar e-mail com anexos?” vem desmarcado:
Solução
Para que a opção fique selecionada automaticamente é necessário que o cliente tenha o parâmetro “Indica se checkbox de enviar anexos da tela CDD0036 - Modelos de E-mail vem selecionado por padrão” e conste definido como SIM.
Módulo Cadastros Gerais: Cadastros Iniciais → Parâmetros Iniciais → CDW0001 - Parâmetros do Sistema - Módulo Cadastros Gerais
Alterando o parâmetro para SIM, é necessário realizar logout e acessar a aplicação novamente para que a opção conste selecionada de forma automática:","cobrança, e-mail, enviar, anexado, automatico, automatica",https://unoerpwiki.herokuapp.com/pt-br/Cobranca-enviar-boleto
Financeiro 💰,Historico Milestone,"FND0031 - Histórico Milestones
Modulo: Financeiro	Tela: FND0031 - Histórico Milestones
Corpo: (01.01)  	 
Módulo Financeiro: Cadastros à FNW0004 - Centro de Custos  à FND0031 - Histórico Milestones
Descrição:Permite visualizar o histórico de todas as alterações realizadas.
Descrição dos Campos, Implicações e Exemplos
Através da tela FNW0004 - Centro de Custos, quando marcado a opção “Indica Centro de Custo para mobile”, ao clicar em “Gerar” habilita a tela FND0030 – Milestones. Ao clicar em “Histórico” abre a tela FND0031 - Histórico Milestones.
Colunas:
Colaborador: Exibe qual colaborador efetuou a alteração descrita.
Tp Hist: Tipo de histórico relacionado a alteração.
Descrição: Descreve o tipo de alteração realizada.
Hora:","historico, milestones",https://unoerpwiki.herokuapp.com/pt-br/Historico-Milestones
Financeiro 💰,Gerar reembolso para o cliente,"FNW0012 - Reembolso de Cliente - Gerar reembolso para o cliente
Tela: FNW0012 - Reembolso de Cliente 	Corpo: 0001 (01.01)
Descrição do Problema:  Como gerar um reembolso de cliente.
Descrição da Solução: Após incluir a despesa pela tela OCW0001 – Ocorrência opção Apontamento:
Entrar no módulo Financeiro – Relatórios - FNW0012 - Reembolso de Cliente, buscar pelo reembolso, selecionar o reembolso preencher o vencimento a conta e sub-conta conforme abaixo e clicar no botão gera Títulos a Receber:
Após gerar o título o ícone “Abrir relatório de despesas de visita” aparece é possível abrir a impressão do FNR0009 - Relatório Despesas de Visita:
Para que conste o campo Pagamento onde é informado os dados bancários para depósito conforme abaixo, é necessário que a forma de pagamento associada ao cliente seja Depósito:
As informações de banco e agência que constam na impressão são as que constam no Banco que está vinculado ao título.","cliente, gerar, reembolso",https://unoerpwiki.herokuapp.com/pt-br/gerar-reembolso-para-o-cliente
Financeiro 💰,Títulos e Boletos de Cobrança,"FND0212 Títulos e Boletos de Cobrança
Modulo: Financeiro	Tela: FND0212 Títulos e Boletos de Cobrança
Corpo: (01.01)  	 
Módulo Financeiro: FNW0102 - Baixa de Contas a Pagar à FND0212 Títulos e Boletos de Cobrança.
Descrição:Sub-tela para baixa de títulos com forma de pagamento ""Pagfor"".
Descrição dos Campos, Implicações e Exemplos
Tela acessada a partir do ícone icone (baixar).
Pode ser acessada também através do botão na tela FNW0102 para que seja realizado a baixa de multiplos titulos.
Obs.: O pagamento de múltiplos títulos é valido apenas para pagamentos realizados via transferências para FORNECEDOR (Não é valido para cadastro de COLABORADOR).
Será considerado os dados bancários do fornecedor cadastrado na tela CDW0003 - Fornecedores.
Cadastro do Fornecedor:
Módulo Cadastros Gerais: Fornecedores → CDW0003 – Fornecedores
No cadastro de fornecedor não é obrigatório preencher o campo PagFor com os dados do Banco, Agência e Conta Corrente.
Se preenchido, na tela FND0212 – Títulos e Boletos de Cobrança esses dados são carregados por default.
Cadastro do Banco Itau:
Módulo Financeiro: Cadastros → Bancos → CDW0004 - Bancos
Ao cadastrar a conta do banco que será utilizado no Pagfor, é necessário:
Número do Banco: 341;
Agencia: 4 Caracteres;
Conta Corrente: 5 Caracteres + 1 Digito;
Selecionar o checkbox Pagamento Escritural.
Cadastro Forma de Pagamento:
Módulo Cadastros Gerais: Formas de Pagamento → CDW0007 - Formas de Pagamento
Realizar o cadastro de forma de pagamento para Pagfor:
Tipo Pagto: selecionar a opção PAGFOR (obrigatório);
Tp Forma Lançamento: a opção que for selecionada, carrega por default na tela FND0212 - Títulos e Boletos de Cobrança (opcional).
Contas a Pagar:
Módulo Financeiro: Contas a Pagar → FNW0101 – Contas a Pagar
Ao cadastrar um título que será pago pelo Pagfor, é necessário:
Cód. Banco: Deve constar o mesmo Banco configurado com o pagamento escritural;
Forma de pagamento: Pagfor (conforme cadastrado na Forma de Pagamento).
Efetuando a baixa do contas a pagar.
Para facilitar a busca do título, utilizar os filtros:","cobrança, titulos, boletos",https://unoerpwiki.herokuapp.com/pt-br/Titulos-boletos-cobranca
Financeiro 💰,Fup Razão Clientes,"FNR0011 FUP - Razão Clientes
Modulo: Financeiro	Tela: FNR0011 FUP - Razão Clientes
Corpo: (01.01)  	*Precisa validar se é plugin a parte e se é cobrado
Módulo Financeiro: Relatórios à FNR0011 FUP - Razão Clientes
Descrição: Tela utilizada para mostrar saldo e títulos em aberto do contas a receber dos clientes.
Descrição dos Campos, Implicações e Exemplos 
Período Inicial e Final: Período da","fup, clientes, razão",https://unoerpwiki.herokuapp.com/pt-br/Razao-Clientes
Financeiro 💰,Reembolso de Colaborador - Não exibe a lupa para alterar o colaborador,"FNW0011 - Reembolso de Colaborador - Não exibe a lupa para alterar o colaborador
FNW0011 - Reembolso de Colaborador	Corpo: 0001 (01.01) 
Permissão: SGW0014F - Visualiza apontamentos de outro colaborador
Problema
Na tela FNW0011 - Reembolso de Colaborador o campo Cod Colaborador exibe o usuário logado e não permite a alteração:
Módulo Financeiro: Relatórios → FUP Reembolso de Colaborador → FNW0011 - Reembolso de Colaborador
Solução
É necessário habilitar a permissão SGW0014F - Visualiza apontamentos de outro colaborador, que habilita a lupa.
Após habilitar a permissão a lupa é exibida, exemplo abaixo:","colaborador, alterar, reembolso, lupa",https://unoerpwiki.herokuapp.com/pt-br/Reembolso-colaborador-lupa
Financeiro 💰,Ebitda Orçamento – Apontamento não carrega no Ebitda,"FNW0014 - Ebitda Orçamento – Apontamento não carrega no Ebitda
Tela: FNW0014 - Ebitda Orçamento
Problema:
O colaborador lança um apontamento vinculado a ocorrência e centro de custo do orçamento, porém o mesmo não carrega no Ebitida.
O apontamento deveria ser exibido na linha abaixo no ebtida:
Solução
No cadastro do colaborador não constava definido o campo  Custo Hora R$ na aba RH:
Após definir o campo será considerado os próximos apontamentos realizados pelo colaborador e vao exibir no Ebitda:","ebitida, orçamento, apontamento, carrega",https://unoerpwiki.herokuapp.com/pt-br/Ebtida-or%C3%A7amento
Financeiro 💰,FNW0101M - Permite Botão Atualizar Pedido Título a Pagar,,Nenhuma palavra-chave encontrada,https://unoerpwiki.herokuapp.com/e/pt-br/fnw0101m-permite-bot%C3%A3o-atualizar-pedido-titulo-a-pagar?from=1107
Financeiro 💰,Contas a Pagar – Ao preencher o título e parcela não carrega os dados do título,"FNW0101 - Contas a Pagar – Ao preencher o título e parcela não carrega os dados do título
Tela: FNW0101 - Contas a Pagar
Problema:
Ao preencher o título e a parcela não carrega os dados do título:
Solução
A busca quando preenchido os campos de títulos e parcela utiliza os campos chaves do título sendo eles Cod fornecedor, espécie, cod título e parcela. Para realizar a busca direto na tela FNW0101 - Contas a Pagar, é necessário primeiro informar o Cod Fornecedor e espécie e depois preencher o título e parcela.
Caso não seja informado os dados acima:
1° Cod fornecedor;
2° Espécie e Tipo Título: Fornecedor, Colaborador, Outros) A lista apresentada ao lado deste campo indica as espécies definindo a origem do pagamento e pode assumir os seguintes valores:","pagar, contas, titulo, dados, preencher, parcela",https://unoerpwiki.herokuapp.com/pt-br/Contas-pagar-dados-titulo
Financeiro 💰,Contas a Receber – Botão Duplicata,"FNW0201 - Contas a Receber – Botão Duplicata
  FNW0201 - Contas a Receber	 
Parâmetro: Indique qual o tipo da geração da duplicata	Módulo Cadastros Gerais: Cadastros Iniciais → Parâmetros Iniciais → CDW0001 - Parâmetros do Sistema – Módulo Financeiro
Problema
Ao criar um título com tp pagto Duplicata não é aberta a impressão quando clica no botãi Duplicata:
Solução:
É possível definir qual tipo de impressão será realizado, HTML ou TXT pelo parâmetro “Indique qual o tipo de geração da duplicata”:
Se o parâmetro for definido como TXT é necessário ter o Cups configurado para que seja gerada a impressão, mas se for definido como HTML é gerado em tela a duplicata e permite a impressão:
Módulo Cadastros Gerais: Cadastros Iniciais → Parâmetros Iniciais → CDW0001 - Parâmetros do Sistema – Indique qual o tipo da geração da duplicata","receber, contas, duplicata, botão",https://unoerpwiki.herokuapp.com/pt-br/Contas-receber-duplicata
Financeiro 💰,Gerar crédito para o Cliente Corpo: 0001,"Gerar crédito para o Cliente Corpo: 0001
Tela: FNW0202 - Baixa de Contas a Receber	Corpo: 0001 (01.01)
Descrição do Problema: Ao realizar a baixa com valor maior que o saldo devido do título o sistema não gera título de crédito para o cliente.
Descrição da Solução: Para que o título de crédito seja gerado é necessário preencher o valor da baixa e utilizar o ícone com a seta verde para realizar a baixa ou clicar no ícone ( + ) e abrir a tela FND0210 - Baixa Detalhada.
1º Alterar o valor do campo Vl Baixar:
2º Clicar no ícone 
Caso seja necessário alterar a forma de pagamento ou a forma de pagamento seja Cheque é necessário clicar no ícone 
 . Ao clicar no ícone abre a tela FND0210 - Baixa Detalhada.
Ao clicar no botão Baixar o sistema exibe a mensagem informando que o valor da baixa é maior que o título e se deseja gerar crédito para o cliente. Clicando em Ok é gerado o crédito.","credito, cliente, gerar",https://unoerpwiki.herokuapp.com/pt-br/Gerar-credito-cliente
Financeiro 💰,Criar títulos a partir da baixa,"Criar títulos a partir da baixa
Tela: FNW0202M - Baixa CR Multi-Empresa	Corpo: 0001 (01.01)
Permissões Relacionadas: 
FNW0202M - Baixa CR Multi-Empresa
Na Easytech a quantidade de parcelas dos títulos gerados são de acordo com a forma de pagamento, quandoo a opção “Reparcelas Automático no Faturamento” consta selecionada é habilitada a opção de Qtd parcelas: 
Preenchendo o campo Qtd Parcelas o sistema carrega as percelas, Dias e Percentual.
O boleto abaixo foi criado com forma de pagamento Boleto 1X e vamos realizar uma baixa no título alterando a forma de pagamento para VISA 2X:
Clicando no ícone + é exibida a tela FND0210M - Baixa Detalhada Multiempresa, nessa tela alteramos a forma de pagamento e é exibido a quantidade de parcelas:
Quando clicar em Baixar o título será “reparcelado”, alterando o valor do título 300044/1 para 250,00R$ e criando um novo título 300044/2 de 250,00R$:
O título baixado fica conforme abaixo:","titulo, baixa, criar",https://unoerpwiki.herokuapp.com/pt-br/Criar-titulos-baixa
Financeiro 💰,FUP - Contas a Receber,"FNW0206 - FUP - Contas a Receber
Tela: FNW0206 - FUP - Contas a Receber
Problema:
Ao exportar arquivo TXT, coluna A (Nr Titulo ) algumas linhas estão trazendo os números dos títulos em formato de","receber, contas, fup",https://unoerpwiki.herokuapp.com/pt-br/Fup-contas-receber
Financeiro 💰,Rateio das despesas nos Centros de Custo,"FNW0222 - Rateio das despesas nos Centros de Custo
Tela: FNW0222 - Rateio das despesas nos Centros de Custo	Corpo: 0001 (01.01)
Permissões Relacionadas:
FNW0222 - Rateio das despesas nos Centros de Custo
Parâmetros Relacionados:
Conta padrão no Rateio das Despesas
Conta Contábil padrão no rateio das despesas por centros de Custo
A tela é acessada pelo Módulo Financeiro: Rateio de despesas no C. Custo → FNW0222 - Rateio das despesas nos Centros de Custo:
O campo “Empresas” exibe todas as empresas cadastradas no sistema, clicar na lupa para definir de qual empresa as despesas serão rateadas. Após definir a empresa preencher o filtro “DT Emissão Inicial”, definir de qual conta será realizado a busca de despesas e clicar em calcular. Será exibido o Valor Despesas do período:
Logo abaixo selecionar novamente a Conta e sub-conta e será exibido o centro de custo dos títulos, detalhando o que foi exibido no Total Despesas, após clicar em ratear para que o sistema realize o rateio 
O funcionamento da tela acontece da seguinte maneira, selecionar o período, selecionar o Plano de contas, que por padrão traz as Contas definidas nos parâmetros Conta padrão no Rateio das Despesas e
Conta Contábil padrão no rateio das despesas por centros de Custo. Após calcular em ambos e ao clicar em ratear a tela deverá entrar em cada título carregado acima e descosidera todos os rateios existentes no título e acrescentar os novos rateios.","custo, rateio, despesas, centros",https://unoerpwiki.herokuapp.com/pt-br/Rateio-despesas-centro-custo
Financeiro 💰,Clientes - Limte de credito x Pedidos em carteiras,"CDW0101 – Clientes - Limite de Crédito x Pedidos em Carteira 
Corpo: 0001 (01.01)
Parâmetro relacionado: Situações de Pedidos a serem considerados na verificação de limite de crédito
Descrição do Problema: O limite não está correto, pois ao buscar no relatório de pedidos as situações informadas no parâmetro “Situações de Pedidos a serem considerados na verificação de limite de crédito” o valor não procede com o que consta no campo Pedidos em carteira.
Descrição da Solução: O limite verifica o valor a faturar dos pedidos em aberto (tabela vd_pedido_item_aberto). A soma da vd_pedido_item_aberto é o valor do campo Pedidos em carteira.","credito, pedidos, clientes, limite, carteira",https://unoerpwiki.herokuapp.com/pt-br/Limite-credito-pedidos-carteira
Financeiro 💰,Pedido de Venda não Aparece no Fluxo de Caixa,"Pedido de Venda não Aparece no Fluxo de Caixa
Tela: FNW0001 - Fluxo de Caixa	Parâmetro Relacionado: Situação do pedido de venda considerado na previsão do fluxo de caixa.
Descrição do Problema: Pedido de venda não aparece no fluxo de caixa.
Descrição da Solução: Verificar se a situação do pedido consta no parâmetro “Situação do pedido de venda considerado na previsão do fluxo de caixa”, verificar se a Nop do pedido consta selecionado a opção Estatística de Venda e se o pedido tem banco vinculado (Passo 3 Pagamentos - Botão Financeiro)
Caminho parâmetro – Cadastros Gerais – Cadastros Iniciais – Parâmetros Iniciais – Financeiro
Caminho Nop – Vendas – Cadastro de Nop","venda, pedido, aparece, fluxo, caixa",https://unoerpwiki.herokuapp.com/pt-br/pedido-venda-fluxo-caixa
Financeiro 💰,Desconto indevido no Título a Receber,"Desconto indevido no Título a Receber
Tela: FNW0201 - Contas a Receber 	Corpo: 0001 (01.01)
OC Referência: 332947
Problema: Ao realizar faturamento de um pedido em 3 parcelas, estava sendo aplicado um desconto de 20% do total do pedido nos 3 títulos a receber que foram gerados à partir do pedido. Nesse caso não havia sido aplicado desconto no botão “Financeiro” do pedido, não foi aplicado no valor dos itens e nem manualmente nos títulos. Também não havia valores no botão “Financeiro” no cadastro do cliente.
Aqui o título havia sido ajustado, mas no campo “Desconto” estava o valor 397,10 - correspondente a 20% do total do pedido.
Solução:  No cadastro do cliente do pedido no passo 2 estava cadastrado 20% no campo Verbas Contratuais(% Desconto), essa porcentagem estava replicando no pedido:","desconto, indevido, titulo a receber",https://unoerpwiki.herokuapp.com/pt-br/desconto-indevido-no-titulo-a-receber
Serviço 👷,Planos/Contrato,"Planos/Contratos 
Tela: SVW0001 	Corpo:
Faturamento Automático do Plano Serviço
Objetivo: 
Realizar o faturamento automático dos planos baseado em sua","planos, contrato",https://unoerpwiki.herokuapp.com/pt-br/Planos-Contrato
Serviço 👷,Erro para faturar evento,"Erro ao faturar Evento
Tela: SVW0001 - Planos/Contrato	Corpo: 0002 (01.01)
Descrição do Problema:
Ao faturar o evento o mesmo é gerado com valor zerado, com isso retorna a mensagem [{`codigo`:`REQ0001`,`mensagem`:`Campo `valorTotal` é obrigatório`}] na Nfse.
Validar que na vd_nota_fiscal o valor é gerado como 0,00 mas na sv_plano_servico_evento o valor é gerado corretamente.
Descrição da Solução:
É necessário vincular um produto ao `Tipo Evento`:
Ir em Módulo Serviços à Cadastro de Eventos, buscar o evento que foi adicionado conforme acima e cadastrar um produto.","faturar, erro, evento",https://unoerpwiki.herokuapp.com/pt-br/erro-faturar-evento
Serviço 👷,Faturamento Automático do Plano Serviço,"Faturamento Automático do Plano Serviço
Tela: SVW0001 - Planos/Contrato	Corpo: Rgtech 
Objetivo: 
Realizar o faturamento automático dos planos baseado em sua","faturamento, serviço, automático, plano",https://unoerpwiki.herokuapp.com/pt-br/faturamento-autom%C3%A1tico-do-plano-servi%C3%A7o
Serviço 👷,Item não aparece ao buscar pela tela de OSW0001 - Assistência Técnica,"Item não aparece ao buscar pela tela de OSW0001 - Assistência Técnica 
Tela: EQQ0008 - Busca de Itens 	Corpo: 0001
Ao tentar gerar uma OS e localizar um produto não é exibido o produto desejado ou nenhum produto. 
Para que o produto seja mostrado na tela EQQ0008 - Busca de Itens, ele precisa ter um vinculo com o cliente pela tela EQW0017 - Itens/Veículos. Esse vinculo pode ser gerado automaticamente ao faturar um pedido, porém é necessário seguir algumas premissas:
No cadastro do produto na Aba Qualidade é necessário que as informações referente a garantia esteja diferente de 0:
A NOP utilizada no pedido precisa estar com a opção “Estatística de Venda” marcada.
Se o pedido seguir com essas premissas, automaticamente será gerado um vinculo do produto com o cliente na tela Itens/Veículos e a origem ficará como automática e vinculada com o número da nota e a","item não aparece, assistência",https://unoerpwiki.herokuapp.com/pt-br/Suporte/ItensnateladeOS
Ocorrencia 🛟,Geração de Ocorrência sobre APP,"Abertura de Ocorrência para APP
Tela: APP UNO
Quando houver necessidade de abertura de ocorrência a nossa área de suporte relativas ao APP para que a análise seja mais eficiente recomendamos realizar o processo abaixo: 
Baixar o APP : https://play.google.com/store/apps/details?id=com.kimcy929.screenrecorder no celular através da Play Store
Gravar o processo executado que motivou a abertura da OC.
Anexar o vídeo gravado  a ocorrência juntamente com o login e senha do colaborador.","app, geracao, ocorrencia",https://unoerpwiki.herokuapp.com/pt-br/Geracao-ocorrencia-app
Atendimento 🎧,Usuário sem permissão para visualizar tipo de cliente,"Usuário sem permissão 
Tela: ATW0001 - Atendimento ao Cliente	Corpo: 0001 
ERRO: Ao cadastrar um novo cliente através da tela de atendimento, o sistema apresenta a seguinte mensagem “Usuário sem permissão para visualizar tipo de cliente. Contate o administrador.”
Motivo: Esse erro ocorre, pois o colaborador que está realizando esse processo, não tem a permissão para visualizar clientes pessoa física 
Solução: Inclua a permissão CDW0101T Permite Visualizar Cliente Físico",Nenhuma palavra-chave encontrada,https://unoerpwiki.herokuapp.com/pt-br/Usu%C3%A1rio-sem-permiss%C3%A3o-para-visualizar-tipo-de-cliente
Atendimento 🎧,Cadastro de Oportunidade - O vendedor vinculado a nova oportunidade não é quem gerou a oportunidade,"ATW0102 - Cadastro de Oportunidades – O vendedor vinculado a nova oportunidade não é quem gerou a oportunidade
Tela: ATW0102 - Cadastro de Oportunidades
Problema:
Ao gravar uma oportunidade ou gerar um pedido da tela de oportunidade o vendedor vinculado no pedido é diferente do vendedor que gerou o pedido/oportunidade. No cliente não consta vendedor vinculado. Oportunidade gerada por usuário unosol:
Módulo Atendimento: Cadastro de Oportunidades → ATW0102 - Cadastro de Oportunidades
Solução
Isso ocorre pois no cadastro do usuário que gerou a oportunidade consta a opção “Gera Oportunidades utilizando Fila de Atendimento” selecionada:
Módulo Segurança: Colaboradores → SGW0014 - Colaboradores
Desmarcando essa opção quando for gravar uma oportunidade onde o cliente não tem vendedor vinculado a mesma será vinculada ao usuário que gravou a oportunidade.
Obs: A fila de atendimento é definida em Módulo Atendimento: Fila de Vendedores → ATW0110 - Fila de Vendedores. É a lista da fila que define a ordem de vendedores que irão cadastrar oportunidades na qual o cliente não tem vendedor relacionado.
Fila de Vendedores é um processo utilizado para políticas comerciais em que os clientes não possuem um vendedor específico vinculado a ele, no caso mais utilizado para novos clientes.","vendedor, cadastro, oportunidade, vinculado",https://unoerpwiki.herokuapp.com/pt-br/Cadastro-oportunidade
Atendimento 🎧,Cadastro de Oportunidade - Botão Gerar Pedido não aparece,"Cadastro de Oportunidades – Botão Gerar Pedido não aparece
Tela: ATW0102 - Cadastro de Oportunidades	Corpo: 0001 (01.01)
Descrição do Problema: Na oportunidade não é exibido o botão “Gerar Pedido” 
Descrição da Solução: Validar se o tipo da oportunidade consta como Pontual ou Periódica:
Periódica é quando o cliente compra por período, com frequência.
Pontual é quando por exemplo o cliente compra uma única vez, esporadicamente.
Quando a oportunidade é Pontual o sistema valida a geração de pedido, para que seja gerado apenas um pedido = a faturado.
A oportunidade consta como Pontual, não consta nenhum pedido gerado da oportunidade e mesmo assim o botão não é exibido.
Nesse caso é necessário verificar qual código está preenchido no parâmetro “Cód. Status para a Oportunidade quando o pedido for faturado”, pois o botão “Gerar Pedido” só será exibido para oportunidades do tipo “Pontual” quando a oportunidade estiver com situação menor que a preenchida no parâmetro:
No parâmetro consta o cod situação 20, os códigos/situação da oportunidade podem ser verificados em Módulo Cadastros Gerais: Cadastros Iniciais → Status → CDW0020 - Status de Pré-Venda:
A oportunidade consta com a situação “Proposta enviada” que se refere ao código 50 acima, por isso o botão “Gerar Pedido” não é exibido. Para que o botão seja exibido é necessário que a oportunidade conste com situação menor que 20 (preenchida no parâmetro):
Ao salvar a oportunidade com situação menor que o parâmetro o botão “Gerar Pedido” é exibido, segue abaixo:","pedido, cadastro, não aparece, oportunidade, cadastro de oportunidade, botão gerar pedido",https://unoerpwiki.herokuapp.com/pt-br/cadastro-de-oportunidades-bot%C3%A3o-gerar-pedido-n%C3%A3o-aparece
Gerencia Geral 💼,Cockpit De Diretoria,"Cockpit de Diretoria
Tela: GGW0001 - Cockpit de Diretoria	Corpo: 0001
Abrir Arquivos .txt Exportados do Cockipt de Diretoria em Excel
Objetivo: 
Exportar relatório de pedidos, estoque, cliente, fornecedor, entre outros através da tela de Cockpit de Diretoria e abrir o arquivo .txt que o sistema faz o download no Excel para análise dos dados:
Demonstração de uso: 
Inserir o perído que se deseja colher as informações e selecionar qual o tipo de exportação de deseja, no exemplo usei “Exp Compras”:
O sistema vai abrir uma aba a parte para realizar o download do arquivo, inicialmente a tela vai ficar em branco, até que o sistema faça toda a busca dos dados no banco de dados e monte do arquivo para download, e pode demorar alguns minutos, dependendo da quantidade de informação
Depois que o sistema termina o processamento dos dados aparece a a informação abaixo:
Para fazer o download do arquivo eu posiciono o mouse na no .txt e com o botão direito do mouse seleciono a opção “Salvar Link Como” e gravo o arquivo em alguma pasta do meu computador
Para abrir o arquivo no Excel, primeiro abrimos o próprio Excel e vamos na opção de “Abrir” e depois “Procurar”: 
Assim é aberto uma tela do Windows para que o arquivo desejado seja aberto no Excel, abrindo o assistente de importação de arquivos. É preciso deixar sempre com a opção “delimitado” selecionado:
E clicar em avançar etapa no assistente de importação. Deixando as delimitações selecionada como “outros” e inserindo a opção | para separar os dados:
E por fim selecionamos a opção “Avançar” e logo depois “Concluir” para o Excel abrir a planilha que no exemplo passado ficou da seguinte forma:","cockpit, diretoria",https://unoerpwiki.herokuapp.com/pt-br/Cockpit-de-Diretoria
Gerencia Geral 💼,Ranking De Clientes,"Ranking De Clientes 
Tela: GGR0002 - Ranking de Clientes 	Corpo: 0001 (01.01)
Permissões Relacionadas: 	GGR0002 - Ranking de Clientes
A tela é acessada pela Aplicação EIS, Módulo Gerência Geral - Ranking de Clientes -  GGR0002 - Ranking de
Clientes:
Preencher os filtros de Dt Inicial e Dt Final que são obrigatórios e também pode utilizar o filtro por vendedor. Ao clicar no botão “Gerar” o sistema gera uma planilha com o resultado:
O relatório (GGR0002 - Ranking de Clientes) gerado no sistema UNO considera as notas fiscais emitidas dentro do período informado onde a opção estatística de vendas no cadastro da NOP estiver habilitada.
Obs: *Esta tela é componente do MóduloEIS que por ser um plug-in é contratado à parte*","clientes, ranking",https://unoerpwiki.herokuapp.com/pt-br/Ranking-de-Clientes
Gerencia Geral 💼,Ranking De Produtos M2,"Ranking de Produtos M2
Tela: GGR0001A - Ranking de Produtos M2	Corpo: 0001 (01.01)
Permissões Relacionadas: 	GGR0001A - Ranking de Produtos M2
A tela é acessada pela Aplicação EIS, Módulo Gerência Geral - GGR0001A - Ranking de Produtos M2
Preencher os filtros de Dt Inicial e Dt Final que são obrigatórios. Ao clicar no botão “Gerar” o sistema gera uma planilha com o resultado:
O relatório (GGR0001A - Ranking de Produtos M2) gerado no sistema UNO, busca o ranking de produtos por metro quadrado, considerando as notas fiscais onde a opção estatística de vendas no cadastro da NOP estiver habilitada.
Para que o cálculo do M2 seja realizado é necessário que no cadastro do produto conste informado o comprimento e largura do mesmo (Módulo Cadastros Gerais: Produtos e serviços → CDW0201 - Produtos e Serviços – “Aba Detalhes”).
Obs: *Esta tela é componente do MóduloEIS que por ser um plug-in é contratado à parte*","ranking, produtos, m2",https://unoerpwiki.herokuapp.com/pt-br/Ranking-de-Produtos-M2
Gerencia Geral 💼,Ranking De Produtos,"Ranking de Produtos
Tela: GGR0001 - Ranking de Produtos	Corpo: 0001 (01.01)
GGR0001 - Ranking de Produtos	0001 (01.01)
A tela é acessada pela Aplicação EIS, Módulo Gerência Geral - Ranking de Produtos - GGR0001 - Ranking de Produtos:
Preencher os filtros de Dt Inicial e Dt Final que são obrigatórios e os demais conforme a necessidade. Ao clicar no botão “Gerar” o sistema gera uma planilha com o resultado:
O relatório (GGR0001 - Ranking de Produtos) gerado no sistema UNO considera as notas fiscais onde a opção estatística de vendas no cadastro da NOP estiver habilitada.
Obs: *Esta tela é componente do MóduloEIS que por ser um plug-in é contratado à parte*","ranking, produtos",https://unoerpwiki.herokuapp.com/pt-br/Ranking-de-Produtos
Gerencia Geral 💼,Funcionamento da assinatura eletrônica,"FUNCIONAMENTO DA ASSINATURA ELETRÔNICA
A Assinatura Eletrônica é a aprovação que o Gerente de Vendas envia para o vendedor, em resposta a sua solicitação de desconto a maior que a tabela de preço padrão.
Para que a assinatura eletrônica funcione precisaremos:
1 - Alterar os parâmetros sobre assinatura eletrônica em: Parâmetros Iniciais -> Módulo “Segurança” para “Sim”
Parâmetros:
Solicita assinatura eletrônica para pedidos de venda com PREÇO abaixo da variacao da tabela de preço?
Solicita assinatura eletrônica para pedidos de venda com TOTAL DO PEDIDO abaixo da variacao da tabela de preço?
Solicita assinatura eletrônica para pedidos de venda de clientes com LIMITE DE CREDITO ultrapassado?
Solicita assinatura eletrônica para pedidos de venda de clientes com TITULOS ATRASADOS?
Solicita assinatura eletrônica para pedidos de venda de clientes com RESTRICAO DE CREDITO?
2 - Cadastrar os colaboradores que poderão aprovar as assinaturas eletrônicas
OBS: Quem for permitir as assinaturas eletrônicas terá que ter 2 permissões:
VDW0001A - Permite alterar preço > variação TbPreco
VDW0001B - Permite Gravar o Pedido Venda sem Limite de Crédito
3 - Os colaboradores não podem ter as permissões
VDW0001B - Permite Gravar o Pedido Venda sem Limite de Crédito
VDW0001B1 - Permite Gravar Pedido Venda com Títulos em Atraso
VDW0001A - Permite alterar preço > variação TbPreco
4 - Quem realizar as autorizações das assinaturas, deverá se usar a tela: CDD0301 - Assinatura Eletronica","funcionamento, assinatura, eletronica",https://unoerpwiki.herokuapp.com/pt-br/Funcionamento-assinatura-eletronica
Gerencia Geral 💼,Pedido não consta na tela CDR0001 - FUP - Assinatura Eletrônica,"Pedido não consta na tela CDR0001 - FUP - Assinatura Eletrônica
Tela: CDR0001 - FUP - Assinatura Eletrônica	Corpo: 0001 (01.01) 
Descrição do Problema: Foi solicitado assinatura eletrônica no Pedido de venda mas para um determinado colaborador não aparece no CDR0001 - FUP - Assinatura Eletrônica.
Descrição da Solução: Verificar se o percentual de desconto solicitado no pedido está dentro do % Variação Máxima cadastrado para o colaborador com acesso a aprovação. 
Cadastros Gerais – Cadastros Iniciais – Assinatura Eletrônica Venda - CDW0301 - Cadastro de Assinaturas Eletrônicas Vendas","pedido, fup, assinatura, eletronica, não consta, assinatura eletronica",https://unoerpwiki.herokuapp.com/pt-br/pedido-n%C3%A3o-consta-na-tela-CDR0001-FUP-assinatura-eletronica
Segurança 🔒,Adicionar permissão no banco de dados,"Adicionar permissão no banco de dados
Tela: SGW0023 - Permissões	Corpo: 0001
Nesse KCS será explicado como incluir uma permissão para um cliente que não tenha ela disponivel na tela de Permissões (SGW0023 - Permissões)
1 Etapa – Acesse o banco de dados de um cliente que tenha essa permissão já adicionada, exemplo: Vou adicionar a permissão: ‘FNW0101E - Permite excluir títulos a pagar’ para um cliente que não tenha.
No cliente que tenha a permissão, acesse a tabela: ‘Sg_programa’ e busque:
programa ='FNW0101E'
Depois disso, clique com o botão direito na linha > Export > SQL File...
Salve o arquivo no seu computador, assim que clicar em ‘Salvar’ vai abrir a tela: ‘Export Query Result.sql’ (Nome do arquivo)
Deixe marcado apenas o campo: ‘","permissão, banco de dados",https://unoerpwiki.herokuapp.com/pt-br/Permissao-banco-de-dados
Segurança 🔒,Atualização UNO ERP,"Atualização UNO
Tela: Tela: SGW0025 - Update 	Corpo: 0001 (01.01)
Novas versões são disponibilizadas constantemente para correções e melhorias e nessa tela podemos utilizar as seguintes funções:
1 - Principal canal de comunicação para informar as alterações das versões;
2 - Permite agendamento de atualização de versão;
3 - Consulta do histórico de atualizações.
Ir em módulo Segurança – Atualização Uno ERP:
Quando selecionado a opção Uno ERP e clica no botão Agendar, o sistema agenda a atualização automática as 00:00hrs do banco de dados e aplicação.
Nessa tela é possível verificar qual a versão atual “Versoes Atuais” banco de dados e aplicação.
Quando é necessário a atualização manual é necessário baixar os arquivos de atualização com versão e banco de dados:
Cada comando é utilizado de acordo com o tipo de servidor do cliente que pode ser: Prata, Virtualizado, Dedicado.
Segue alguns exemplos:
Os clientes que são (ASP) Prata o link de acesso da aplicação começa com prata:
http://prata3.unoerp.com.br/Demo/sgw0001.do?method=login
Os clientes que são virtualizados na maioria o link de acesso tem omegasoft
https://teste.omegasoft.net.br/Teste/sgw0001.do?method=login
Os clientes que são Dedicados o link de acesso começa com IP:
http://master-bio.ddns.net:4090/Master/sgw0001.do?method=login
http://athenascintos.ddns.net:7070/Athenascintos/sgw0001.do?method=login
http://191.252.224.43:8080/Mastertest/sgw0001.do?method=login
Após identificar o tipo de servidor do cliente verificar em qual versão da aplicação e banco de dados o cliente está. Isso pode ser verificado na tela de atualização ou na tela de login do cliente:
Primeiro tem que ser realizada a atualização do banco de dados, não pode atualizar a aplicação sem antes atualizar o banco de dados. 
Após atualizar o banco de dados pode dar início a atualização da aplicação.
De acordo com a imagem acima já sabemos que a versão do banco de dados do cliente é 18.23, então vamos gerar o arquivo informando que é a partir da versão 18.23 que queremos atualizar:
1° Gerar o arquivo de update para o banco de dados:
Ao acessar o servidor, digitar o comando abaixo para que o arquivo seja gerado na pasta unosol:
cd /home/unosol 
2° Após o comando acima vamos utilizar o comando abaixo que vai gerar um arquivo com nome update.sql 
Para Pratas e virtualizados:
mysql -uupdate -p'!@#update#@!' -C -h192.168.2.9 db_update -sre 'select script_bd from update_bd where versao_bd > '18.23' order by versao_bd;' > update.sql
Para dedicados:
mysql -uupdate -p'!@#update#@!' -C -hsorocaba.unoerp.com.br db_update -sre ""select script_bd from update_bd where versao_bd > '18.23' order by versao_bd;"" > update.sql
Nesse comando vamos alterar apenas a informação 18.22 para 18.23 que é a versão do cliente, exemplo:
mysql -uupdate -p'!@#update#@!' -C -h192.168.2.9 db_update -sre 'select script_bd from update_bd where versao_bd > '18.23' order by versao_bd;' > update.sql
Após terminar a geração do arquivo vamos atualizar o banco de dados, utilizando o comando abaixo:
Pratas
mysql -f -C -uunosol -p'#prudencia5!' -h10.132.206.109 db_uc_teste < update.sql
Virtualizados
mysql -f -C -uunosol -p'#prudencia5!' db_uc_desenv < update.sql
Dedicados
mysql -f -C db_uc_demo < update.sql
Nesse comando vamos alterar a informação db_uc_teste para o nome do banco de cada cliente e o host (. Por exemplo vamos atualizar o cliente Demo:
mysql -f -uunosol -p#prudencia5! -C  -h10.116.16.3 db_uc_demo < update.sql
Quando finalizar a atualização verificar se na tela de login já consta a última versão de banco que hoje é a 18.36 :
Agora que o banco de dados foi atualizado, pode baixar o arquivo referente a versão:
wget --no-check-certificate https://versoes-uno.s3.sa-east-1.amazonaws.com/unoerp/unoerp-18.43.0.war
Nesse comando vamos alterar a opção unoerp-18.43.0.war pois esse é nome do arquivo com a versão, se a versão fosse a 18.42.0 o comando ficaria:
wget --no-check-certificate https://versoes-uno.s3.sa-east-1.amazonaws.com/unoerp/unoerp-18.42.0.war
Após gerar o arquivo vamos atualizar a aplicação utilizando o comando abaixo:
cp unoerp-18.43.0.war /var/tomcat/webapps/Demo.war
Nesse comando vamos alterar a opção unoerp-18.43.0.war e Demo.war
Onde cp unoerp-18.43.0.war é nome do arquivo gerado (versão a ser atualizada) e Demo.war é o nome da aplicação do cliente (consta no link da aplicação).
Exemplo: http://prata3.unoerp.com.br:8080/Demo/sgw0001.do?method=login
Ao executar o comando cp unoerp-18.43.0.war /var/tomcat/webapps/Demo.war o sistema do cliente fica fora até que a atualização seja finalizada. Após finalizar a atualização a aplicação do cliente retorna e é possível validar se a aplicação consta com a versão atual:
Conforme mencionado anteriormente para cada tipo de servidor é utilizado um comando, as informações alteradas permanecem as mesmas, segue abaixo:
1º Gerar o arquivo de update do banco
Dedicados
mysql -uupdate -p'!@#update#@!' -C -hsorocaba.unoerp.com.br db_update -sre ""select script_bd from update_bd where versao_bd > '18.23' order by versao_bd;"" > update.sql
Pratas e Virtualizados
mysql -uupdate -p'!@#update#@!' -C -h192.168.2.9 db_update -sre 'select script_bd from update_bd where versao_bd > '18.23' order by versao_bd;' > update.sql
2º Atualizar o banco
Pratas
mysql -f -C -uunosol -p'#prudencia5!' -h10.132.206.109 db_uc_demo < update.sql
Obs: O host de cada Prata consta no links e precisa ser alterado no comando
Virtualizados
mysql -f -C -uunosol -p'#prudencia5!' db_uc_demo < update.sql
Dedicados
mysql -f -C db_uc_demo < update.sql
O comando para baixar o arquivo da versão é o mesmo para todos os clientes:
wget -O /home/unosol/unoerp-web-16.36.1.war -c -m http://www.unoerp.com.br/versoes/unoerp/unoerp-web-16.36.1.war
O comando para atualizar a aplicação é o mesmo para todos os clientes:
cp unoerp-18.43.0.war /var/tomcat/webapps/Demo.war
Lembrando que para cada versão de banco e aplicação é necessário alterar as informações conforme exibido nas lições anteriores.","atualização, uno erp",https://unoerpwiki.herokuapp.com/pt-br/Atualizacao-Uno-erp
Segurança 🔒,Atualização Predict,"Atualização predict
Tela: 	Corpo:
Para atualizar o Uno Predict o Uno Clássico deve estar no mínimo na versão 20.01.0 e banco 20.01. 
OBS: De preferencia atualizado também
A versão do banco de dados não fica disponível em tela de login no Uno Predict, a qual pode ser visualizada no Uno Clássico ou no parâmetro abaixo ou diretamente no banco de dados, na tabela cd_parametro:
No Uno Predict há um WAR para a API e um WAR para o WEB separamente, logo temos que executar o comando CP separadamente no servidor do cliente. 
Para acesso aos últimos wars gerados temos o seguinte backoffice Backoffice de Aplicação Uno (unoerp.com.br), o qual deve ser acessado com o mesmo usuário e senha de acesso de colaborador ao UNO.
Download dos WARs no servidor do cliente: 
1 - Entrar na opção de versões:
2 - Cada WAR fica numa opção diferente:
3 - Depois de escolher a opção desejada, selecionar o último WAR:
4 - Copiar o comando wget da versão e colar no servidor do cliente para download: 
OBS: realizar esse processo para os dois WARs
Passo a Passo Atualização:
1 – Acessar o servidor do cliente pelo Putty
2 – Baixar o WAR da API 
3 – Baixar o WAR da WEB
4 – Executar o CP da API
5 – Executar o CP da WEB
6 – Reiniciar o Tomcat
Exemplos de comando CP:
cp unoerp-api-1.08.1.war /var/tomcat/webapps/upline-api.war
cp unoerp-web-1.08.1.war /var/tomcat/webapps/upline-web.war
unoerp-api-1.08.1.war	nome do WAR que foi feito o download no servidor do cliente
upline-api.war  e upline-web.war  	validar no manager do cliente com qual nome foi criada a aplicação e ajustar","atualização, predict",https://unoerpwiki.herokuapp.com/pt-br/Atualizacao-predict
Segurança 🔒,Permissões,"Permissões
Tela: SGW0023 	Corpo: 0001 (01.01)
A tela é acessada pelo Módulo Segurança: Permissões.
Gerenciamento de permissões:
A permissão dentro do UNO é uma das funcionalidades mais importantes do sistema, pois ela impacta diretamente no que cada usuário pode acessar, que ações ele pode tomar ou até mesmo o que ele pode visualizar.
É possível e indicado que cada aplicação tenha vários grupos de permissões, restringindo cada usuário ao acesso limitado.
Por exemplo um colaborador que atua diretamente no estoque, ele deve ter permissões para fazer recebimentos, acertos de estoque, acesso a alguns relatórios ou até mesmo ao inventário. Dessa forma ele não poderá fazer um pedido de venda por exemplo.
Ao acessar o cadastro do colaborador é possível verificar em quais grupos de permissões ele está atribuído e quais empresas ele tem acesso.
Segurança > Colaboradores
Através da aba “segurança” verificamos quais empresas o colaborador tem acesso.
Na aba “grupos” é definido em quais grupos de permissões o colaborador terá acesso.",permissoes,https://unoerpwiki.herokuapp.com/pt-br/Permissoes
Segurança 🔒,Log do Servidor - Uno Predict,"Log Servidor - Uno Predict
A tela SGW0110 - Log Servidor quando acessada no Uno Predict é usada para habiltar o log de SQL ou de APP no servidor, exclusivamente do Predict.
Log SQL = Será exibido todos os logs de SQL.
Log App = Será exibido todos os logs do App.
Exemplo de um log do Predict após o Log SQL habilitado.","log, log servidor",https://unoerpwiki.herokuapp.com/pt-br/Suporte/log-servidor
Segurança 🔒,Participação nas Vendas por Colaborador,"Participação nas Vendas por Colaborador
Tela: SGD0014A	Corpo:
Descrição do Problema: Participação nas Vendas por Colaborador
Descrição da Solução: 
Segurança;
Colaboradores;
Carregar o colaborador em questão;
Clicar na aba RH;
Clicar no botão “Participação nas Vendas”
No campo “Participante” escolher o tipo de participante;
Escolher o tipo de Participação na Venda;","vendas, participação, colaborador",https://unoerpwiki.herokuapp.com/pt-br/Participa%C3%A7%C3%A3o-nas-Vendas-por-Colaborador
Segurança 🔒,Primeiro acesso colaborador,"Cadastro Inicial de Colaborador
Tela: SGW0012  	Corpo: 0001
Cadastro de Senha – Primeiro Acesso do Colaborador
Objetivo: Cadastrar senha para um novo colaborador e realizar o primeiro acesso.
    Depois de realizar o cadastro do colaborador em Segurança -> SGW0014 - Colaboradores e gravar, é preciso realizar o primeiro acesso ao sistema e cadastrar a senha de acesso que o colaborador vai usar para acessar o sistema futuramente.
    Para realizar o primeiro acesso é preciso: inserir o ID do colaborador (fica na aba Segurança do cadastro do colaboraror - Imagem 1) na tela de login do sistema e apertar o botão entrar sem inserir nenhuma informação no campo senha (Imagem 2)
Imagem 1
Imagem 2
    O sistema vai abrir a tela SGW0007 - Condições de Uso do Sistema, com as condições de uso cadastradas no sistema. Para dar andamento o colaborador precisa: selecionar o botão 
, para que o sistema redirecione para a tela SGW0012 - Cadastro Inicial de Colaborador, onde o mesmo vai inserir os dados pessoais, a senha de acesso ao sistema e selecionar o botão
OBS: para que o usuário possa digitar os dados é necessário que ele possua a permissão: ""SGW0012A - Permite alterar dados cadastrais""
Assim o colaborador vai realizar o primeiro acesso ao sistema, e vai ter acesso as telas, a partir das configurações de permissões relacionadas a ele. Vai abrir incialmente a tela de Desktop confifurada para a empresa.
OBS: O colaborador precisa ter acesso a permissão “ATW0005 – Desktop Tarefas” para conseguir navegar no sistema, caso contrário vai aparecer uma mensagem ” Acesso Negado ao programa ATW0005”.","cadastro, colaborador, inicial",https://unoerpwiki.herokuapp.com/pt-br/Cadastro-Inicial-de-Colaborador
Segurança 🔒,Cadastro De Texto,"Cadastro de Textos – Assunto do e-mail de boleto
Tela: SGW0016 	Corpo:
Problema:
O e-mail do boleto enviado após o faturamento esta com um assunto que é diferente do definido no cadastro de Texto, exemplo do e-mail recebido abaixo:
Solução
No cadastro do banco vinculado ao título tem a opção de definir o assunto do e-mail, caso conste definido, o sistema considera o que consta no banco:","boleto, cadastro, textos, assunto, e-mail",https://unoerpwiki.herokuapp.com/pt-br/Cadastro-de-Textos-Assunto-do-e-mail-de-boleto
Segurança 🔒,Cadastro De Tags Layout Etiqueta De Produto,"Cadastro de Textos – Tags Layout - Etiqueta de Produto
Tela: SGW0016 	Corpo:
Link Manual:	https://www.unoerp.com.br/manual/eqw0020.html?zoom_highlightsub=etiqueta
Problema
Quais Tags são permitidas para uso na Etiqueta de Produtos Modelo 1:
Solução
O Modelo 1 seria o código e exemplo abaixo:
Q216,019
q831
rN
S3
D7
ZT
JF
O
R56,0
N
B649,143,2,1,2,6,52,N,""<CBARRAS_0>""
A682,53,2,1,1,2,N,""<L2_PRODUTO_0>""
A682,81,2,1,1,2,N,""<L1_PRODUTO_0>""
A333,81,2,1,1,2,N,""<L1_PRODUTO_1>""
A333,52,2,1,1,2,N,""<L2_PRODUTO_1>""
A253,196,2,1,1,2,N,""<NOME_EMPRESA_1>""
A596,197,2,1,1,2,N,""<NOME_EMPRESA_0>""
A273,166,2,1,1,1,N,""<TELEFONE_EMPRESA_1>""
A616,166,2,1,1,1,N,""<TELEFONE_EMPRESA_0>""
B306,144,2,1,2,6,52,N,""<CBARRAS_1>""
P1
A impressão desse modelo é conforme exemplo abaixo:
Tags permitidas para tela EQR0011, Modelo de etiqueta 1:
{NF_ARMAZEM}
{NF_ORIGEM}
{OPERADOR}
{CONFERENTE}
{LIDER}
{CARGA}
{DESC_FORNECEDOR}
{DIAS_GARANTIA}
{OBSERVACAO}
{LARGURA}
{COMPRIMENTO}
{EMAIL_EMPRESA}
{SITE_EMPRESA}
{TELEFONE_EMPRESA}
{FAX_EMPRESA}
{RAZAO_SOCIAL_EMPRESA}
{PESO}
{PESO_LIQUIDO}
{QTD}
{QTD_POR_EMBALAGEM}
{LOTE}
{LOCALIZACAO}
{NR_EMBALAGEM}
{COD_PRODUTO}
{DESC_COMERCIAL_1}
{DESC_COMERCIAL_2}
{DESC_COMERCIAL_3}
{DT_FABRICACAO}
{DT_VALIDADE}
{MES_FAB}
{MES_VAL}
{CBARRAS}
{CBARRAS_1}
{EAN}
{NR_SERIE}
{COD_RECEBIMENTO}
{COD_FORNECEDOR}
{NOME_FORNECEDOR}
{PRECO}
{DT_RECEBIMENTO}
{COD_PRODUTO_FORNEC}
{UM}
{DESC_SALDO}
{COD_DEPOSITO}
{DESC_DEPOSITO}
{VOLUME}
{TOT_VOLUMES}
{OBS_ITEM_1}
{OBS_ITEM_2}
{OBS_ITEM_3}
{OBS_ITEM_4}
{DESC_TECNICA_1}
{DESC_TECNICA_2}
{DESC_TECNICA_3}
{DESC_TECNICA_4}
{DESC_TECNICA_5}
{DESC_TECNICA_6}
{COD_SIMILARES}
OBS: Precisa substituir as chaves {} por maior menor '<>' no código conforme exemplo <CBARRAS_0>","etiqueta, produto, cadastro, texto, tags, layout",https://unoerpwiki.herokuapp.com/pt-br/Cadastro-de-Textos-Tags-Layout-Etiqueta-de-Produto
Segurança 🔒,Colaboradores - Restringir acesso por dias da semana,"Colaboradores – Restringir acesso por dias da semana
Tela: SGW0014 - Colaboradores	Corpo: 0001 (01.01)
Permissões Relacionadas: 	SGW0014 - Colaboradores
A tela é acessada pelo Módulo Segurança: Colaboradores → SGW0014 – Colaboradores:
É necessário que seja liberada a permissão SGW0014DS - Permite selecionar dia da semana para controle de acesso. Essa é uma customização feita para o cliente Scepp, ocorrência original 108304 contendo o script com permissão.
Após liberar a permissão para o cliente e habilitar no usuário, acessar a aba Acesso no cadastro de colaborador:
 A tela é acessada pelo Módulo Segurança: Colaboradores → SGW0014 – Colaboradores:","colaboradores, restringir, acesso, dias, semana",https://unoerpwiki.herokuapp.com/pt-br/Colaboradores-Restringir-acesso-por-dias-da-semana
Segurança 🔒,Exportar Dados Neogrid,"Exportar dados Neogrid
Tela: 	Corpo:
Na tela é possivel atribuir o período de exportação desejado e o fornecedor, podendo também deixar o campo fornecedor em branco para que sejam exportados os dados de todos os fornecedores.
A tela exportará as seguintes informaçôes:
Vendedor
A chave de atualização será: CNPJ da filial do distribuidor | Código de Vendedor.
Observação: A atualização dos nomes dos vendedores se dará pela última informação para um código de vendedor. 
Clientes
A chave de atualização será: CNPJ da filial do distribuidor | Código de Cliente.
Vendas
As vendas serão atualizadas pela chave: CNPJ da filial do distribuidor Série da Nota Fiscal | Item | Tipo de Nota Fiscal
Estoque
Os dados de estoque serão atualizados conforme a chave: CNPJ da filial do distribuidor | Código de Produto |","exportar, dados, neogrid",https://unoerpwiki.herokuapp.com/pt-br/Exportar-dados-Neogrid
Segurança 🔒,Permissão - VDW0001Y,"Permissão VDW0001Y
Tela: VDW0001 - Pedidos 	Corpo:  Todos
A permissão VDW0001Y tem o objetivo de permitir que um pedido seja aprovado sem que um ou mais itens tenham saldo de estoque disponível, a sua atribuição ou não a um determinado colaborador irá depender do contexto que ele esteja inserido na organização e o impacto que essa aprovação gera no negócio como um todo.
         Quando o colaborador possuir a permissão VDW0001Y poderá aprovar qualquer pedido que tenha itens sem estoque e caso não possua o sistema não permitirá a aprovação de pedidos com itens sem saldo de estoque disponível.
         O saldo de estoque a ser considerado é definido através do parâmetro:
O parâmetro está localizado em Cadastros Gerais > Cadastros Iniciais > Parâmetros Iniciais > Vendas e possui duas opções a serem escolhidas:
Estoque Disponível Hoje = Quantidade do item que existe disponível fisicamente em estoque. 
Estoque Disponível: Estoque Atual - Demanda (Pedidos de Venda)
Estoque Projetado: Estoque Atual – Demanda (Pedidos) + Pedidos de Compras Aprovados + Ordem de Produção Iniciadas. 
Para a o cálculo de demanda são considerados todos os pedidos com NOP que baixam estoque e com situação maior ou igual a definida no parâmetro: ""Cod Situação do pedido de VENDA para reservar estoque”. o parâmetro está localizado em módulo Cadastros Gerais > Cadastros Iniciais > Parâmetros Iniciais > Planejamento
Outro ponto importante a salientar no processo é que para os modelos 2 e 3 são consideradas as",permissão,https://unoerpwiki.herokuapp.com/pt-br/Permissao-VDW0001Y
Segurança 🔒,Atualização de versão - Permissão Danied,"ATUALIZAÇÃO - PERMISSION DENIED
Quando vamos atualizar alguma aplicação, em dedicados normalmente entramos como root, mas nos virtualizados e pratas entramos somente com o usuário
Nesse caso estava sendo atualizado uma aplicação com servidor virtualizado e apareceu essa informação
SOLUÇÃO:
Para que consigamos completar a atualização será necessário:
1 - Ir em: /var/apache-tomcat-9.0.62/webapps/
2 - Renomear o arquivo que está na sua máquina para o nome da aplicação do cliente + .war (Upline.war) e sobreescrever o arquivo da aplicação do cliente no servidor.
3 - Após isso, com o war no servidor do cliente pasta dar o CP para atualizar o sistema.","atualização de versao, permissao, negada",https://unoerpwiki.herokuapp.com/pt-br/Atualizacao-versao-permissao-negada
Segurança 🔒,Importação de dados - EDI,"IMPORTAÇÃO DE DADOS - EDI
É uma ferramenta que facilita a importação de dados para o sistema, evitando ter que cadastrar produto por produto, o que demoraria muito tempo, para isso a importação por meio do EDI facilita no cadastro de produtos e clientes.
1- Para que possamos fazer a importação por meio do EDI, precisaremos utilizar alguns arquivos CSV já pré-definidos com os campos que precisamos para importar:
Tendo esse arquivo em mãos será necessário preencher os campos de acordo com cada cadastro, caso tenha dúvidas tem um arquivo que mostra os campos que são obrigatórios e quais informações devem ser colocados, se é numeral ou caractere:
Após isso poderemos importar o arquivo para o sistema:
Sempre lembrando de respeitar os campos que são obrigatórios, preenchendo os campos dependendo se for número ou caractere, verificando o tamanho que cada campo comporta.
Após inserir todas as informações no arquivo (Lembrando que deverá estar em CSV para fazer a importação) podemos importar o arquivo.
2 - Basta selecionar as opções disponíveis, irá aparecer um botão para selecionar o arquivo.
3 - Selecione o arquivo salvo e clique em “Enviar os arquivos”:
Ele irá processar todas as informações do arquivo e carrega-la em linhas, caso haja algum erro, ou o sistema não reconheça algum cadastro, irá aparecer no campo “LOG” o erro, ou se não reconheceu alguma informação, por exemplo, classificação fiscal já deve estar cadastrada no sistema, caso seja informado alguma classificação fiscal errada que não esteja cadastrado no sistema, ele irá dar erro
4 - Após isso basta clicar em gravar que ele irá cadastrar os itens.
Lembrando que a importação pelo EDI também serve para sobrescrever informções, caso tenham vários produtos cadastrados com uma informação que eu gostaria de alterar, porém são muitos produtos e entrar produto por produto iria demorar muito.
Então nesse caso no arquivo, as informações devem estar iguais aos do cadastro e realizar a alteração que deseja.
Por exemplo, havia uma empresa que fez uma importação e na coluna de desc_nota_fiscal foi colocado 0, porém isso apareceria na nota, nesse caso ele deve fazer a importação com o campo em branco, o sistema irá sobrescrever e irá de 0 para campo vazio.","edi, dados, importacao",https://unoerpwiki.herokuapp.com/pt-br/importacao-dados-edi
Segurança 🔒,Cron - Envia e-mail de cobrança de títulos atrasados,"Cron - Envia e-mail de cobrança de títulos atrasados
Tela: CDW0036 	Corpo:
Permissões Relacionadas: 	CDW0036 - Cadastro de modelos de Emails
A tela é acessada pelo Módulo Cadastros Gerais: Cadastros Iniciais → Modelos de E-mail → CDW0036 - Cadastro de modelos de E-mails
Preencher os campos Descrição abreviada, Origem como CB – Cobrança, “Dias de Atraso” e Assunto do E-mail e texto do e-mail.
O campo “Nome do Plano” se ficar em branco emite o alerta ao gravar: Atenção: se o Nome do Plano não for especificado, a cobrança irá para TODOS os títulos atrasados há 5 dia (s)! 
Caso seja especificado e não conste cadastrado um plano, não é enviado os e-mails, portanto deixar em branco.
Há dois Crons que realizam o envio dos e-mails de cobrança:
Cron configurado por empresa:
enviaEmailCobrancaModeloEmail?codEmpresa=1
Cron que envia para todas as empresas:
enviaEmailCobrancaModeloEmail - envia para todas as empresas
Os seguintes parâmetros precisam estar configurados:
Dias para envio de e-mail de cobrança automático - Não pode ser zero
Indica se envia cobranças por e-mail de títulos atrasados aos responsáveis. - Tem que estar SIM
É possível que seja enviado no dia do vencimento ou após alguns dias, de acordo com o “Dias de Atraso” definido, caso queira que seja um lembrete antes do vencimento colocar como negativo, –5 conforme no print de exemplo acima.","cron, envia, email, cobrança, titulos, atrasados",https://unoerpwiki.herokuapp.com/pt-br/Cron-Envia-e-mail-de-cobran%C3%A7a-de-t%C3%ADtulos-atrasados
Segurança 🔒,Cron envio de email nota NFS-e,"Cron envío de email nota NFS-e e Boleto
Descrição do Problema: Notas de serviço não sendo enviada pelo cron 
Email - Cron de unificação dos boletos e notas enviados em um único e-mail
Para utilizar o Cron de envio de email:
A prefeitura de emissão tem que ter o link desbloqueado. Algumas prefeituras tem o link desbloqueados como a de São Paulo. A demais teria que estar consultando com a própria prefeitura se é fornecido o link debloqueado.
O envio da nota normalmente é a prefeitura que faz, porem alguns clientes preferem que seja enviado direto da aplicação.
Processo cadastro do email:
Ir em Segurança > SGW0016 - Cadastro de Textos
Cadastrar em HTML um texto:  Cron de unificação dos boletos e notas enviados em um único e-mail, utilizar somente as tags permitidas. Se não tiver o texto ele envia só o anexo do boleto e nota.
Inserir parâmetro no modulo Serviço:
inserir o Parâmetro do cliente na tavela cd_parametro
nome do parametron indEnviaEmailFaturamentoDiaNFSe (Pode estar pegando o parametron do cliente Indumed)
Colocar no banco de dados do cliente a ser inserido o cron : conforme a imagem abaixo.
nome_param=’ indEnviaEmailFaturamentoDiaNFSe’
Após colocar o parâmetro entrar na aplicação do cliente em:
Cadastros Gerais > Cadastros Iniciais > Parâmetros iniciais >modulo: Serviço
Parâmetro: Envia boletos e NFS-e por e-mail diariamente. 
Deixar o mesmo como 1 conforme na imagem abaixo","boleto, cron, email, envio, nfs-e",https://unoerpwiki.herokuapp.com/pt-br/Cron-email-nota
Segurança 🔒,liberar e retirar permissões dos usuarios,"GGW0001 - Cockpit de Diretoria
Tela: GGW0001 - Cockpit de Diretoria	Corpo: 0001
Abrir Arquivos .txt Exportados do Cockipt de Diretoria em Excel
Para liberar acesso as permissões do sistema para os colaboradores ou retira-las, é preciso ir em Segurança -> Permissões e selecionar o grupo de permissões que o colaborador em questão faz parte:
Para identificar quais os grupos de permissões que os colaboradores possuem acesso basta ir em: Segurança -> Colaboradores na aba grupos:
A tela de permissões possuí 4 quadrantes: 
Programas/Funções Disponíveis: mostra todas as permissões disponíveis no sistema, as quais podem ou não ser inseridas no grupo de permissão selecionado em tela;
Programas/Funções do Grupo: Mostra todas as permissões que foram inclusas para o grupo, ou seja, as permissões que estão liberadas dando acesso as funcionalidades aos colaboradores que estiverem presentes no grupo
Usuários Disponíveis: Mostra todos os usuários disponíveis do sistema, os quais foram cadastrados em Segurança -> Colaboradores
Usuários do Grupo: Mostra apenas os usuários que fazem parte do grupo, e que recebem acesso as permissões liberadas no mesmo.
Funções de liberação ou remoção de usuário ou permissão do grupo: 
Existem dois conjuntos das setas abaixo na tela, a primeira refere-se as permissões de acesso as funcionalidades do sistema e a segunda aos colaboradores/usuários.
Adiciona apenas o colaborador ou permissão selecionada do grupo;
- Retira apenas o colaborador ou permissão seleciona do grupo;
- Insere todos os colaboradores ou permissões do grupo de uma vez só;
- Remove todos os colaboradores ou permissões do grupo de uma vez só
E existe o botão de “Histórico” que registra as movimentações realizadas dentro de um grupo especifico.","permissões, retirar, liberar, usuarios",https://unoerpwiki.herokuapp.com/pt-br/Liberar-retirar-permissao
Segurança 🔒,Vincular Produto Magento x Uno,"Vincular Produto Magento x Uno
Tela: ECW0003 - Multilojas	Corpo: 0001 (01.01)
Descrição do Problema:  Pedido não integrou pois o produto cadastrado no Magento não está vinculado com código do produto no Uno.
Descrição da Solução: Ir no módulo Segurança – ECW0003 – Multilojas e clicar no botão incluir:
Ao clicar no botão incluir a janela abaixo é aberta, localizar o produto e clicar no ícone editar:
Ao clicar em editar a janela abaixo é aberta e o Id do Magento deve ser preenchido no campo Id Magento. Após clicar em Gravar.","produto, uno, magento",https://unoerpwiki.herokuapp.com/pt-br/Multilojas
Segurança 🔒,Cron Validade de produtos,"Cron – Validade dos Produtos
Essa funcionalidade tem por objetivo informar os itens a vencer para os responsáveis por seus respectivos grupos de produto e conforme parametrizado nos depósitos onde o saldo de estoque encontre-se. 
Passo 1 : Definir a tela CDW0204 - Grupo de Produtos com o corpo 0002: 
Passo 2 : Vincular através do campo colaborador o responsável pelo grupo de produto:
Passo 3: Na tela EQW0001 – Depósitos através do campo Dias de aviso e-mail de produtos a vencer definir a quantidade de dias que os itens será considerados pela rotina. Ex: Se informado 30, todos os itens com validade com 30 ou menos dias serão considerados. 
Passo 4: Assim que realizar as configurações anteriores solicitar ao suporte a ativação do cron com a periodicidade de execução desejada. A nossa recomendação é que seja executado semanalmente. 
Scripit -
REPLACE INTO `sg_crontab` (`TASK_ID`,`COMANDO`,`DESCRICAO`,`ULTIMA_EXECUCAO`,`SITUACAO`,`EXCECAO`,`MENSAGEM`,`RETORNO`,`FREQUENCIA`,`TIPO_FREQUENCIA`,`TEMPO_EXECUCAO`,`INICIO_TAREFA`) VALUES (25,'/emailAvisaEstoqueGrupoProduto?codEmpresa=1&indCronAtivo=1','Envia e-mail de aviso e produtos','2025-05-27 18:01:06','S',NULL,'Executado com sucesso...',NULL,1,'DIA',33654,'2025-05-28 18:00:00');","cron, validade, cron validade, validade dos produtos",https://unoerpwiki.herokuapp.com/pt-br/Suporte/Cron-validade
App 📲,App mobile - Cliente com títulos / cheques não conciliados,"Cliente com títulos/Cheques não conciliados
Tela: App Mobile
Descrição do Problema:                                                                                                   
No app mobile, ao tentar fazer uma venda para um cliente que tenha cheques não conciliados o sistema trava a venda como se fosse um título atrasado, mesmo que o cliente ainda tenha limite disponível. O usuário que está incluindo o pedido tem permissão VDW0001B - Permite Gravar o Pedido Venda sem Limite de Crédito.
Descrição da Solução:
A regra do aplicativo é: (usuário não tem permissão VDW0001B e o cliente possui títulos vencidos) ou (o cliente possui títulos não conciliados independente da permissão) o pedido é alterado para situação de orçamento e pode ser enviado, não travando a inclusão do mesmo.","app, mobile",https://unoerpwiki.herokuapp.com/pt-br/App-mobile
App 📲,Configuração do Uno Mobile,"Configuração do Uno Mobile 
Permissões Relacionadas: 
UMD0001            Apontamentos        
UMR0001            Impressão do pedido         
UMW0001           Cadastro de Cliente           
UMW0004           Faturamento           
UMW0005           Caixa            
UMW0010           Ocorrências             
UMW0011           Detalhe da ocorrência       
UMW0012           Oportunidade          
UMW0013           Detalhe Oportunidade       
UMW0014           Histórico Oportunidade
Descrição do Problema: Como realizar a configuração do Uno Mobile no dispositivo para acesso.
Descrição da Solução:
Realizar a atribuição das permissões necessárias para cada colaborador e configuração dos dados de acesso no dispositivo
1. Configurando as Permissões Necessárias:
Na tela SGW0023 – Permissões deve-se atribuir as permissões disponíveis para o mobile de acordo com a necessidade do colaborador: 
Após baixar o aplicativo no Celular deve-se preencher o nome da aplicação, usuário e senha.","mobile, uno, configuração",https://unoerpwiki.herokuapp.com/pt-br/Configuracao-Uno-Mobile
App 📲,Apontamentos,"UMD0001 - Apontamentos
Tela: UMD0001 - Apontamentos 	Modulo: Ocorrências
Módulo Ocorrências: Menu à Ocorrências à Apontamento.
Descrição:Nesta tela são apontadas horas, deslocamentos e despesas do colaborador.
Descrição dos Campos, Implicações e Exemplos
Apontamento de horas: Se refere ao tempo que o colaborador utilizou para tal ocorrência.",apontamentos,https://unoerpwiki.herokuapp.com/pt-br/Apontamentos
App 📲,Impressão Comprovante PDV App,"UMR0001 - Impressão Comprovante PDV App
Modulo: Vendas	Tela: UMR0001 - Impressão Comprovante PDV App
Módulo Vendas: Menu à Pedido à UMR0001 - Impressão Comprovante PDV App
Descrição:Tela utilizada para impressão de pedidos em PDF.
Descrição dos Campos, Implicações e Exemplos
Na tela de pedidos (colocar hiperlink para levar a tela <<), ao abrir um pedido e clicar no ícone, abre a tela de impressão em PDF para visualização.
Abre a tela UMR0001 - Impressão Comprovante PDV App","app, pdv, impressão, comprovante",https://unoerpwiki.herokuapp.com/pt-br/impress%C3%A3o-comprovante-app
App 📲,Cadastro de Cliente,"UMW0001 - Cadastro de Cliente
Tela: UMW0001 - Cadastro de Cliente	Modulo: Cliente
Módulo Cliente: Menu à Cliente à + Novo Cliente.
Descrição:Tela utilizada para inserir todos os dados cadastrais dos clientes, tanto de pessoa Física quanto jurídica.
Descrição dos Campos, Implicações e Exemplos
Dados cadastrais: Informações a serem preenchidas para o cadastro.
Tipo de cliente: Permite cadastrar cliente como Pessoa Física ou Jurídica.
Jurídica: Clientes que possuem CNPJ e IE ativos.
Nome fantasia: Nome da marca conhecido pelos clientes.
Razão social: Nome da empresa no cadastro do Sintegra.
CNPJ: CNPJ vinculado a empresa.
Inscrição Estadual: Inscrição Estadual vinculada ao cliente
Física: Habilita preenchimento de Nome e CPF.
Endereço: Endereço do cliente
CEP: CEP do cliente.
Endereço: Rua, avenida...
Número: Número do endereço.
Complemento: Complemento como, sala, Ap...
Bairro: Bairro do endereço.
Cidade: Cidade do endereço.
UF: Estado.                                                  
Contato: Permite cadastrar o contato do cliente.
Nome: Nome de quem será o contato.
Sexo: Se feminino ou masculino.
Telefone: Telefone do contato.
E-mail: Email do contato.
Financeiro: Dados de como será gerado o financeiro do cliente.
Tabela de preço: Tabela de preço para produtos e serviços onde aplica-se preços diferentes para determinados tipos de clientes de acordo com o tipo de venda. 
Transportadora: Transportadora utilizada para entregar os produtos ao cliente.
Observação: Campo para incluir outros dados pertinentes a empresa.","cadastro, cliente",https://unoerpwiki.herokuapp.com/pt-br/Cadastro-cliente
App 📲,Faturamento,"UMW0004 - FATURAMENTO
Modulo: Vendas	Tela: UMW0004 - FATURAMENTO
Módulo Vendas: Menu à UMW0004 - FATURAMENTO
Descrição:Tela utilizada para visualização de gráficos de faturamentos.
Descrição dos Campos, Implicações e Exemplos
Exibe um gráfico dos faturamentos nos meses. Somente visualização.",faturamento,https://unoerpwiki.herokuapp.com/pt-br/faturamento
App 📲,Caixa,"UMW0005 - CAIXA
Modulo: Financeiro	Tela: UMW0005 - CAIXA
Módulo Financeiro: Menu à UMW0005 - CAIXA
Descrição:Tela utilizada para exibir as informações sobre as contas a receber.
Descrição dos Campos, Implicações e Exemplos
Informa o saldo de contas a receber de todas as empresas habilitadas.
: Exibe detalhado o saldo de todos os bancos cadastrados.",caixa,https://unoerpwiki.herokuapp.com/pt-br/Caixa
App 📲,Pedidos,"UMW0007 - Pedidos
Modulo: Vendas	Tela: UMW0007 - Pedidos
Módulo Vendas: Menu à UMW0007 - Pedidos
Descrição:Tela utilizada para criar e visualizar pedidos de venda.
Descrição dos Campos, Implicações e Exemplos
Busca de clientes que tem pedidos em aberto.
Incluir um novo pedido.
Aba cliente
Cliente: Cliente para qual será gerado o pedido.
Busca detalhada pelo cliente.
Tipo frete: Tipo do frete que será utilizado. (colocar hiperlink para tela frete <<)
FOB - Free on Board (livre a bordo)
CIF - Cost , Insurance and Freight (custo, seguro e frete)
CIFd -  Cost , Insurance and Freight (custo, seguro e frete pago pelo destinatário)
Situação: Situação que será criado o pedido. De acordo com as situações cadastradas à CDW0022 - Situação de Vendas (colocar hiperlink para tela <<)","pedidos, umw0007",https://unoerpwiki.herokuapp.com/pt-br/UMW0007-Pedidos
App 📲,Ocorrências,"UMW0010 - Ocorrências
Tela: UMW0010 - Ocorrências	Modulo: Ocorrências
Módulo Vendas: Menu à UMW0010 - Ocorrências
Descrição:Tela utilizada para criar e visualizar ocorrências.
Descrição dos Campos, Implicações e Exemplos
Ocorrências: Mostra as ocorrências existentes.
Incluir uma nova ocorrência.
Cliente: Cliente para qual será gerado a ocorrência.
Busca detalhada pelo cliente.
Descrição abreviada: Descrição resumo sobre a ocorrência
Descrição: Descrição na íntegra da ocorrência que é visualizada no extranet.
Situação: Situação em que será gerado a ocorrência.
Categoria: Cada ocorrência deve pertencer a um tipo específico de Categoria (natureza da Ocorrência). É cadastrada na tela OCW0003 - Cadastro de Categorias. Preços (colocar hiperlink para tela <<)",ocorrencias,https://unoerpwiki.herokuapp.com/pt-br/Ocorrencia
App 📲,Detalhe da ocorrência,"UMW0011 - Detalhe da ocorrência
Tela: UMW0011 - Detalhe da ocorrência	Modulo: Ocorrências
Módulo Vendas: Menu à UMW0011 - Detalhe da ocorrência
Descrição:Tela utilizada para visualizar ocorrências.
Descrição dos Campos, Implicações e Exemplos
Ocorrências: Ao clicar em ocorrência abre a tela com as informações da ocorrência, para que possa editar infomarmações.","ocorrencia, detalhe",https://unoerpwiki.herokuapp.com/pt-br/Detalhe-ocorrencia
App 📲,Contabilidade,"Contabilidade
Tela: SGW0017 - Contabilidade	Modulo: Segurança
**Serviço contratado a parte**
SGW0017A - Liberar acesso aos sistemas individualmente somente: Contimatic
SGW0017B -  Liberar acesso aos sistemas individualmente somente: Cuca
SGW0017C -  Liberar acesso aos sistemas individualmente somente: Dominio
SGW0017D -  Liberar acesso aos sistemas individualmente somente: Folhamactic
SGW0017E -  Liberar acesso aos sistemas individualmente somente: Mega
SGW0017F -  Liberar acesso aos sistemas individualmente somente: Nooven
SGW0017G - Liberar acesso aos sistemas individualmente somente:  Prosoft
SGW0017H -  Liberar acesso aos sistemas individualmente somente: Unico
SGW0017I -  Liberar acesso aos sistemas individualmente somente: Sage
SGW0017J -  Liberar acesso aos sistemas individualmente somente: Hmult
Módulo Segurança: Integração de sistemas à SGW0017 – Contabilidade.
Descrição: Geração de arquivos com sistemas de integração de contabilidade.
Descrição dos Campos, Implicações e Exemplos
Sistema: Sistemas que o Uno possui integrações.
- Contimatic
- Cuca
- Dominio
- Folhamatic
- Mega
- Nooven
- Prosoft
- Único",contabilidade,https://unoerpwiki.herokuapp.com/pt-br/Contabilidade
App 📲,Oportunidade,"UMW0012 - Oportunidade
Tela: UMW0012 - Oportunidade	Modulo: CRM
Módulo CRM: Menu à CRM à UMW0012 - Oportunidade
Descrição:Tela utilizada para criar uma nova oportunidade.
Descrição dos Campos, Implicações e Exemplos
Inclui uma nova oportunidade.
Cliente: Cliente para qual será gerado a oportunidade.
Busca detalhada pelo cliente.
Contato: Contato do cliente que solicita a oportunidade.
Família Coml: Somente listado as famílias comerciais que estão como vendas, cadastradas em à CDW0207 – Família Comercial. (colocar hiperlink para levar a tela)
Situação: Fluxo da área Comercial desde a captação do cliente até o fechamento de pedido.   Para cada opção, está definido um tempo máximo para atingir a próxima fase (definido em momento de implantação), atualizando automaticamente a","oportunidade, umw0012",https://unoerpwiki.herokuapp.com/pt-br/Oportunidade
App 📲,Detalhe Oportunidade,"UMW0013 - Detalhe Oportunidade
Tela: UMW0013 - Detalhe Oportunidade	Modulo: CRM
Módulo CRM: Menu à CRM à UMW0013 - Detalhe Oportunidade
Descrição:Tela utilizada para visualizar detalhes das oportunidades.
Descrição dos Campos, Implicações e Exemplos
Ocorrências: Ao clicar em alguma oportunidade abre a tela com as informações da oportunidade, para que possa visualizar e editar informações.
Label Inserir despesas relacionadas a oportunidade. Abre a tela à UMD0001 – Apontamentos (colocar hiperlink)
Label Histórico da oportunidade. Abre a tela à UMW0014 - Histórico Oportunidade (colocar hiperlink)
Label Gera pedido da oportunidade. Abre a tela à UMW0007 – Pedidos (colocar hiperlink)","oportunidade, detalhe",https://unoerpwiki.herokuapp.com/pt-br/detalhe-oportunidade
App 📲,Histórico Oportunidade,"UMW0014 - Histórico Oportunidade
Tela: UMW0014 - Histórico Oportunidade	Modulo: CRM
Módulo CRM: Menu à CRM à Detalhe Oportunidade à UMW0014 - Histórico Oportunidade.
Descrição: Tela utilizada para visualizar e adicionar histórico das oportunidades.
Descrição dos Campos, Implicações e Exemplos
Label Ao clicar no hist da oportunidade, abre a tela de registro dos históricos.
Label Abre a tela para registrar novos históricos.","oportunidade, histórico",https://unoerpwiki.herokuapp.com/pt-br/Historico-Oportunidade
App 📲,OS - Ordem de Serviço,"UMW0027 - Ordem Serviço
Tela: UMW0027 - Ordem Serviço	Modulo: OS
Módulo OS: Irá mostrar no MENU com o nome ORDEM DE SERVIÇO.
Descrição: Tela utilizada para visualizar e editar ordem de serviço.
Descrição dos Campos, Implicações e Exemplos
Acessando o APP
Digitar o nome da aplicação, após validação com o visto em verde, digitar usuário e senha para entrar. Seguir:
1- Nome Servidor
2- Usuário
3- Senha
4- Acessar
Acessando o módulo OS
Ao entrar, clicar nas 03 barras irá abrir o MENU e clica em ORDEM DE SERVIÇO
Tela Inicial - Ordem de Serviço
Após clicar no módulo ORDEM DE SERVIÇO irá abrir a relação de OS da empresa logada.
Acessando a OS - Aba Cliente
Ao entrar na OS, entrará no primeiro passo chamado CLIENTE.
Campos:
Cód Cliente: Traz o nome que é vinculado ao código do cliente.
Solicitante: Traz o nome do usário vinculado ao código do cliente.
Telefone: Traz o DDD + Telefone cadastrado no nome que é vinculado ao código do cliente.
Acessando a OS - Aba Dados OS
No segundo passo chamado DADOS OS, as informações são trazidas da aba DADOS OS na aplicação.
Situação: Campo editável, se alterar no APP ele é alterado na aplicação e vice-versa.
Origem: Campo informativo, vem da aplicação.
Categoria: Campo informativo, vem da aplicação.
Modalidade: Campo informativo, vem da aplicação.
Atendente: Campo informativo, vem da aplicação.
Responsável: Campo informativo, vem da aplicação.","app 2.0, os, ordem servico, flutter",https://unoerpwiki.herokuapp.com/pt-br/Ordem-Servico
Outros ♾,Busca Cliente -,"Busca Cliente
Tela: RVD0003 - Busca Cliente 	Plugin de revenda – contratado a parte
Módulo Revenda: Desktop da Revenda à RVD0003 - Busca Cliente
Descrição:Busca ou cadastro de clientes.
Descrição dos Campos, Implicações e Exemplos
O texto mostrado nesta tela não pode ser alterado pois é padrão do sistema UNO. 
Para busca de clientes já cadastrados no Uno.
Cliente: Só serão listados os clientes que estiver associado a revenda, caso contrário um Alert será mostrado. Para associar a revenda necessário fazer no cadastro do cliente em à CDW0101 – Clientes (colocar hiperlink para tela).
Tipo de cliente: Situação cadastral do cliente se Física ou Juridica. *Preenchimento do campo obrigatório.
CNPJ/CPF: De acordo com a situação cadastral do cliente. *Preenchimento do campo obrigatório.
CEP: Conforme cadastrado no cliente.
Label Busca o cliente de acordo com as informações definidas.","cliente, busca",https://unoerpwiki.herokuapp.com/pt-br/Busca-cliente
Outros ♾,Busca Cliente -,"Busca Cliente
Tela: RVD0004 - Busca Cliente 	Plugin de revenda – contratado a parte
Módulo Revenda: Desktop da Revenda à RVD0004 - Busca Cliente
Descrição:Busca clientes para gerar pedidos.
Descrição dos Campos, Implicações e Exemplos
Ao inserir as informações na tela à RVD0004 - Busca Cliente e clicar no Label “Próximo” será aberto a tela à RVW0004              
- Manutenção de Vendas (colocar hiperlink para levar a tela.)
Tipo de cliente: Se Jurídico ou Físico, de acordo com o cadastro.
CNPJ: De acordo com o cadastro de cliente.","cliente, busca",https://unoerpwiki.herokuapp.com/pt-br/Busca-cliente-RVD0004
Outros ♾,Busca de Cliente-,"Busca de Cliente Revenda
Plugin de revenda – contratado a parte	Tela: RVQ0003 - Busca de Cliente Revenda
Módulo Revenda:Desktop da Revenda à RVW0002 - Lista de Pedidos à RVQ0003 - Busca de Cliente Revenda
Descrição:Nesta tela é possível efetuar a busca detalhada do cliente revenda.
Descrição dos Campos, Implicações e Exemplos
- Na tela à RVW0002 - Lista de Pedidos a Label: 
 aciona a tela à RVQ0003 - Busca de Cliente Revenda.
Cod. Cliente: Código do cliente revenda conforme cadastrado no Uno.
Nome Cliente: Nome do cliente revenda conforme cadastrado no Uno.
Label Realiza busca com as informações definida nos filtros, ou geral se não definir as informações.","revenda, cliente, busca",https://unoerpwiki.herokuapp.com/pt-br/Busca-de-clientes-revenda
Outros ♾,Busca de Vendedor Revenda -,"Busca de Vendedor de Revenda
Plugin de revenda – contratado a parte	Tela: RVQ0010 - Busca de Vendedor de Revenda
Módulo Revenda:Desktop da Revenda à RVW0002 - Lista de Pedidos à RVQ0010 - Busca de Vendedor de Revenda
Descrição:Nesta tela é possível efetuar a busca detalhada do vendedor revenda.
Descrição dos Campos, Implicações e Exemplos
- Na tela à RVW0002 - Lista de Pedidos a Label: 
 aciona a tela à RVQ0010 - Busca de Vendedor de Revenda.
Cod. Vendedor: Código do vendedor/colaborador revenda conforme cadastrado no Uno.
Nome: Nome do vendedor/colaborador revenda conforme cadastrado no Uno.
Label Realiza busca com as informações definida nos filtros, ou geral se não definir as informações.","revenda, vendedor, busca",https://unoerpwiki.herokuapp.com/pt-br/Busca-vendedor-revenda
Outros ♾,Lista de Clientes -,"Lista de Clientes
Tela: RVW0001 - Lista de Clientes	Plugin de revenda – contratado a parte
Módulo Revenda: Desktop da Revenda à RVW0001 - Lista de Clientes
Descrição:Nesta tela é possível consultar todos os clientes que possuem a revenda.
Descrição dos Campos, Implicações e Exemplos
Situação: Situação do cliente de acordo com o cadastro.
Nome Fantasia: Conforme definido no cadastro do cliente.
Região: Conforme definido no cadastro do cliente. Cadastro de Região pode ser feito em à CDW0014 – Região (colocar hiperlink <)
Realiza busca com as informações definida nos filtros, ou geral se não definir as informações.
Abre a tela à RVW0003 - Cadastro de Cliente. (colocar hiperlink <)
Abre a tela à RVW0004 - Manutenção de Vendas. (colocar hiperlink <)","cliente, lista",https://unoerpwiki.herokuapp.com/pt-br/Lista-clientes
Outros ♾,Lista de pedidos-,"Lista de Pedidos
Tela: RVW0002 - Lista de Pedidos 	Plugin de revenda – contratado a parte
* RVW0002 - Lista de Pedidos – Confirmar com Daniel se o nome da tela esta correto, pois não tinha está na lista e não tinha manual dela.
Módulo Revenda:Desktop da Revenda à RVW0002 - Lista de Pedidos
Descrição:Nesta tela é possível consultar todos os pedidos que possuem a revenda.
Descrição dos Campos, Implicações e Exemplos
Situação: Situação do pedido.
Período: Período em que foi gerado o pedido.
Cod. Cliente: Conforme definido no cadastro do cliente
Cod. Vendedor: Código do vendedor atrelado ao pedido.
Abre a tela à RVQ0010 - Busca de Vendedor de Revenda. (colocar hiperlink <)
Realiza busca com as informações definida nos filtros, ou geral se não definir as informações.
Abre a tela à RVW0004 - Manutenção de Vendas.","pedidos, lista",https://unoerpwiki.herokuapp.com/pt-br/Lista-pedidos
Outros ♾,Cadastro de clientes-,"Cadastro de Cliente
Tela: RVW0003 - Cadastro de Cliente 	Plugin de revenda – contratado a parte
Módulo Revenda: Desktop da Revenda à RVD0003 - Busca Cliente à RVW0003 - Cadastro de Cliente
Descrição:Cadastro de novos clientes.
Descrição dos Campos, Implicações e Exemplos
Ao inserir as informações na tela à RVD0003 - Busca Cliente e clicar no Label “Próximo” se o cliente não estiver cadastrado é exibido um alerta. Ao clicar no ok, será aberto a tela RVW0003 - Cadastro de Cliente, para cadastro.
Dados da Empresa: Preencher as informações do cliente, lembrando que o código cliente é gerado automaticamente.
Grava as informações conforme preenchido na tela.","cadastro, cliente",https://unoerpwiki.herokuapp.com/pt-br/Cadastro-clientes
Outros ♾,Manutenção de Vendas-,"Manutenção de Vendas
Tela: RVW0004 - Manutenção de Vendas	Plugin de revenda – contratado a parte
Módulo Revenda: Desktop da Revenda à RVD0004 - Busca Cliente à RVW0004 - Manutenção de Vendas
Descrição:Gerar pedidos.
Descrição dos Campos, Implicações e Exemplos
Ao inserir as informações na tela à RVD0004 - Busca Cliente e clicar no Label “Próximo” será aberto a tela à RVW0004 - Manutenção de Vendas.
Cliente: As informações do cliente são preenchidas automatico de acordo com o cadastro.
Informações do pedido: São preenchidos de acordo com o cadastro do cliente.
Situação: Situação que será gerado o pedido. Definido nos cadastros à CDW0022 - Situação de Vendas. (colocar hiperlink <<)
Tabela de Preço: Fixa, preenchido de acordo com o cadastro do cliente.
Cond. Pagamento: Condição de pagamento que será gerado o pedido. Definido nos cadastros à
 	CDW0006 - Condições de Pagamento. (colocar hiperlink <<)
Moeda: Moeda que será gerado o pedido. Definido nos cadastros à CDW0012 – Moedas. (colocar hiperlink <<)
Transportadora: Transportadora que será gerado. Definido nos cadastros à CDW0008 – Transportadora. (colocar hiperlink <<)
Abre a tela à CDQ0008 - Busca de Transportadora, para realizar busca detalhada da transportadora (colocar hiperlink <<)
Frete: Frete que será utilizado no pedido.
Pedido Revenda:  Pedido interno da revenda.
Pedido Cliente: Pedido interno do cliente.
Dt. Entrega:","vendas, manutencao",https://unoerpwiki.herokuapp.com/pt-br/Manutencao-vendas
Outros ♾,Comissões,"RVW0005 - Comissões
Tela: RVW0005 - Comissões	Plugin de revenda – contratado a parte
Módulo Revenda:Desktop da Revenda à RVW0005 - Comissões
Descrição:Nesta Tela é possível consultar o valor da Comissão cadastrada para Revenda.
Descrição dos Campos, Implicações e Exemplos
Período: Período que será considerado para mostrar as comissões geradas.
Label 
Realiza busca com as informações definida nos filtros, ou geral se não definir as informações.
Para cadastrar uma comissão no sistema UNO, na Tela SGW0015 – Cadastro da Revenda, na ABA Comissão, aplicar a comissão a ser paga para a revenda, o dado do banco neste cadastro se faz necessário pois ao consultar e gerar o Contas a Pagar da comissão no Uno esses dados serão os levados no título do Contas a Pagar. 
Para que a comissão seja mostrada na tela à RVW0005 – Comissões, os pedidos devem estar faturados no UNO",comissões,https://unoerpwiki.herokuapp.com/pt-br/Comiss%C3%B5es
Outros ♾,Vendedores de Revenda-,"Vendedores de Revenda
Plugin de revenda – contratado a parte	Tela: RVW0010 - Vendedores de Revenda
Módulo Revenda:Desktop da Revenda à RVW0010 - Vendedores de Revenda
Descrição: Nesta tela é possível verificar os dados da revenda em que o vendedor tem acesso e fazer edição.
Descrição dos Campos, Implicações e Exemplos
Informações da Revenda: Dados da revenda em que o vendedor tem acesso e fazer edição.
Vendedores: Para incluir um vendedor por esta tela basta realizar o seguinte processo: Preencher as informações abaixo e clicar em Gravar","revenda, vendedores de revenda, vendedores",https://unoerpwiki.herokuapp.com/pt-br/Vendedores-revenda
Outros ♾,Dados Cadastrais de Revenda-,"Dados Cadastrais de Revenda
Tela: RVW0012 - Dados Cadastrais de Revenda	Plugin de revenda – contratado a parte
Módulo Revenda:Desktop da Revenda à RVW0012 - Dados Cadastrais de Revenda
Descrição: Nesta Tela é possível alterar senha de acesso ao modulo Revenda.
Descrição dos Campos, Implicações e Exemplos
Para alterar uma senha basta entrar neste Modulo e cadastrar uma nova, clicar em continuar, ao entrar no módulo revenda novamente, basta incluir a nova senha cadastrada
Volta ao menu inicial.
Segurança: Definir a nova senha
Salva a alterações feitas.","revenda, dados, cadastrais",https://unoerpwiki.herokuapp.com/pt-br/Dados-cadastrais-revenda
Outros ♾,Lista Estoque Vendedor-,"Lista Estoque Vendedor
Plugin de revenda – contratado a parte	Tela: RVW0014 - Lista Estoque Vendedor
Módulo Revenda:Desktop da Revenda à RVW0014 - Lista Estoque Vendedor.
Descrição:Nesta Tela é possível consultar os produtos que estão habilitados para a Revenda. (Lembrando que serão os produtos que estiverem com a flag B2B – no cadastro de produtos no UNO).
Descrição dos Campos, Implicações e Exemplos
Fabricante: Fornecedor preferencial atrelado ao item, no cadastro de produto à CDW0201 - Produtos e Serviços, aba: compras.
Categoria: Categoria que esta relacionado a Família comercial atrelada ao item, na aba “Grupos”. Cadastro de Família à CDW0207 - Família Comercial. (Colocar hiperlink <<)
Part Number: Código do produto cadastrado no Uno.
Palavra Chave: Descrição técnica do produto, conforme cadastrado no Uno.
Realiza busca com as informações definida nos filtros, ou geral se não definir as informações.
Abre a tela à RVW0015 - Detalhe item (*confirmar com o Dani o nome da tela, pois não tem) (Colocar hiperlink <<)","vendedor, estoque, lista",https://unoerpwiki.herokuapp.com/pt-br/Lista-estoque-vendedor
Outros ♾,Detalhe item-,"Detalhe item
Tela: RVW0015 - Detalhe item 	Plugin de revenda – contratado a parte
Módulo Revenda:Desktop da Revenda à RVW0014 - Lista Estoque Vendedor à RVW0015 - Detalhe item.
Descrição: Nesta Tela é possível visualizar as informações do produto. Lembrando que essas informações estão no cadastro do produto no UNO.
Descrição dos Campos, Implicações e Exemplos
Abre a tela à RVW0015 - Detalhe item (*confirmar com o Dani o nome da tela, pois não tem) (Colocar hiperlink <<)
Produto: Informações conforme cadastrado no Uno
Imagem: Se estiver definida na aba: Foto, do cadastro do produto.
Consulta de estoque: Para simular o Estoque basta fazer o seguinte processo: 
Inserir a quantidade desejada e clicar em calcular será mostrado se o produto está disponível SIM ou Não No caso de NÃO estar disponível é mostrado uma","detalhe, item]",https://unoerpwiki.herokuapp.com/pt-br/detalhe-item
Processos fora da aplicação,Importar txt Excel,"Importar dados do TXT para Excel
Tela: 	Corpo:
Descrição do Problema:
Foi baixado dados de relatório em txt e é necessário abrir em Excel
Descrição da Solução:
Fazer o download do arquivo em txt, depois necessário exportar para Excel.
No Excel (2013) em DADOS > De textos > seleciona o arquivo > importar > deixa selecionado demilitado > origem do arquivo `MS-DOS(PC-8)`> avançar > definir delimitadores por `outros` e colocar no campo ` SIMBOLO PIPE` `|` avançar e concluir e `ok`",Nenhuma palavra-chave encontrada,https://unoerpwiki.herokuapp.com/pt-br/Importar-txt
Processos fora da aplicação,Abertura de chamados E-notas,"Chamado E-notas
Tela: SGW0042 - Painel NFS-e	Corpo: Corpo: 0001 (01.01)
Descrição do Problema:
Notas paradas em processamento
Erro de validação
Verificar informações:
E o JSON da nota que você está com problemas, essa informação está no banco de dados do cliente na tabela vd_nfse_enotas na coluna requisicao_nota_fiscal
Copiar as informações e rodar no validador JSON no link abaixo, copiar todas as informações geradas da tela Formatted JSON","e-notas, chamados, abertura de chamado, rps",https://unoerpwiki.herokuapp.com/pt-br/Chamado-Enotas
Processos fora da aplicação,Data e Hora do servidor,"Erros em notas fiscais
Tela: SGW0028 - NF-e Federal	Corpo: Corpo: 0001 (01.01)
Descrição do Problema:
Rejeição: A","data, hora",https://unoerpwiki.herokuapp.com/pt-br/Data-e-Hora
Processos fora da aplicação,Senha automática para abrir o putty,"Automático o Password SSH  para abrir o Putty
Tela: 	Corpo:
Ao abrir o Putty através do WinSCP para que seja levado o passwordssh do usuário automático é necessário realizar a configuração no WinSCP.
Abrir o WinSCP ir em > Opções > Preferencias.
Ir em Integração – Programas, marcar a opção >> Lembrar senha de sessão e passá-la ao Putty (SSH)
Ao abrir o WinSCP no cliente e dar um Ctrl+p que ira abrir o Putty a senha para unosol já vira preenchida","senha, putty, ssh",https://unoerpwiki.herokuapp.com/pt-br/Senha-putty
Processos fora da aplicação,Banco de NF-e,"Banco Nf-e
Tela: SGW0028 - NF-e Federal	Corpo: 0001
Descrição do Problema:
Como validar as informações e notas via banco de dados. 
1° Passo configurar o banco de dados do cliente:
Acessar o Front
Clicar em Novo
Vai abrir a tela abaixo:
As informações sobre o cliente são localizadas na tela inicial da Triagem no ícone Links:
Vai ser acionada a tela abaixo e nela é possível localizar o link do cliente digitando o nome do cliente, clicando no botão Servidores mostra as informações de IPs e portas do cliente:
Os clientes dedicados e virtualizados vão ter o IP próprio de acesso mas os clientes Pratas compartilham o mesmo IP, como exemplo vamos usar o cliente Valeu Químicas que está no Prata 9. 
Vamos clicar no botão :
e localizar o Prata 9:
No Front vamos preencher conforme abaixo:
No exemplo acima estamos configurando um cliente Prata, quando preencher os dados é importante clicar no ícone com os 3 pontinhos para selecionar os bancos do cliente, caso contrário vai ser relacionado todos os clientes com banco de dados no Prata 9:
 Definido conforme acima quando abrir o banco vai exibir apenas o cliente Valeu:
Se não for definido no ícone o cliente, ao abrir o Front exibe todos os clientes do Prata 9:
Descrição do Problema:
Como validar as informações e notas via banco de dados. 
1° Ir no módulo de Vendas - NF-e Federal
Buscar pelo número da nota e clicar no ícone que exibe o histórico da nota para que a janela seja acionada:
Essa tela exibe a situação da nota e o motivo da rejeição (coluna Mensagem). Para localizar a nota no banco de dados vamos utilizar a informação primaryKeyERP=23457. Após abrir a tela de histórico copiar a informação primaryKeyERP=23457 e acessar o banco de notas do cliente
Ao abrir o Front vamos utilizar o banco com nome db_uc_nomecliente_nfe, sempre que se tratar de validação de nota o banco utilizado é o que tem NFE no final do nome:
Clicar na seta do lado esquerdo do banco e vai ser exibida todas as tabelas:
Para buscar a informação sobre a nota sempre vamos entrar primeiro na tabela gm_nfe_a00_atributo, clicar sobre a tabela gm_nfe_a00_atributo e selecionar a opção","banco, nf-e",https://unoerpwiki.herokuapp.com/pt-br/Banco-NF-e
Processos fora da aplicação,Tunelar IP,"Tunelar Ip
Tela: 	Corpo:
Após fazer o cadastro do IP eu vou em SSH (TUNNELS)
Volto para a SESSION Dou um Load - > Open - > Accept 
Logo no Putty com e vou para o cups - > localhost:631","tunelar, ip",https://unoerpwiki.herokuapp.com/pt-br/Tunelar-ip
Processos fora da aplicação,Validações Cups e impressora,"Validações Cups e impressora
Validações Cups e impressora	Corpo:
Problema:
Todas as impressões automáticas no UNO são feitas através do CUPS (gerenciador de impressão no LINUX).
O CUPS sempre deve ser acessado através do IP do servidor e tem como porta padrão a porta 631.
Acesso ao CUPS:
Acesso ao CUPS do Prata 3 onde está a aplicação Demo.
Exemplo de uma das impressoras configuradas no CUPS:
Driver: Software que gerencia a comunicação entre a impressora e o compurador que está instalada, o mesmo software aqui listado deve ser o que está no computador.
Conexão: IP e nome do compartilhamento onde a impressora está instalada para que o CUPS possa conecta-la e enviar o documento a ser impresso. O IP da VPN precisa ser o mesmo do Cups (para verificar o IP da VPN passar o mouse sobre o ícone da VPN na barra de tarefas).
O compartilhamento deve ser sempre o mesmo cadastrado no campo fila na tela CDW0019 – Impressoras e o que consta no Cups, no caso do exemplo é etiqueta, esse mesmo nome deve constar no compartilhamento da impressora:
O IP aqui listado também deve ser o mesmo do computador onde encontra-se a impressora ou da VPN nele instalada.
Na tela CDW0031 - Programas x Impressoras são relacionados os programas e impressoras que serão usados no processo.
Módulo Cadastros Gerais: Cadastros Iniciais → Programas x Impressoras → CDW0031 - Programas x Impressoras
Mais informações: http://www.unoerp.com.br/manual/index.html?cdw0031.html
Check List na falha de Impressão:
Revisar o cadastro da impressora no CUPS x Cadastro da Impressora no Uno ERP X compartilhamento na impressora do cliente;
Verificar se existe restrição da impressora por colaborador no UNO ERP na tela CDW0031 - Programas x Impressoras.
Acessar o computador onde encontra-se a impressora e certificar-se que a VPN está conectada e sendo executada como administrador, desconectar e conectar novamente para ter certeza (somente nos casos que haja VPN instalada). 
Caso a VPN não conecte, validar na conexão de rede se o adaptador está ativo.
Acessar a impressora e validar se as informações que estão registradas no CUPS estão idênticas (compartilhamento), caso necessário corrigir as informações.
Certificar que os serviços de Spooler e LPD do Windows estão ativos e funcionando, caso necessário reinicializar esses serviços. Para acessar os serviços digitar no menu do windows (Tecla Windows +R) services.msc, nele localizar o serviçode LPD e Spooler de impressão, ambos precisam estar ativos.
Para melhor gerenciar se o problema é na chegada ao cups ou na impressora, pausar o cups e impressora, chegando o trabalho no cups pode liberar o trabalho (pausar cups), após isso validar a fila de impressão na impressora que consta pausada afim de identificar se o arquivo chega na impressora. Se chegar, então o UNO e CUPS  estão funcionando corretamente!
Se a impressão não chegar na fila e constar no Cups que não é posível se conectar a impressora, validar se na máquina consta anti-vírus instalado ou firewall ativo, pois ambos podem bloquear a conexão. Desativando ambos, realizar uma nova impressão e validar se chega na fila da impressora do cliente.
Se mesmo assim não chegar na fila, solicitar ao cliente que verifique se ao liberar a fila alguma luz ou sinal de erro será emitido pela impressora.
Caso o problema persista gerar ocorrencia ao suporte indicando a sequencia do checklist realizada.","impressora, cup, validacoes",https://unoerpwiki.herokuapp.com/pt-br/Valida%C3%A7%C3%B5es-Cups-e-impressora
Processos fora da aplicação,Tunells de clientes para acessar banco de dados e CUPS,"Tunells de clientes para acessar banco de dados e CUPS
Tela: 	Corpo:
Tunnels de clientes para acessar banco de dados e CUPS
A configuração de um tunnel que direciona uma porta da máquina local para uma porta de uma máquina qualquer existente na rede de um servidor ao qual estamos conectados por SSH.
Configuração do Putty:
Entrar no putty e selecionar qual o servidor que deseja tunnelar, inserindo o Host name e a porta. Após isso, ir em Connection -> SSH
E selecionar a opção Tunnels:
O próximo passo é criar um tunnel:
Source Port: Uma porta qualquer que não esteja em uso
Destination: localhost  + : + porta que quer tunnelar
Depois de criar o tunnel é preciso entrar no putty, com o usuário e senha de acesso normal, para isso basta selecionar o botão “Open”:
No exemplo estou usando a usuário ‘unosol’ e senha ‘re$pon$abilidade3’ mas esses dados mudam de acordo com o usuário e senha do cliente:
            OBS: É preciso deixar o putty aberto para fazer os acessos abaixo
Entrar no banco de dados:
Depois de tunnelado é preciso acessar o banco de dados com a nova porta e o usuário e senha de acesso ao banco de dados:
Assim será possível acessar o banco de dados do cliente normalmente:
Entrar no CUPS com tunnel:
Configuraro tunnel e entrar no putty, da mesma forma que foi feito acima:
E para entrar no CUPS basta digitar no navegador: http://localhost:7777 se o cliente tiver CUPS vai abrir normalmente, desde que o putty com o tunnel ainda esteja aberto no computador","cups, banco, dados, tunells, clientes, acessar",https://unoerpwiki.herokuapp.com/pt-br/Tunells-de-clientes-para-acessar-banco-de-dados-e-CUPS
Processos fora da aplicação,Habilitar novas telas,"Habilitar novas telas
Tela: Habilitar Novas Telas: 	Corpo: (01.01)
Descrição: Habilitar telas que não estão disponíveis na aplicação.
Descrição dos Campos, Implicações e Exemplos
Para nosso exemplo vamos habilitar a tela SGW0110 - Log Servidor no menu da aplicação (lembrando que mesmo com o procedimento abaixo é necessário possuir as devidas permissões para acesso).
Para habilitar a tela deve-se primeiro acessar a tabela sg_menu.
Procure na tabela pelo código da tela, caso a mesma não apresente resultado significa que o cliente não terá acesso a tela, mesmo possuindo permissão. No caso procuraremos pela tela SGW0110 - Log Servidor.
Para disponibilizar a tela iremos primeiramente acessar um cliente que possua acesso a tela. Nesse exemplo vamos acessar o Banco de Dados do demo.
Ao procurar pela tela na tabela sg_menu conseguiremos visualiza-la.
Agora que localizamos a tela devemos clicar com o Botão direito do mouse encima do resultado, selecionar a opção export , SQL File. O sistema irá questionar onde gostaria de salvar o arquivo .sql
Salve o arquivo onde desejar.
Ao clicar em gravar o sistema irá exibir uma nova janela do qual deve-se selecionar a opção “Structure”.
Com a opção selecionada basta clicar em “RUN”.
Voltamos novamente ao banco de dados do cliente, clique com o botão direito e escolha a opção Import, SQL File. Será exibido a seguinte mensagem:
Clique em “continuar”.
Clique em “Close”.
Ao pesquisar novamente já será possível ver a tela no banco de dados.
OBSERVAÇÕES:
É importante salientar que telas que são plug-ins contratados a parte não devem ser habilitadas desta forma, pois envolvem outras áreas para verificar custos e para parametrizar devidamente seu funcionamento.","habilitar, novas, telas",https://unoerpwiki.herokuapp.com/pt-br/Habilitar-novas-telas
Processos fora da aplicação,Integração TOEIC,"Integração WooComerce (MasterGlobal – TOEIC)
O processo de integração de Pedido WooComerce na aplicação do cliente MasterGlobal – TOEIC ocorre da seguinte forma:
A Primeira Interação o UNOERP executa a rotina de Importação de Vendas (cron) considerando somente os pedidos que estiverem com na situação “Processing” na loja virtual WooCoomerce, uma vez que esse exista pedidos nessa situação ocorre a integração gerando o pedido na tela VDW0001 – Pedidos na situação Liberado para Intranet. 
A segunda interação acontece tambpem via rotina da aplicação Intranet ( desenvolvida por um terceiro do cliente TOEIC) que através da API aciona o UNO ERP para faturar os pedidos que estiverem na situação Liberado para Intranet.
Obs: O “faturamento automático” ocorre somente pelo acionamento via API do UNO ERP pela aplicação Intranet.
A terceira Interação acontece após o faturamento do pedido onde o UNO ERP enviará também atravé da rotina Atualiza Situação de Vendas ( cron) a chave da NF-e ao WooComerce e atualziando o pedido para a situação de faturado na loja virtual WooComerce.","integracao, toeic",https://unoerpwiki.herokuapp.com/pt-br/Integracao-TOEIC
Processos fora da aplicação,Cadastro acesso ao extranet,"Cadastro de Colaborador para Acesso Extranet
Tela: CDW0101 - Clientes	Corpo: 0001
Permissões Relacionadas: 
CDW0101 – Clientes
CDW0101A - Permite atualizar dados dos clientes
Antes que o acesso do colaborador possa ser liberado, é necessário orientar o mesmo a realizar o EAD Extranet oferecido pela Universidade Uno, o mesmo é gratuito e obrigatório. 
Link: http://universidade.unosolucoes.com.br/courses/modulo-extranet
Exemplo de mensagem: 
“Dando início aos procedimentos para a liberação de acesso, é necessário que o colaborador realize o EAD Extranet oferecido pela Universidade UNO. Dessa forma, o mesmo poderá compreender o modo de utilização e funcionalidades da plataforma.
Sua realização é indispensável, podendo ser acessado de forma gratuita através do link: 
http://universidade.unosolucoes.com.br/courses/modulo-extranet
Por gentileza, comunicar a conclusão do EAD juntamente ao envio do nome e e-mail do colaborador. Após a confirmação, será realizado o cadastro e envio dos dados de acesso”
Observação: A confirmação de conclusão é fundamental para que o cadastro possa ser efetuado.
Procedimentos para cadastro de acesso Extranet e envio das informações de login:
Acessar: Cadastros Gerais > Clientes > Selecionar a empresa em questão
2. Na parte de contatos, preencher as informações obrigatórias da aba “Dados Pessoais”, sendo elas: Nome, E-mail e Sexo
Obs: Caso seja inserido o telefone, é necessário preencher o campo e
3. Na aba “Observações do Contato”, preencher o cargo buscando através da 🔎 e manter a situação como “Ativo”
4. Na aba “Internet”, confirmar se o ID foi corretamente gerado. Caso sim, clicar em “
5. Após gravar o contato, é necessário gravar o cadastro geral do cliente em “
Voltando ao cadastro do contato, acessar a aba “Internet” e selecionar a opção:
6. para que sejam enviados os dados de acesso Extranet do usuário.
Será exibida uma mensagem de envio realizado e constará a","cadastro, acesso, extranet",https://unoerpwiki.herokuapp.com/pt-br/cadastro-acesso-extranet
Processos fora da aplicação,Instalar e configurar SOAPUI,"Instalar e configurar SOAPUI
Tela: 	Corpo:
Descrição do Problema:
Para validar Guias de GNRE se há erros ou o motivo de não ter gerado é necessário instalar o programa localizado no link abaixo:
https://www.soapui.org/downloads/thank-you-for-downloading-soapui/
Instalar como administrador.
Ao finalizar a instalação ele abrira a janela, pode clicar em fechar.
Importar as colections em: File > Import Projetct
Obs: Os arquivos com as colectios estão na ocorrência: 267713.
Abrir a pasta onde esta salvo os arquivos e importar os dois – ‘Recepção e Resultado’, a ordem com que vai importar eles não interferem.
Depois de importados eles aparecem na lista de Projects.
Ao finalizar, acompanhar o arquivo  KCS “Modelo_KCS – Validando guia GNRE”.","instalar, configurar, soapui",https://unoerpwiki.herokuapp.com/pt-br/Instalar-configurar-SOAPUI
Processos fora da aplicação,Corrigindo as Functions,"CORRIGINDO AS FUNCTIONS
Em alguns casos na qual as telas podem demorar para realizar uma busca de um cliente ou produto, ou ficam só processando, podem ser por conta das functions que precisam ser ajustadas.
Para que possamos fazer isso, precisaremos pegar o arquivo, que normalmente está no servidor do .30, e colocar no servidor do cliente que está com o problema
após isso precisaremos rodar alguns comando no ssh para corrigi-lás:
mysql -f -uunosol -p#prudencia5! -C db_sup_neoaluminio < function2delimiter.txt
OBS: Lembre-se de trocar o nome do aplicação do cliente
Sempre realize o teste na aplicação do cliente para verificar se foi corrigido.","functions, corrigindo",https://unoerpwiki.herokuapp.com/pt-br/Corrigindo-functions
Processos fora da aplicação,Processo de DUMP,"Processo de DUMP no banco de dados
Passos para copia de base de produção para Desenv
Dentro do banco
1 - Copia das tabelas cd_parametro e cd_param_empresa da base Desenv
Exportar a tabela cd_parametro e cd_param_empresa
Marcar as opções Struture,","processo, dump",https://unoerpwiki.herokuapp.com/pt-br/processo-dump
Processos fora da aplicação,Configurar Validador NF 21/22,"Configurar validador NF 21/22
Descrição do Problema:
Para validar a nota no modelo 21/22 é necessário do programa Validador de Arquivos do Convênio ICMS 115-03 Versão V3_00c. zip, este programa é disponibilizado pela Secretaria da Fazenda deve ser baixado no computador do usuário. 
Segue o link do programa: https://portal.fazenda.sp.gov.br/servicos/nf-comunicacao-energia/Paginas/Downloads.aspx
Instalação do programa.
Após baixado descompactar o mesmo e executar:
Avançar >>
Selecionar Sim, para criar a pasta e avançar >>>
Avançar >>>
Clicar em iniciar para finalizar.
Avançar >>>
Finalizado no menu iniciar, todos os programas na pasta convenio > validador.
Ou pela busca, digitar: “Valida”
Ao abrir a tela é exibida:
Preencher as informações na tela e clicar em > arquivo > salvar identificação, guardar o arquivo gerado, pois toda vez que abre o validador é necessário ter o arquivo para não precisar preencher.
Para abrir identificação já salva clicar em > abrir informações de identificador, na pasta salva. Obs: salvar cada identificador em uma pasta com o nome do cliente para facilitar.
Passos para como gerar e processar o arquivo consultar - Modelo_KCS – Gerar e processar arquivo nota 21/22.","nf, configurar, validador",https://unoerpwiki.herokuapp.com/pt-br/validador-nf
Processos fora da aplicação,Retirar mensagem do navegador,"Retirar mensagem 
Descrição do Problema:
Retirar do navegador a mensagem de conexão não é segura.
Descrição da Solução:
Acessar uma aba em branco do firefox digitar : about:config , aceitar os riscos. 
> filtrar por secure e alterar para “false” (clicando com botão direito “Inverter valor”) os parâmetros:
>> security.insecure_field_warning.contextual.enabled
>> security.insecure_password.ui.enabled","mensagem, retirar, navegador",https://unoerpwiki.herokuapp.com/pt-br/mensagem-navegador
Processos fora da aplicação,Instalar Postman,"Instalar Postman
Descrição do Problema:
Para alterar logo das notas fiscais de serviço que integram com E-Notas é necessário instalar o programa localizado no link abaixo:
https://www.getpostman.com/downloads/
Instalar como administrador.
2 . Após a instalação é necessário somente fazer o login, não precisa criar um novo Workspace, pois eu já criei um grupo nosso. Acessar com as informações abaixo.
Username: suporteuno
Password: suporteuno@2020
3. Após logar verificar se a API subiu automático.
4. Caso não suba, precisa importar. O arquivo da API esta salvo no HD externo do suporte.
5. Inserir o API KEY do Uno para realizar as alterações de logo.
Em configurações, Add.
Preencher o Nome, varialvel e a APIKEY da UNO nos campos : INITIAL VALUE e CURRENT VALUE, clicar em Add.
APIKEY= NGUyY2UwODItZTRmNi00ZThjLTkwNjMtZjgwYTU2ZjUwMjAw
Caso precise alterar informações é só clicar no nome Uno.
Depois de alterado clicar em Update. 
Sempre vincular a empresa Uno para poder realizar as alterações.
Ao finalizar, acompanhar o arquivo  KCS “Modelo_KCS – Logo Enotas”.","instalar, postman",https://unoerpwiki.herokuapp.com/pt-br/instalar-postman
Processos fora da aplicação,Alterar formato de campo no Dbeaver,"Alterar formato de campo no Dbeaver
Descrição do Problema:
Como alterar formato de campo no SQL no Dbeaver.
Onde acessa:
No Dbeaver ao selecionar o banco do cliente e o campo da tabela que necessita alterar:
No campo","campo, dbeaver, formato",https://unoerpwiki.herokuapp.com/pt-br/Alterar-formato
Processos fora da aplicação,Cadastrar nova conexão no SQL Dbeaver,"Como cadastrar nova conexão no SQL no Dbeaver
Tela: 	Corpo:
Descrição do Problema:
Cadastrar nova conexão no SQL no Dbeaver
Onde acessa:
No Dbeaver clicar em New Connection Wizard, selecionar MySQ 8.x e avançar.
Na próxima tela, preencher os campos com o IP de acesso, usuário e senha e avançar.
Avançar, 
Definir o nome da conexão e finalizar.","dbeaver, conexão, nova",https://unoerpwiki.herokuapp.com/pt-br/Nova-conex%C3%A3o
Processos fora da aplicação,Como processar scripts no Dbeaver,"Como processar scripts no Dbeaver
Descrição do Problema:
Processar scripts ou selects no Dbeaver
Onde acessa:
No Dbeaver clicar no SQL Editor (F3).
Será habilitado o campo ao lado direito onde se insere o comando ou select a ser executado, após inserir o comando clicar em Execute Script e o resultado será exibido na tela abaixo, caso seja um Select.","dbeaver, scripts",https://unoerpwiki.herokuapp.com/pt-br/Scripts-dbeaver
Processos fora da aplicação,Erro conexão no Dbeaver,"Erro conexão no Dbeaver
Descrição do Problema:
Cadastrar nova conexão no SQL no Dbeaver e apresentar o erro de Public Key
Onde acessa:
No Dbeaver clicar com botão direito na base em Edit.
Em dirver properties localizar “AllowPublicKeyRetrieval” e alterar para “TRUE”","erro, dbeaver, conexão",https://unoerpwiki.herokuapp.com/pt-br/Erro-conex%C3%A3o-Dbeaver
Processos fora da aplicação,Inserção de colunas no banco de dados,"Inserção de colunas no banco de dados
Descrição do Problema:
Erro por campos ausentes no banco de dados.
Onde acessa:
MySQL-Front
Host: 192.168.2.9
Porta: 3306
User: update
Password: !@#update#@!
Descrição da Solução:
Ao consultar módulos na aplicação e gerar erro de campo ou coluna ausente, como por exemplo:
java.sql.SQLException: Column `senha_certificado` not found.
No banco de dados UPDATE:
No banco de UPDATE em db_update na tabela update_bd, no filtro localizar pelo erro informado:
script_bd like '%senha_certificado%'
Localizar em qual versão foi inserido o campo ausente.
No banco de dados do Cliente:
No banco do cliente colar o script copiado do banco de Update no SQL Editor e executar o comando apontando para o banco onde está sem a informação.","banco, dados, inserção, colunas",https://unoerpwiki.herokuapp.com/pt-br/Inser%C3%A7%C3%A3o-coluanas-banco
Processos fora da aplicação,Automático o Password SSH para abrir o PUTTY,"Automático o Password SSH  para abrir o Putty
Tela:	Corpo: 
Ao abrir o Putty através do WinSCP para que seja levado o passwordssh do usuário automático é necessário realizar a configuração no WinSCP.
Abrir o WinSCP ir em > Opções > Preferencias.
Ir em Integração – Programas, marcar a opção >> Lembrar senha de sessão e passá-la ao Putty (SSH)
Ao abrir o WinSCP no cliente e dar um Ctrl+p que ira abrir o Putty a senha para unosol já vira preenchida","putty, ssh, automatico, password",https://unoerpwiki.herokuapp.com/pt-br/Pssword-SSH
Processos fora da aplicação,Banco Nf-e,"Banco de Nfe
Tela: SGW0028 - NF-e Federal	Corpo: 0001 (01.01)
Descrição do Problema:
Como validar as informações e notas via banco de dados. 
Ir no módulo de Vendas - NF-e Federal
Buscar pelo número da nota e clicar no ícone que exibe o histórico da nota para que a janela seja acionada:
Essa tela exibe a situação da nota e o motivo da rejeição (coluna Mensagem). Para localizar a nota no banco de dados vamos utilizar a informação primaryKeyERP=23457. Após abrir a tela de histórico copiar a informação primaryKeyERP=23457 e acessar o banco de notas do cliente.
Ao abrir o Mysql Front vamos utilizar o banco com nome db_uc_nomecliente_nfe, sempre que se tratar de validação de nota o banco utilizado é o que tem NFE no final do nome:
Clicar na seta do lado esquerdo do banco e vai ser exibida todas as tabelas:
Para buscar a informação sobre a nota sempre vamos entrar primeiro na tabela gm_nfe_a00_atributo, clicar sobre a tabela gm_nfe_a00_atributo e selecionar a opção","banco, nf-e",https://unoerpwiki.herokuapp.com/pt-br/Banco-nf-e
Processos fora da aplicação,Chave Duplicata,"Duplicate entry for key 'PRIMARY'
Descrição do Problema:
Ao gerar um pedido de venda, itens/veículos, ocorrências e várias outras coisas, muitas vezes o sistema da erro de duplicidade de chave.
Como resolver: 
Acessar o banco de dados do cliente, tabela sg_sequence.
Dentro dela terá o número da ultima ID gerada de cada tela, que são gerados sequencialmente.
Nesse caso será necessário verificar qual número o sistema está informando que não pode ser duplicado, verificar o último número gerado e alterar na linha correspondente a essa tela.
Exemplo:
Ao gravar um pedido deu o erro abaixo:
om.mysql.jdbc.exceptions.jdbc4.MySQLIntegrityConstraintViolationException: Duplicate entry '3919' for key 'PRIMARY'
Isso significa que o sistema está tentando gerar um pedido com o cod_pedido 3919 mas ele já existe.
Então é necessário verificar o último pedido gerado no sistema e alterar a coluna vd_pedido.
Dessa forma, ao gravar o pedido o próximo número sera 3920.","chave, duplicata",https://unoerpwiki.herokuapp.com/pt-br/Chave-duplicata
Processos fora da aplicação,Como Encontrar Entradas Duplicadas no Excel,"Como Encontrar Entradas Duplicadas no Excel
Tela:	Corpo: 
Descrição do problema:
Como Encontrar Entradas Duplicadas no Excel
Descrição da Solução:
Quem trabalha com planilhas do Excel repletas de dados deve encontrar algumas informações duplicadas de vez em quando. Felizmente, é possível encontrá-las com o recurso ""Formatação Condicional"" e removê-las com a opção ""Remover Duplicatas"" — dessa forma, deixando o documento e os dados bem precisos.
1 - Abra o arquivo original. O primeiro passo é selecionar todos os dados que você quer examinar em busca de entradas duplicadas.
2 - Clique na célula que fica no canto superior esquerdo do conjunto de dados. Dessa maneira, vai começar o processo de seleção.
3 -  Mantenha a tecla ⇧ Shift pressionada e clique na última célula do arquivo, no canto inferior direito. Isso vai selecionar todo o conjunto de dados.
Nesse processo, a ordem não importa: você pode clicar primeiro na célula do canto superior direito, por exemplo.
4 - Clique em ""Formatação Condicional"" para abrir o menu suspenso. A opção fica na barra de ferramentas da aba ""Página Inicial"" (muitas vezes, sob a seção ""Estilo"").
5 - Clique em ""Realçar Regras das Células"" e, depois, em ""Valores Duplicados"". Mantenha as células selecionadas durante o processo. Dessa forma, você vai abrir uma janela com opções de personalização em outro menu suspenso.
6 - Clique em ""Valores Duplicados"" no menu suspenso.
Se quiser exibir todos os valores sem repetição, clique em ""Exclusivos"".
7- Escolha a cor do realce das entradas duplicadas. Na configuração padrão, o Excel usa vermelho claro para as células e escuro para as informações que elas contêm.
8 - Clique em ""Ok"" para exibir os resultados.","como, encontrar, entradas, duplicadas, excel",https://unoerpwiki.herokuapp.com/pt-br/Duplicidade-excel
Processos fora da aplicação,Validar XML SEFAZ RS,"Validar Xml Sefaz RS
Acessar a tela SGW0028 - NF-e Federal no ícone histórico, copiar a primarykeyERP:
Módulo Vendas: NF-e Federal → SGW0028 - NF-e Federal
Acessar o banco de notas do cliente, tabela gm_nfe_a00_atributo colar a primarykeyERP e pegar a PK_Grupo_A00:
Ir na tabela gm_nfe_adm_documento e preencher a PK_Grupo_A00, copiar os dados do campo DocXML:
Abrir o Notepad++ colar o conteúdo e pesquisar pelo tag <Signature, conforme abaixo:
Toda a parte selecionada abaixo deve ser apagada:
Ficando apenas o conteúdo abaixo, finalizando nas tags /infNFe></NFe>
Copiar o conteúdo acima e acessar o site: https://www.sefaz.rs.gov.br/NFE/NFE-VAL.aspx
Colar o conteúdo e clicar em Validar, após exibir o resultado clicar no ícone + para exibir a rejeição:","xml, validar, sefaz, rs",https://unoerpwiki.herokuapp.com/pt-br/validar-xml-sefaz-rs
Processos fora da aplicação,Validando Guia GNRE,"Validando Guia GNRE 
Tela:	Corpo: 
Descrição: Validar Guia quando gera erro ou fica em branco ao abrir.
Obs: modo pratico para validar antes de seguir os passos:
No titulo clicar no botão ‘excluir guia’   , depois clicar para abrir a guia novamente.
Caso não gere precisa validar:
As Guias GNRE só geram com","validando, guia, gnre",https://unoerpwiki.herokuapp.com/pt-br/validando-guia-GNRE
Processos fora da aplicação,Processos,"Processos
Conectar no Ambiente de Teste.
Conhecendo katalon e Criando Case.
Passo a Passo Para Executar e Leitura dos Testes",Nenhuma palavra-chave encontrada,https://unoerpwiki.herokuapp.com/pt-br/Suporte/processos
Processos fora da aplicação,Mapa mental - case de testes,,Nenhuma palavra-chave encontrada,https://unoerpwiki.herokuapp.com/pt-br/Suporte/mapamental
Processos fora da aplicação,Problemas de vpn que não conecta,"Erro de conxão Vpn
Solução 1: Usando o Gerenciador de Dispositivos
Passo 1: Pressione a tecla Windows + X juntos no teclado e selecione Gerenciador de dispositivos no menu de contexto.
Passo 2: Na janela Gerenciador de dispositivos, role para baixo e expanda os adaptadores de rede. Agora, clique com o botão direito do mouse em WAN Miniport (SSTP) e selecione Dispositivo de desinstalar no menu.
Passo 3: Repita o mesmo processo como mostrado no Passo 2 para desinstalar o dispositivo para todos os Miniports listados abaixo um por um:
Miniport WAN (PPTP)
Miniport WAN (PPPOE)
WAN Miniport (Monitor de Rede)
Miniport WAN (L2TP)
Miniporta de WAN (IPv6)
Miniport WAN (IP)
WAN Miniport (IKEv2)
Passo 4: Agora, clique na guia Ação na parte superior da janela e selecione Verificar alterações de hardware no menu de contexto.
Isso reinstalará todos os WAN Miniports novamente como era antes. Então, basicamente, ele os instala de forma fresca e agora sua VPN deve trabalhar de volta novamente.
Solução 2 : Desabilitar o Proxy
1. Pressione a tecla Windows + R para abrir a caixa de comandos de execução.
2. Escreva inetcpl.cpl nele e clique em OK.
3. Clique na guia Conexões na lista de guias superior.
4. Agora, clique em Configurações LAN.
5. Certifique-se de que usar um servidor proxy para sua LAN está desmarcado.
Tutorial em video","vpn, erro, conexão, não foi possivel estabelecer uma conexão com o computador remoto. talvez seja necessário alterar as configurações da rede para essa conexão",https://unoerpwiki.herokuapp.com/pt-br/Suporte/Erro-vpn-nao-conecta
Clientes,Thermomatic,"SSH Thermomatic
Descrição: Como acessar o SSH da Thermomatic.
Esse cliente possui uma forma diferente de validação para acessar o servidor, necessitando de um certificado.
Primeiramente devemos configurar os dados de acesso no Putty.
IP: 54.94.12.219
Porta: 22
Após preenchermos esses dados devemos ir até  onde iremos inserir o certificado de validação.
Primeiramente vamos clicar em SSH e expandir o menu, depois clicar em Auth.
No campo Browse vamos inserir o certificado que está anexado na ocorrência OC226634.
Após isso é só dar um open.
O usuário de acesso é: admin
Esse tipo de validação não precisa de senha.
Para logar como root o usuário é: sudo su
Também não precisa de senha.",thermomatic,https://unoerpwiki.herokuapp.com/pt-br/Thermomatic
Clientes,Processos Easytech customizados,"Processos Easytech Customizados
Tela: PLW0001D - Planej Compras Projetado	Corpo: Easytech
Permissões Relacionadas: PLW0001D - Planej Compras Projetado
O acesso a tela é pelo Módulo Compras: Planej Compras Projetado → PLW0001D - Planejamento de Compras Projetado:
Descrição dos Campos, Implicações e Exemplos:
Cod. Empresa: Empresas que serão consideradas na busca.
Cód. Família Comercial: Código da família comercial do produto.
Grupo Produto: Código do grupo do produto.
Fornecedor: Código do fornecedor para a compra do produto.
Desc. Comercial: Descrição comercial do produto.
Botão Calcular: Calcula a quantidade que é necessária para compra.
Botão Gera OC: Gera Ordem de Compra.
Cód. Produto: Permite listar itens de compra pelo código do produto.
Cód. Produto Fornec: Código do produto dentro do fornecedor.
Exportar TXT
Exporta os dados da lista em arquivo txt para ser utilizado em excel.
Consulta Produto
Abre a tela VDQ0002 - Busca de Produtos para consulta.
Nesta Tela o sistema irá considerar as empresas informadas e o número de meses para projetar o estoque
Demais Considerações:
Qtde a Comprar (considerando as empresas selecionadas) = ((Média de Vendas x Número de Meses Projetado) + Demanda) - (Comprado + Estoque Atual)
Considera apenas produtos com situação ativo, que possuem estoque mínimo cadastrado, que são do tipo Comprado ou Beneficiado e que a opção “atualiza estoque” está selecionada no item
Considera apenas itens que constam vinculados a Cod Fornecedor e Cod Produto Fornc (aba Fornecedores)
Módulo Cadastros Gerais: Produtos e serviços → CDW0201 - Produtos e Serviços;
A média de vendas considera apenas notas faturadas, onde a opção “estatística de venda” constava selecionada na Nop no momento do faturamento e que foram emitidas dentro do período informado no campo “Considerar Média de Vendas de”.
Segue abaixo um exemplo:
Qtde a Comprar (considerando as empresas selecionadas) = ((Média de Vendas x Número de Meses Projetado) + Demanda) - (Comprado + Estoque Atual)
De acordo com exemplo:
11,2224 (empresa 1) = ((5,5556 x 4) + 0 ) – (10 + 1 ) = 11,2224
Selecionar a linha do item, clicar no Botão Calcular e  o sistema Calcula a quantidade que é necessária para compra, clicando no Botão Gera OC é gerada uma Ordem de Compra (Pedido de compra) e clicando no botão Gerar requisições é gerado uma requisição de Compras:
Para acessar o Pedido de compra: Módulo Compras: Pedidos de Compra → CCW0001 - Pedidos de Compra
Para acessar a Requisição de Compras: Módulo Compras: Requisição de Compra → CCW0005 - Requisição de Compra
Processos Easytech Customizados
Tela: FNW0202M - Baixa CR Multi-Empresa
Corpo: 0001 (01.01)
Permissões Relacionadas: FNW0202M - Baixa CR Multi-Empresa
Na Easytech a quantidade de parcela dos títulos gerados são de acordo com a forma de pagamento, quando a opção “Reparcelas Automático no Faturamento” consta selecionada é habilitada a opção de Qtd parcelas: 
Preenchendo o campo Qtd Parcelas o sistema carrega as parcelas, Dias e Percentual.
O boleto abaixo foi criado com forma de pagamento Boleto 1X e vamos realizar uma baixa no título alterando a forma de pagamento para VISA 2X:
Clicando no ícone + é exibida a tela FND0210M - Baixa Detalhada Multiempresa, nessa tela alteramos a forma de pagamento e é exibido a quantidade de parcelas:
Quando clicar em Baixar o título será “reparcelado”, alterando o valor do título 300044/1 para 250,00R$ e criando um novo título 300044/2 de 250,00R$:
O título baixado fica conforme abaixo:
  Processos Easytech Customizados
Tela: VDW0110 – PDV
Corpo: 0001 (01.01)
Parâmetros Relacionados:
NOP Padrão Dentro do Estado
NOP Padrão Fora do Estado
NOP de Entrada Dentro do Estado
NOP de Entrada Fora do Estado
Quando é criado um pedido na Easytech as Nops são aplicadas automaticamente de acordo com o que consta preenchido no cadastro do cliente. Quando o cliente é cadastrado, o sistema valida o endereço do cliente para aplicar a Nop dentro ou fora do estado, que são definidas nos parâmetros NOP Padrão Dentro do Estado e NOP Padrão Fora do Estado.
Na tela de Notas Fiscais é possível ver a Nop utilizada no faturamento acima:
Módulo Vendas: Notas Fiscais → VDW0004 - Notas Fiscais
No cadastro do cliente consta a Nop vinculada:
Módulo Cadastros Gerais: Clientes → CDW0101 – Clientes
Para realizar a devolução ir em Recebimento informar o código do cliente, a Nop e clicar no botão Devolução:
Módulo Estoque: Recebimento → EQW0005 – Recebimentos
Após importar os itens, gravar o recebimento e clicar em confirmar:
Após o recebimento estar com a situação “Recebido Total” o botão “Gerar NF” é exibido, quando clicar no botão é gerado um pedido de acordo com a Nop preenchida nos parámetros NOP de Entrada Dentro do Estado e NOP de Entrada Fora do Estado.","easytech, processos, custumizados",https://unoerpwiki.herokuapp.com/pt-br/Processo-easytech
Clientes,Simulação de produção - Lasuvi - Calculo de quantidade necessária dos itens,"CÁLCULO DA QUANTIDADE NECESSÁRIA DOS ITENS – SIMULAÇÃO DE PRODUÇÃO – LASUVI
Para verificarmos a quantidade necessária de cada item, precisaremos inserir os itens que serão produzidos:
Basta clicar na lupa ou inserir os código dos itens e a quantidade a produzir.
Nesse caso iremos utilizar o exemplo do item 6937 da empresa Lasuvi
O item que iremos olhar é o 6272
Para isso precisaremos verificar como está o cadastro da estrutura dos produtos:
Nesse caso podemos notar que dentro da estrutura do item 6937, há outras 2 estruturas envolvidas
E em relação aos calculos?
Caso o produto seja um componente igual esses dois itens (1551 e 1708)
Podemos verificar a quantidade de cada item para o produto 6937 e multiplicar pelo número a ser produzido
 2000 (qtd a ser produzida) * 1,0 (qtdItem na estrutura) = 2000 
Porém e quando há um estrutura dentro da estrutura do produto?
Analisando esse caso temos 3 valores: quantidade a produzir, quantidade do item filho, quantidade do produto utilizada na estrutura do item filho:
Produtos e suas quantidades:
6937 – Produto Pai – 2000 a produzir
6936G – Produto Filho – 0,112 para cada item
6272 – Item da estrutura do produto filho (6936G) – 0,030 para cada item
2000 (qtd a ser produzida) * 0,030 (Item estrutura produto filho) = 60
60 * 0,112 (Produto filho) = 6,72 <- Esse será o valor que aparecerá no campo da tela de simulação de produção 2 no campo “Quantidade Necessária”.
Item 6272 = Qtd Necessária 6,72",simulacao de producao,https://unoerpwiki.herokuapp.com/pt-br/Simulacao-producao-lasuvi
Clientes,Vpn Circuibras,"VPN Circuibras
Os acessos a Circuibras devem ser feitos via VPN:
Acessar as configurações do Windows, VPN e clicar em Adicionar uma conexão VPN: 
Preencher os dados conforme abaixo e clicar em Salvar:
Chave Compartilhada: Circuibrasrumoaos40anos
Usuário: SuporteUNO
Senha: Curitiba2019
Após gravar selecionar a VPN e clicar em conectar:
Link de acesso a aplicação:
Ip de Produção - https://192.168.1.33/Circuibras//sgw0001.do?method=login
Ip de Teste - https://192.168.1.7/Circuibras//sgw0001.do?method=login
Obs: O acesso ao ambiente de testes (Desenv) é sinalizado também pelo logo aplicado:
Os dados de acesso ao servidor são:
Produção: 
IP: 192.168.1.33
Porta: 22
Teste/Desenv
Ip: 192.168.1.7
Porta: 22
O acesso ao Banco de dados é realizado com o Ip acima utilizando a porta 3306 para Produção e Teste/Desenv.
Após configurar os dados de acesso no Putty é necessário informar o usuário na opção Conection à","vpn, circuibras, vpn circuibras",https://unoerpwiki.herokuapp.com/pt-br/vpn-circuibras
Clientes,Corrigir volumes errados Tantrix,"Corrigir volumes errados Tantrix
Descrição do Problema:
Erro ao sincronizar pedidos por volumes incorretos.
No histórico do pedido fica o erro.
Conferir no PDF da nota o total de volumes enviados.
No servidor da Tantrix pegar o arquivo do pedido na pasta 07.
1 – Abrir a pasta 7
2 – localizar o arquivo pelo ID da nota.
3 – Copiar para área e trabalho o arquivo.
Abrir o arquivo txt usando o Notepad++. Tem que ser no Note para não desconfigurar o arquivo, pois ele tem um padrão para ser mandado para Serra.
Na posição 125 fica a quantidade de volumes enviados. Abaixo as posições do arquivo.
Posições do arquivo pasta 7.
Corrigir os volumes de acordo com o que consta no histórico do pedido. Muitas das vezes como neste caso foi mandado 2 volumes, porém foi separado como 1 volume. 
Como enviar:
Salvar o arquivo corrigido e salvar o PDF da nota referente, abrir na Serrapark a pasta 7 e colocar os dois arquivos na pasta, tem que ser os dois ao mesmo tempo.
Ao serem sincronizados os arquivos saem da pasta 7.","corrigir, volumes, errados, tantrix",https://unoerpwiki.herokuapp.com/pt-br/Volumes-errados-tantrix
Clientes,Criar arquivo da nota Tantrix,"Quando não gera arquivo da nota
Descrição do Problema:
Quando não gera arquivo da nota na pasta 7 e necessita criar manualmente para poder reenviar.
No servidor da Tantrix pegar um arquivo de algum pedido na pasta 07 e editar com as informações do pedido que não gerou.
Constante sempre 1, altera as demais informações. Exemplo acima quando transportadora for 2 – Correios.
Posições do arquivo.
Como reenviar:
Salvar o arquivo corrigido e salvar o PDF da nota referente, abrir na Serrapark a pasta 7 e colocar os dois arquivos na pasta, tem que ser os dois ao mesmo tempo.
Ao serem sincronizados os arquivos saem da pasta 7.","arquivo, criar, tantrix",https://unoerpwiki.herokuapp.com/pt-br/criar-arquivo-tantrix
Clientes,Reenviar pedidos não sincronizados Tantrix,"Reenviar pedidos não sincronizados Tantrix
Descrição do Problema:
Pedidos quando não sincronizam com a Serra Park.
Os pedidos que são enviados para a Serrapark devem estar na empresa 2
Critérios para envio:
Primeira analise
1 – Pedido tem que estar com a situação de Aprovado
2 – Itens do Pedido precisa possuir estoque
Quando o pedido não integra:
Acessar a pasta no servidor da Tantrix no caminho:
/var/apache-tomcat-8.0.35/webapps/UCOMMERCE/Tantrix/empresa/serrapark
Os arquivos gerados para envio dos pedidos a Serrapark ficam na Pasta 04 – EnvioSaida, abrir a pasta clicar em localizar arquivo, buscar pelo número do pedido entre *Asterisco* e dar foco.    
Processo para reenviar:
1 – Salvar o arquivo no desktop
2 – Acessar o ftp da Serrpark, abaixo dados do acesso.
Host: serrapark.dd.spiritlinux.com
Porta: 21
Usuário: tetrix
Senha: #tetrix16#
Incluir o arquivo do pedido salvo na pasta 4 da Serrapark.
Aguardar o Cron rodar e ver se o status do pedido foi alterado ou se no histórico do mesmo consta o recebimento na Serra.","pedidos, tantrix, sincronizados, reenviar",https://unoerpwiki.herokuapp.com/pt-br/Reenviar-pedidos-nao-sincronizados
Clientes,Atualização de certificado prefeitura de Itapecerica - empresa Rochacara,"Atualização certificado prefeitura de Itapecerica (Empresa Rochacara)
Problema:
No portal do E-notas http://app.enotasgw.com.br/login?returnUrl=%2F não tem a aba Certificado Digital para o município de Itapecerica da Serra:
A atualização é realizada pela Aba Dados municipais usando usuário e senha:
Solução
A integração no município de Itapecerica da Serra não requer certificado digital, sendo realizada através de usuário e senha de acesso ao portal, aba Dados municipais.
Para emitir via integração com as prefeituras do provedor e Transparencia, precisamos do Cod. Usuario e Cod. Contribuinte. Saiba abaixo como buscar esses dados:
Acessar o site abaixo:
Site: https://nfe.etransparencia.com.br/sp.itapecericadaserra/nfe/principal.aspx
1° Acessa com usuário e senha:
2° Após acessar é preciso selecionar a empresa correta:
Após selecionar a empresa ir em Cadastros básicos, Contribuintes (Prestadores e Tomadores) para visualizar o usuário:
Cod. contribuinte = Usuário de acesso à prefeitura no emissor:
Após selecionar a empresa ir em Sistema, Editar perfil para visualizar a senha:
Cod. Usuario =  Senha de acesso à prefeitura no emissor:
Com os dados em mãos ir no portal do E-notas http://app.enotasgw.com.br/login?returnUrl=%2F na aba Dados municipais e preencher o usuário e senha que validou no portal e clicar em próximo.
Na ocorrência 238040 consta uma planilha Acessos_prefeitura.xlsx com usuário e senha de acesso ao portal da prefeitura de todas as empresas da Rochacara.","certificado, atualização, rochacara, prefeitura, itapecerica",https://unoerpwiki.herokuapp.com/pt-br/Atualizacao-certificado-prefeitura
Clientes,Configurarção VPN Linkdata,Configurar VPN Link,"vpn, configurar, linkdata",https://unoerpwiki.herokuapp.com/pt-br/Configurar-vpn
Clientes,Easytech pedido de transferência,"VDW0110 – PDV Easytech – Pedido de Transferência
Tela: VDW0110 – PDV
Tela: EQW0005 – Recebimentos
Corpo: 0001 (01.01) 
Corpo: Easytech (01.03)
Parâmetros Relacionados:
NOP de Transferência Entre Lojas – Nop aplicada no Faturamento
NOP de Recebimento Entre Lojas – Nop aplicada no recebimento
Módulo Cadastros Gerais: Cadastros Iniciais → Parâmetros Iniciais → CDW0001 - Parâmetros do Sistema  - Módulo Vendas
Os pedidos da Easytech podem ser transferidos entre as lojas, por isso os clientes de Cod 1 á 5 são cadastrados de acordo com o código da empresa, cliente 1 empresa 1 e assim por diante.
Descrição da Solução:
Criar um pedido e definir o cliente de acordo com a empresa que será feita a transferência, criamos um pedido na empresa 3 e o mesmo será transferido para a empresa 1:
Após criar o pedido clicar no botão “Transferência”, o pedido é faturado na empresa 1:
O pedido é faturado na empresa 3 e gerado um recebimento na empresa 1:","pedido, easytech, transferencia",https://unoerpwiki.herokuapp.com/pt-br/Pdv-Easytech
Clientes,Easytech vincular titulo de credito no pedido,"VDW0110 – PDV Easytech – Vincular título de crédito no pedido
Tela: VDW0110 – PDV	Corpo: 0001 (01.01)
Descrição do problema:
Como vincular um título de crédito na tela de pedidos da Easytech VDW0110 – PDV.
Descrição da Solução:
O cliente precisa ter um título de crédito criado:
Módulo Financeiro: Contas a Receber → FNW0201 - Contas a Receber
Depois do pedido criado, ir na tela de VDW0005 - Faturamento onde é informado as formas de pagamento:
Módulo Vendas: Faturamento (NF) → VDW0005 – Faturamento
Clicar sobre o pedido e será acionada a tela VDD0083 - Fechamento de Venda:
Na opção forma de Pagamento informar a opção “Crédito Cliente” ou a forma parametrizada conforme acima, com isso o sistema exibe o ícone 
Clicando sobre o ícone 
 é exibida a tela VDD0025 - Créditos do cliente:
Buscar os títulos de crédito, depois clicar no botão utilizar créditos e fechar a tela, dessa forma o pedido já consta vinculado ao título de crédito:","pdv, titulo, credito, pedido, vincular, easytech",https://unoerpwiki.herokuapp.com/pt-br/Easytech-pdv
Clientes,E-NOTAS NFS-e Bo Staefa,"E-Notas NFS-e BO
O BO ENotasNFSeBO tem como finalidade atribuir o municipio de prestação do serviço o Municipio que estiver no endereço de faturamento do pedido e caso esse não esteja preenchido será considerado o endereço de entrega.
Script de inclusão do BO:
REPLACE INTO `sg_bo_custom` (`sistema`,`nome_objeto`,`descricao`,`nome_objeto_custom`) VALUES ('VD','ENotasNFSeBO','Utilização do município do endereço de faturamento.','ENotasNFSeBOEnderecoNF');","bo, enotas, nsf-e, staefa",https://unoerpwiki.herokuapp.com/pt-br/E-notas-nfs-e-Staefa
Clientes,Bo E-notas NFS-e Bo Staefa - Atribuir o município de prestação do serviço,"BO ENotasNFSeBO Staefa - Atribuir o municipio de prestação do serviço
Tela:	Corpo: 
O BO ENotasNFSeBO tem como finalidade atribuir o municipio de prestação do serviço o Municipio que estiver no endereço de faturamento do pedido e caso esse não esteja preenchido será considerado o endereço de entrega.
Script de inclusão do BO:
REPLACE INTO `sg_bo_custom` (`sistema`,`nome_objeto`,`descricao`,`nome_objeto_custom`) VALUES ('VD','ENotasNFSeBO','Utilização do município do endereço de faturamento.','ENotasNFSeBOEnderecoNF'); 
O BO pode ser localizado no cliente Staefa e somente pega o endereço do cadastro do cliente, se definir o endereço apenas no pedido de venda não vai ser acatado.
Abaixo um exemplo:
Como fica na Nota:","e-notas, bo, serviço, nfs-e, staefa, municipio, prestação",https://unoerpwiki.herokuapp.com/pt-br/atribuir-municipio-prestacao
Clientes,Atualização Sorenge,"SGW0025 – Update Sorenge
Tela: SGW0025 – Update Sorenge
Descrição do problema:
Ao atualizar o cliente Sorenge (banco de dados e aplicação) a aplicação fica fora devido ao BI do cliente, sendo necessário executar os passos abaixo para subir a aplicação:
Descrição da Solução:
Após atualizar o banco de dados e aplicar o comando para subir a aplicação é necessário realizar os passos abaixo:
Digitar o comando abaixo para acessar a pasta init.d:
cd /etc/init.d/
Depois de acessar a pasta, digitar os comandos abaixo em sequência:
./biserver stop
./tomcat stop
killall -9 java
./tomcat start
Depois que a aplicação estiver no ar, pode dar start no BI, comando abaixo:
./biserver start","atualização, sorenge",https://unoerpwiki.herokuapp.com/pt-br/update-sorenge
Clientes,Painel NFS-e - Plexus Centralização de emissão de Nfs-e,"SGW0042 - Painel NFS-e – Plexus Centralização de emissão de Nfse
SGW0042 - Painel NFS-e
Parâmetros relacionados
API Key para integração com o parceiro de NFS-e E-Notas
ID Empresa para integração com o parceiro de NFS-e E-notas
A Plexus emite notas de serviços de todas as empresas pela empresa 1, cada empresa tem seus parâmetros e regras porém o faturamento é feito na empresa 1 e exibido o faturamento de todas as empresas na tela da empresa 1.
Foi feito um desenvolvimento, e pela SÉRIE é definido a empresa que será emitido, então o processo de faturamento é feito pela empresa 1 e os dados utilizado para emitir a NF pode ser de outras empresas. 
Via banco de dados é possível visualizar de qual empresa é a série, onde o cod_empresa é onde vai ser gerada a nota (centralizado) e cod_empresa_nf de qual empresa é originado:
Tabela vd_serie:
Por exemplo a série BET ela foi criada na empresa 2 mas o faturamento é centralizado na empresa 1:
Caso seja necessário abrir Ticket no E-notas é necessário identificar de qual série é a nota, para assim identificar de qual empresa ela é originada, pois apesar da centralização do faturamento na empresa 1, cada empresa tem seu API Key e ID distinto:
Por exemplo, foi aberta uma ocorrência sobre a nota da série BET:
Via banco de dados sabemos que a série BET é da empresa 2 cod_empresa_nf:
 (Tabela vd_serie)
Portanto os dado de ID, CNPJ e API Key serão consultados na empresa 2:
Módulo Cadastros Gerais: Cadastros Iniciais → Parâmetros Iniciais → CDW0001 - Parâmetros do Sistema – Módulo Nfs Eletrônica:","centralização, nfs-e, painel, plexus",https://unoerpwiki.herokuapp.com/pt-br/Painel-plexus-centralisacao
Template,Template - Manual em branco kcs,"Modelo KCS Branco
Tela:	Corpo:","kcs, tamplate, branco",https://unoerpwiki.herokuapp.com/pt-br/Suporte/Modelo-kcs-branco
Rejeições NFE,Rejeição: 201 - O número máximo de numeração de NF-e a inutilizar ultrapassou o limite.,"Rejeição

A rejeição 201 ""O número máximo de numeração de NF-e a inutilizar ultrapassou o limite"" ocorre quando se tenta inutilizar mais de 10.000 números de NF-e.

Dicas

Solução 

Para inutilizar todos os números, é preciso fazer mais de um registro. Por exemplo, inutilizar a faixa de 1 a 10.001 e depois a faixa de 10.002 a 10.002. 
Informar um número menor de notas a ser inutilizado. 
Verificar a numeração a ser inutilizada. 

Como consultar o status de uma NF-e inutilizada? 

É possível consultar o status de uma NF-e inutilizada gratuitamente no Portal Nacional da Nota Fiscal Eletrônica (www.nfe.fazenda.gov.br).","nfe, erros comuns nfe, resoluções nfe, erros comuns e resoluções - nf-e, erros comuns e resoluções - nfe",https://unoerpwiki.herokuapp.com/pt-br/menu-implantacao/configuracao-plugins/configuracao-nf-e/erros-nfe/rejeicao-201
Rejeições NFE,Rejeição: 202 - Falha no reconhecimento da autoria ou integridade do arquivo digital.,"Rejeição
Rejeição: 202 - Falha no reconhecimento da autoria ou integridade do arquivo digital.
Causa
Motivo
Essa rejeição indica uma falha no 'namespace' do arquivo template utilizado para a UF, entretanto, quase sempre trata-se de alguma falha técnica na própria Sefaz.
Exceções
Para essa regra de validação, não há exceções nem observações.
Exemplo
Não há.
Como Resolver no UNO ERP
Para corrigir esse problema, deve se aguardar alguns minutos e reprocessar o arquivo. Caso a situação não seja solucionada, será necessário entrar em contato com a Sefaz do estado emissor.
Referência
www.oobj.com.br/erro-202
Dicas
Erro pode vir em conjunto com outro código, da qual, ao solucionado o outro código, este não seja mais apresentado.","nfe, erros comuns nfe, resoluções nfe, erros comuns e resoluções - nf-e, erros comuns e resoluções - nfe",https://unoerpwiki.herokuapp.com/pt-br/menu-implantacao/configuracao-plugins/configuracao-nf-e/erros-nfe/rejeicao-202
Rejeições NFE,Rejeição: 203 - Emissor não habilitado para emissão de NF-e.,"Rejeição

A rejeição ""Emissor não habilitado para emissão da NF-e"" significa que a empresa não está autorizada pela SEFAZ (Secretaria da Fazenda) do seu estado a emitir a nota fiscal.

Motivos da rejeição 

A empresa está em situação irregular perante o Fisco
O CNPJ da empresa ainda não foi credenciado na SEFAZ
A empresa tem pendências na SEFAZ ou na Receita Federal
Dicas

Como resolver 

Consulte a sua Inscrição Estadual ou CNPJ através do SINTEGRA ou do Cadastro Centralizado de Contribuintes (CCC) 
Entre em contato com o seu contador 
Situação de empresas recém-criadas 
Empresas recém-criadas que ainda estão em processo de cadastramento na SEFAZ podem apresentar esta rejeição. 
Considerações sobre o credenciamento 
Cada estado tem autonomia para trabalhar por conta própria, logo os credenciamentos variam de uma UF para outra.","nfe, erros comuns nfe, resoluções nfe, erros comuns e resoluções - nf-e, erros comuns e resoluções - nfe",https://unoerpwiki.herokuapp.com/pt-br/menu-implantacao/configuracao-plugins/configuracao-nf-e/erros-nfe/rejeicao-203
Rejeições NFE,Rejeição: 204 - Duplicidade de NF-e. OK,"Rejeição

Esta rejeição ocorre quando o número da NF-e já foi autorizado anteriormente na Secretaria da Fazenda (Sefaz), causando o erro de duplicidade

Este erro ocorre também pode acontecer quando a Sefaz passa por uma instabilidade, pois durante a instabilidade a Sefaz autoriza a NF-e mas não retorna como Emitida com sucesso.

Dicas

Dessa forma, apenas siga consultando a nota de tempo em tempo na lupa que fica ao lado direito da nota com o erro em questão 

Caso a sefaz esteja passando por instabilidade, é recomendado consultar a nota de 15 em 15 minutos, para que a mesma não seja bloqueada pela sefaz!","nfe, erros comuns nfe, resoluções nfe, erros comuns e resoluções - nf-e, erros comuns e resoluções - nfe",https://unoerpwiki.herokuapp.com/pt-br/menu-implantacao/configuracao-plugins/configuracao-nf-e/erros-nfe/rejeicao-204
Rejeições NFE,Rejeição: 205 - NF-e está denegada na base de dados da SEFAZ.,"Rejeição

A rejeição 205 significa que a nota fiscal eletrônica (NF-e) está denegada na base de dados da SEFAZ. Isso acontece quando a numeração da nota já foi utilizada anteriormente e está denegada. 

Motivos para a denegação de uma NF-e 

Problemas com o CNPJ ou Inscrição Estadual da empresa
Irregularidade do CNPJ do destinatário na SEFAZ
Pendências do emitente junto à Secretaria da Fazenda/Receita
Pendências do destinatário junto à SEFAZ, como CPF suspenso ou dívida ativa

O que fazer se houver uma sequência de notas denegadas? 

Caso tenha este retorno com uma sequência de notas, é necessário consultar sua contabilidade e verificar o motivo das notas estarem como denegadas. 

Dicas

Para resolver a rejeição 205, é necessário emitir uma nova nota fiscal com um número diferente.","nfe, erros comuns nfe, resoluções nfe, erros comuns e resoluções - nf-e, erros comuns e resoluções - nfe",https://unoerpwiki.herokuapp.com/pt-br/menu-implantacao/configuracao-plugins/configuracao-nf-e/erros-nfe/rejeicao-205
Rejeições NFE,Rejeição: 206 - NF-e já está inutilizada na base de dados da SEFAZ.,"Rejeição

A rejeição 206 ""NF-e já está inutilizada na base de dados da SEFAZ"" ocorre quando a numeração da nota fiscal já foi inutilizada. Para resolver, é necessário emitir uma nova nota fiscal com um número diferente. 

Por que ocorre a rejeição? 

A rejeição 206 pode ocorrer quando: 

Uma faixa de notas fiscais é inutilizada, mas o sistema emissor não está preparado corretamente 
Uma numeração que já foi inutilizada é reutilizada 
Como consultar as numerações inutilizadas? 
Você pode consultar as numerações inutilizadas no site da SEFAZ do seu estado. 
Dicas

Como resolver? 

Confirme se o número da nota já foi inutilizado consultando o site da SEFAZ 
Emita uma nova nota fiscal com um número diferente. 
Se a rejeição ocorrer em uma sequência de notas, verifique com a contabilidade qual é o próximo número que deve ser emitido.","nfe, erros comuns nfe, resoluções nfe, erros comuns e resoluções - nf-e, erros comuns e resoluções - nfe",https://unoerpwiki.herokuapp.com/pt-br/menu-implantacao/configuracao-plugins/configuracao-nf-e/erros-nfe/rejeicao-206
Rejeições NFE,Rejeição: 207 - CNPJ do emitente inválido.,"Rejeição

A rejeição 207 significa que o CNPJ do emitente é inválido. Isso pode acontecer por vários motivos, como o tamanho do CNPJ, o posicionamento dos números ou o dígito verificador.

Dicas

Para resolver a rejeição 207, você pode: 

Verificar se o CNPJ está correto no sistema
Consultar o site da Receita Federal para verificar se o cadastro está ativo e correto
Verificar se o CNPJ está credenciado como emissor de NF-e, verificar se a situação do CNPJ está habilitada
Verificar se a situação IE está habilitada
Verificar do status do seu cadastro na SEFAZ","nfe, erros comuns nfe, resoluções nfe, erros comuns e resoluções - nf-e, erros comuns e resoluções - nfe",https://unoerpwiki.herokuapp.com/pt-br/menu-implantacao/configuracao-plugins/configuracao-nf-e/erros-nfe/rejeicao-207
Rejeições NFE,Rejeição: 208 - CNPJ do destinatário inválido.,"Rejeição

A rejeição 208 significa que o CNPJ do destinatário está inválido, ou seja, foi informado incorretamente. Isso pode acontecer ao emitir uma nota fiscal eletrônica. 

Causas da rejeição 208 

O CNPJ foi preenchido com zeros
O dígito verificador está incorreto
O número de dígitos do CNPJ é diferente de 14
Dicas

Como resolver a rejeição 208 

Para resolver a rejeição 208, deve informar o CNPJ válido do destinatário, que exista no Sintegra. Depois, basta inutilizar a NFe errada, recarregar a empresa no pedido e faturar novamente.","nfe, erros comuns nfe, resoluções nfe, erros comuns e resoluções - nf-e, erros comuns e resoluções - nfe",https://unoerpwiki.herokuapp.com/pt-br/menu-implantacao/configuracao-plugins/configuracao-nf-e/erros-nfe/rejeicao-208
Rejeições NFE,Rejeição: 209 - IE do emitente inválida.,"Motivos da rejeição

A rejeição 209 ""IE do emitente inválida"" ocorre quando a Inscrição Estadual (IE) do emitente não está válida. Isso pode acontecer por vários motivos, como: 

O código da IE está fora do padrão exigido (entre 2 e 14 caracteres numéricos)
O posicionamento de alguns números está incorreto
O dígito verificador está errado
A IE não está vinculada ao CNPJ
Dicas de correção

Para corrigir esse problema:

Se o erro for no cadastro do cliente:

Precisa validar no cadastro a IE que esta cadastrada de acordo as informações do SINTEGRA:

Para fazer a validação, clique no botão ‘Sintegra’, coloque a UF do cliente e consulte:","nfe, erros comuns nfe, resoluções nfe, erros comuns e resoluções - nf-e, erros comuns e resoluções - nfe",https://unoerpwiki.herokuapp.com/pt-br/menu-implantacao/configuracao-plugins/configuracao-nf-e/erros-nfe/rejeicao-209
Rejeições NFE,Rejeição: 210 - IE do destinatário inválida.,"Rejeição

Rejeição: IE do destinatário invalida.

Dicas

No cadastro mostra que a IE do cliente do é RJ, mas o endereço definido no pedido é de SP, por este motivo  SEFAZ não valida.","nfe, erros comuns nfe, resoluções nfe, erros comuns e resoluções - nf-e, erros comuns e resoluções - nfe",https://unoerpwiki.herokuapp.com/pt-br/menu-implantacao/configuracao-plugins/configuracao-nf-e/erros-nfe/rejeicao-210
Rejeições NFE,Rejeição: 211 - IE do substituto inválida.,"Rejeição

A rejeição 211 significa que a Inscrição Estadual do Substituto Tributário (IEST) foi informada incorretamente. 

Causa:

A IEST informada no cadastro da empresa é inválida
Dicas

Como resolver :

Verifique se a IEST cadastrada está correta
Edite a IEST caso esteja errada
Exclua a IEST caso não esteja cadastrada
Clique em ""Salvar""
Saia e entre no sistema novamente
Tente Gerar a NF-e novamente

Considerações :

A IEST é única para cada UF (Estado) 
Na validação da IEST são consideradas as regras da UF do Local de Entrega para operação de Faturamento Direto de veículos novos 
Nos demais casos, são consideradas as regras da UF do destinatário 
A IEST do Substituto Tributário deve ser diferente da IE do emitente e do destinatário","nfe, erros comuns nfe, resoluções nfe, erros comuns e resoluções - nf-e, erros comuns e resoluções - nfe",https://unoerpwiki.herokuapp.com/pt-br/menu-implantacao/configuracao-plugins/configuracao-nf-e/erros-nfe/rejeicao-211
Rejeições NFE,Rejeição: 212 - Data de emissão NF-e posterior à data de recebimento.,"Rejeição

A rejeição 212 ocorre quando a","nfe, erros comuns nfe, resoluções nfe, erros comuns e resoluções - nf-e, erros comuns e resoluções - nfe",https://unoerpwiki.herokuapp.com/pt-br/menu-implantacao/configuracao-plugins/configuracao-nf-e/erros-nfe/rejeicao-212
Rejeições NFE,Rejeição: 213 - CNPJ base do Emitente difere do CNPJ base do Certificado Digital. OK,"Rejeição
Rejeição: 213 - CNPJ base do Emitente difere do CNPJ base do Certificado Digital
Causa
Motivo
Quando uma NF-e for emitida com um CNPJ-Base (CNPJ do emitente) diferente do CNPJ-Base do Certificado Digital, será retornado a rejeição ""213 - CNPJ-Base do Autor difere do CNPJ-Base do Certificado Digital"".

Há duas situações em que pode ocorrer essa situação:

Quando o CNPJ-Base do emitente for informado errado;
Quando a NF-e for assinada com um Certificado Digital errado.
Exceções
À Criar
Exemplo
À Criar
Como Resolver no UNO ERP
Deve-se verificar se o CNPJ-Base do emitente foi informado corretamente na NF-e. Caso esteja correto o CNPJ-Base do emitente, é preciso confirmar se o Certificado Digital usado para assinar a NF-e é realmente o certificado emitido para o CNPJ-Base do emitente.
Entrar em contato com empresa/cliente e validar se o CNPJ e o certificado estão corretos, de acordo com o CNPJ cadastrado.
Referência
www.oobj.com.br/erro-213
Dicas
Erro pode vir em conjunto com outro código, da qual, ao solucionado o outro código, este não seja mais apresentado.","nfe, erros comuns nfe, resoluções nfe, erros comuns e resoluções - nf-e, erros comuns e resoluções - nfe",https://unoerpwiki.herokuapp.com/pt-br/menu-implantacao/configuracao-plugins/configuracao-nf-e/erros-nfe/rejeicao-213
Rejeições NFE,Rejeição: 214 - Tamanho da mensagem excedeu o limite estabelecido.,"Detalhe do Erro

A rejeição 214 significa que a mensagem enviada à SEFAZ excedeu o limite de tamanho estabelecido. 

Onde ocorre a rejeição 214? 

Ao emitir uma NF-e
Ao emitir um CT-e
Ao tentar realizar o processo de Envio de Nota Fiscal Eletrônica pelo componente FISFP093

O que é o limite de tamanho da mensagem?

O limite de tamanho do arquivo que deve ser transmitido à SEFAZ para se obter a autorização de uso é de 500 Kbytes
Dicas de Correção

O que fazer para resolver a rejeição 214? 

Reduzir o tamanho da mensagem enviada à SEFAZ
Dividir a mensagem em duas ou mais NFS-e
Resumir as informações de forma que ocupem menos caracteres

Como reduzir o tamanho da mensagem? 

Dividir a NF-e em outras 2 
Caso a NF-e contenha muitos produtos, divida esses produtos e emita 2 NFS-e com numerações diferentes para esse mesmo cliente 
Eliminar itens do documento","nfe, erros comuns nfe, resoluções nfe, erros comuns e resoluções - nf-e, erros comuns e resoluções - nfe",https://unoerpwiki.herokuapp.com/pt-br/menu-implantacao/configuracao-plugins/configuracao-nf-e/erros-nfe/rejeicao-214
Rejeições NFE,Rejeição: 215 - Falha no schema XML. OK,"Rejeição

Falha no schema XML - Ocorre quando o arquivo XML da nota fiscal não segue as regras do schema XSD exigido pela SEFAZ

Dicas

Este erro se trata, quando na descrição da inutilização de Nf, contem menos de 15 caracteres ou caracteres especiais. É necessário descrever a inutilização com no mínimo 15 linhas e sem caracteres especiais.","nfe, erros comuns nfe, resoluções nfe, erros comuns e resoluções - nf-e, erros comuns e resoluções - nfe",https://unoerpwiki.herokuapp.com/pt-br/menu-implantacao/configuracao-plugins/configuracao-nf-e/erros-nfe/rejeicao-215
Rejeições NFE,Rejeição: 216 - Chave de acesso difere da cadastrada.,"Rejeição

A rejeição 216 significa que a chave de acesso informada é diferente da que está cadastrada na base de dados da SEFAZ. 

Pode ocorrer quando: 

Tenta transmitir uma nota fiscal para a SEFAZ
Tenta vincular um evento a uma NF-e autorizada
Tenta consultar um CT-e
Dicas

Para corrigir, deve informar a chave de acesso que consta na base de dados do órgão autorizador. 

Como corrigir? 

Verifique a numeração do documento 
Certifique-se de que todos os campos que compõem a chave de acesso coincidem com os dados do documento original 

Este erro pode ocorrer quando: 

Já existe uma NFC-e na base de dados da SEFAZ para o mesmo CNPJ 
A Sefaz passa por uma instabilidade","nfe, erros comuns nfe, resoluções nfe, erros comuns e resoluções - nf-e, erros comuns e resoluções - nfe",https://unoerpwiki.herokuapp.com/pt-br/menu-implantacao/configuracao-plugins/configuracao-nf-e/erros-nfe/rejeicao-216
Rejeições NFE,Rejeição: 217 - NF-e não consta na base de dados da SEFAZ. OK,"Rejeição

Rejeição: NF-e não consta na base de dados da SEFAZ

Dicas

Para resolver a Rejeição 217: NF-e não consta na base de dados da SEFAZ, será necessário consultar a chave de acesso da NF-e em questão no portal nacional da SEFAZ ou no portal estadual da SEFAZ. Caso não encontrada no portal nacional consulte também no portal estadual. Caso não consiga, poderá entrar em contato com o suporte para resolução do problema.","nfe, erros comuns nfe, resoluções nfe, erros comuns e resoluções - nf-e, erros comuns e resoluções - nfe",https://unoerpwiki.herokuapp.com/pt-br/menu-implantacao/configuracao-plugins/configuracao-nf-e/erros-nfe/rejeicao-217
Rejeições NFE,Rejeição: 234 - IE do destinatário não vinculada ao CNPJ. OK,"Rejeição

Esta rejeição ocorre quando a o CNPJ do cliente está com a situação BAIXADO ou a IE foi preenchida de forma incorreta no cadastro do cliente, por conta disso a SEFAZ retorna com a mensagem “IE do destinatário não vinculada ao CNPJ”. 

Dicas

É necessário conferir o CNPJ do cliente no site do SINTEGRA pelo seguinte link: http://www.sintegra.gov.br/  por lá é possível conferir se o CNPJ está ativo e o número correto da IE. 

Caso o CNPJ esteja com a situação BAIXADO é necessário orientar o solicitante a conferir essa informação com o cliente.

Caso seja necessário corrigir a IE no cadastro, seguir os seguintes passos para emitir a nota com os dados corretos:

Inutilizar a nota que está com a rejeição e reabrir o pedido.
Corrigir o cadastro do cliente.
Acessar o pedido de venda e recarregar o cliente. 

Após essas validações é só realizar o faturamento.","nfe, erros comuns nfe, resoluções nfe, erros comuns e resoluções - nf-e, erros comuns e resoluções - nfe",https://unoerpwiki.herokuapp.com/pt-br/menu-implantacao/configuracao-plugins/configuracao-nf-e/erros-nfe/rejeicao-234
Rejeições NFE,Rejeição: 235 - Inscrição SUFRAMA inválida.,"Rejeição

A Rejeição 235: Inscrição SUFRAMA inválida basicamente ocorre quando o cliente tenta fazer uma emissão de nota e a SUFRAMA não está informada ou está informada, porém, incorreta ou também com o código SUFRAMA preenchidos com zero (0) ou ainda com a numeração e digito verificador inválido.

Dicas

Como resolver? 

Para solucionar esta rejeição, precisa validar com o cliente ou contabilidade qual a numeração e digito verificar correto para o cliente, cadastrar ele agora com a numeração correta e fazer novamente a emissão.","nfe, erros comuns nfe, resoluções nfe, erros comuns e resoluções - nf-e, erros comuns e resoluções - nfe",https://unoerpwiki.herokuapp.com/pt-br/menu-implantacao/configuracao-plugins/configuracao-nf-e/erros-nfe/rejeicao-235
Rejeições NFE,Rejeição: 236 - Chave de acesso com dígito verificador inválido.,"Rejeição

A rejeição 236 ""Chave de Acesso com dígito verificador inválido"" ocorre quando o dígito verificador da chave de acesso não corresponde ao cálculo dos outros dígitos. 

A rejeição 236 pode ocorrer por:

A chave de acesso informada pertencer a outro documento fiscal que não seja uma NF-e

Conter espaços, pontos ou traços na chave acesso

Possuir algum número incorreto ou faltante

A formação dos campos da chave não estiver correta

Houver algum erro no processo de cálculo do dígito verificador

Dicas

Para resolver essa rejeição, você pode: 

Verificar se a chave de acesso foi gerada corretamente pelo sistema emissor 
Validar se a chave está digitada corretamente 
Revisar o processo de formação da chave de acesso, garantindo que todos os campos estejam corretamente preenchidos
Garantir que o cálculo do dígito verificador seja feito de acordo com as especificações do manual do contribuinte 
Gerar uma nova chave de acesso no sistema 
Reenviar a NF-e com a chave de acesso correta","nfe, erros comuns nfe, resoluções nfe, erros comuns e resoluções - nf-e, erros comuns e resoluções - nfe",https://unoerpwiki.herokuapp.com/pt-br/menu-implantacao/configuracao-plugins/configuracao-nf-e/erros-nfe/rejeicao-236
Rejeições NFE,Rejeição: 237 - CPF do destinatário inválido.,"Detalhes do erro

Essa rejeição ocorre pelo preenchimento errado do CPF no contato no cadastro do cliente.

Dicas de correção

Para corrigir esse problema, basta acessar o cadastro de clientes: ‘Cadastros Gerais’ → ‘Clientes’

Acesse o cadastro do cliente a ser corrigido e vá na aba de contatos:

Assim você pode validar os números no cadastro do CPF, corrigir e após isso, basta recarregar o cliente no pedido e faturar novamente.","nfe, erros comuns nfe, resoluções nfe, erros comuns e resoluções - nf-e, erros comuns e resoluções - nfe",https://unoerpwiki.herokuapp.com/pt-br/menu-implantacao/configuracao-plugins/configuracao-nf-e/erros-nfe/rejeicao-237
Rejeições NFE,Rejeição: 238 - Cabeçalho Versão do arquivo XML superior a versão vigente.,"Rejeição

A rejeição ""238: Cabeçalho - Versão do arquivo XML superior à Versão vigente"" ocorre quando a versão do arquivo XML da NF-e enviada para a SEFAZ é superior à versão vigente suportada pelo sistema autorizador. Isso pode acontecer quando o sistema emissor utiliza uma versão mais recente do que a versão homologada pela SEFAZ.

A SEFAZ define uma versão específica do schema XML que deve ser utilizada para a emissão de NF-e. Se o arquivo XML enviado estiver em uma versão superior à suportada, a SEFAZ rejeita a nota fiscal.

Dicas
Como Resolver

Para resolver a rejeição 238, siga os passos abaixo:

Verifique a versão do schema XML com o suporte. A versão deve ser exatamente a mesma que está vigente na SEFAZ.
Refaça o processo novamente dentro do sistema e gere o arquivo XML da NF-e com a versão correta do schema.","nfe, erros comuns nfe, resoluções nfe, erros comuns e resoluções - nf-e, erros comuns e resoluções - nfe",https://unoerpwiki.herokuapp.com/pt-br/menu-implantacao/configuracao-plugins/configuracao-nf-e/erros-nfe/rejeicao-238
Rejeições NFE,Rejeição: 239 - Cabeçalho Versão do arquivo XML não suportada.,"Detalhes do erro

A Rejeição 239 ocorre quando o cabeçalho do arquivo XML enviado para o WebService da SEFAZ não é suportado. Isso acontece porque a versão do XML utilizada não está de acordo com as especificações exigidas pela SEFAZ.

Na prática, isso significa que o cabeçalho do arquivo que está sendo enviado ao WebService não está de acordo com os padrões atualmente exigidos. Dessa maneira, o WebService recusa a recepção do arquivo e envia a rejeição informando a incompatibilidade.

Dicas de correção

Esse rejeição precisa ser tratada internamente pela UNO, sendo assim, se isso ocorrer, entrem em contato imediatamente com o suporte para efetuarmos a correção o quanto antes!!!

Se ocorrer, entrem em contato pelo portal ‘Extranet’ de ocorrências ou liguem nos números do suporte.

 

Apenas para fins de conhecimento:

Para resolver a Rejeição 239: Cabeçalho - Versão do arquivo XML não suportada, é necessário alterar o conteúdo do campo versao para ""4.00"". Além disso, todo o layout do XML deve estar de acordo com as exigências da NF-e 4.00, conforme estabelecido pela NT 2016.002.","nfe, erros comuns nfe, resoluções nfe, erros comuns e resoluções - nf-e, erros comuns e resoluções - nfe",https://unoerpwiki.herokuapp.com/pt-br/menu-implantacao/configuracao-plugins/configuracao-nf-e/erros-nfe/rejeicao-239
Rejeições NFE,Rejeição: 240 - Cancelamento/Inutilização – Irregularidade fiscal do emitente.,"Rejeição

A rejeição 240 ""Cancelamento/Inutilização - Irregularidade Fiscal do Emitente"" indica que a SEFAZ encontrou irregularidades no cadastro do emitente. 

Quando ocorre a rejeição 240? 

A rejeição 240 ocorre quando o emitente tenta cancelar ou inutilizar a numeração de uma nota fiscal e a SEFAZ encontra irregularidades no cadastro do emitente. 

Dicas

Como resolver:

Verifique a situação do cadastro do emitente junto à SEFAZ do Estado 
Peça ao cliente que entre em contato com o Posto Fiscal mais próximo e resolva a irregularidade 
Após a regularização, realize o cancelamento ou a inutilização da NF-e","nfe, erros comuns nfe, resoluções nfe, erros comuns e resoluções - nf-e, erros comuns e resoluções - nfe",https://unoerpwiki.herokuapp.com/pt-br/menu-implantacao/configuracao-plugins/configuracao-nf-e/erros-nfe/rejeicao-240
Rejeições NFE,Rejeição: 241 - Um número da faixa já foi utilizado. OK,"Rejeição

Rejeição: Um número da faixa já foi utilizado

Dicas

A mensagem ""Um número da faixa já foi utilizado"" é uma rejeição (241) que ocorre quando se tenta inutilizar uma numeração de nota fiscal que já foi usada ou constou intermitência na Sefaz e a  nota já foi processada mas o usuário consulta novamente antes de confirmar a validação. Orientamos que aguarde a nota ser validada ou invalidade pela SEFAZ e retransmitir novamente.","nfe, erros comuns nfe, resoluções nfe, erros comuns e resoluções - nf-e, erros comuns e resoluções - nfe",https://unoerpwiki.herokuapp.com/pt-br/menu-implantacao/configuracao-plugins/configuracao-nf-e/erros-nfe/rejeicao-241
Rejeições NFE,Rejeição: 242 - Cabeçalho – Falha no schema XML.,"Rejeição

 

A rejeição 242 ""Cabeçalho - Falha no Schema XML"" ocorre quando o arquivo XML não segue as regras do schema XSD exigido pela SEFAZ. 

Causas 

Caracteres especiais no arquivo
Campos com mais informações do que o permitido
Falta do elemento nfeCabecMsg no Header do envelope SAOP
Dicas

Como resolver :

Entre em contato com o time de suporte pelo extranet e relate sobre o erro anexando o XML completo, para que seja feita a correção do código dentro do sistema.","nfe, erros comuns nfe, resoluções nfe, erros comuns e resoluções - nf-e, erros comuns e resoluções - nfe",https://unoerpwiki.herokuapp.com/pt-br/menu-implantacao/configuracao-plugins/configuracao-nf-e/erros-nfe/rejeicao-242
Rejeições NFE,Rejeição: 243 - XML mal formado.,"Detalhes do erro

A formação correta de arquivos XML depende de algumas regras a serem seguidas. Tags que são abertas e não são fechadas, caracteres inválidos dentro das tags de abertura e fechamento, influenciam diretamente na validação da estrutura de um arquivo XML.

 

Dicas de correção

Para resolver a Rejeição 243: XML Mal Formado, verifique a estrutura do arquivo XML, pois não está de acordo com o Schema definido pela SEFAZ. Isso pode ser causado por espaços em branco entre as tags, tags que podem estar abertas e não fechadas, caracteres inválidos dentro das tags.

Caso ocorra esse erro, entre em contato com nosso suporte para validação.","nfe, erros comuns nfe, resoluções nfe, erros comuns e resoluções - nf-e, erros comuns e resoluções - nfe",https://unoerpwiki.herokuapp.com/pt-br/menu-implantacao/configuracao-plugins/configuracao-nf-e/erros-nfe/rejeicao-243
Rejeições NFE,Rejeição: 244 - CNPJ do certificado digital difere do CNPJ da matriz e do CNPJ do emitente.,"Rejeição

A rejeição 244 significa que o CNPJ do certificado digital não corresponde ao CNPJ do emitente. Isso ocorre quando o certificado digital utilizado para assinar um documento fiscal está incorreto. 

Quando a rejeição 244 ocorre? 

A rejeição 244 ocorre quando o certificado digital utilizado para assinar um documento fiscal está incorreto. Isso viola as normas do órgão autorizador. 

O que fazer se a situação persistir? 

Se a situação persistir, entre em contato com a SEFAZ do estado emissor para obter assistência adicional e resolver a questão técnica. 

Dicas

Como corrigir a rejeição 244? 

Verifique o CNPJ informado no cadastro da empresa
Verifique o CNPJ associado ao certificado digital
Utilize um certificado digital adequado e alinhado ao CNPJ correto do emitente
Insira o certificado valido dentro da tela de cadastro da empresa e refaça a validação","nfe, erros comuns nfe, resoluções nfe, erros comuns e resoluções - nf-e, erros comuns e resoluções - nfe",https://unoerpwiki.herokuapp.com/pt-br/menu-implantacao/configuracao-plugins/configuracao-nf-e/erros-nfe/rejeicao-244
Rejeições NFE,Rejeição: 245 - CNPJ emitente não cadastrado. - OK,"Rejeição
Rejeição: 245 - CNPJ emitente não cadastrado
Causa
Motivo
CNPJ não está apto a realizar emissões de NFe pois não está cadastrado para realizar operação na SEFAZ.
Exceções
Não há.
Exemplo
Não há.
Como Resolver no UNO ERP
Para resolver, contabilidade da empresa precisará realizar o cadastro/registro na SEFAZ e disponibilizar CNPJ para emissão de NFe. Depois dessa liberação, deverá ser realizado o reenvio de NFe para validar se autorização deu certo.
Referência
Não há.
Dicas
Não há.","nfe, erros comuns nfe, resoluções nfe, erros comuns e resoluções - nf-e, erros comuns e resoluções - nfe",https://unoerpwiki.herokuapp.com/pt-br/menu-implantacao/configuracao-plugins/configuracao-nf-e/erros-nfe/rejeicao-245
Rejeições NFE,Rejeição: 246 - CNPJ destinatário não cadastrado. OK,"Rejeição

CNPJ destinatário não cadastrado

Dicas

Para resolver a Rejeição 246, é necessário verificar se o CNPJ do destinatário está cadastrado e habilitado na SEFAZ através do link.","nfe, erros comuns nfe, resoluções nfe, erros comuns e resoluções - nf-e, erros comuns e resoluções - nfe",https://unoerpwiki.herokuapp.com/pt-br/menu-implantacao/configuracao-plugins/configuracao-nf-e/erros-nfe/rejeicao-246
Rejeições NFE,Rejeição: 247 - Sigla da UF do emitente diverge da UF autorizada.,"Rejeição

A rejeição 247 significa que a sigla da Unidade Federativa (UF) do emitente é diferente do código da UF do emitente. Este erro ocorre quando se emite uma Nota Fiscal Eletrônica (NF-e) ou um CT-e. 

Para resolver a rejeição 247, é necessário que o campo cUF e UF sejam correspondentes.

Como verificar a rejeição 247? 

Ative o botão [XML – Visualizar XML
Procure pela tag UF dentro dos grupos infNFe/emit
Procure pela tag cUF dentro dos grupos infNFe/ide
Dicas

Como resolver :

Para resolver a rejeição 247, é necessário que o campo cUF e UF sejam correspondentes.
Caso não consiga alterar, poderá abrir uma OC pelo Extranet para o suporte.","nfe, erros comuns nfe, resoluções nfe, erros comuns e resoluções - nf-e, erros comuns e resoluções - nfe",https://unoerpwiki.herokuapp.com/pt-br/menu-implantacao/configuracao-plugins/configuracao-nf-e/erros-nfe/rejeicao-247
Rejeições NFE,Rejeição: 248 - UF do recibo diverge da UF autorizada.,"Rejeição

A rejeição indica que, ao realizar uma consulta de recibo de uma determinada Nota Fiscal Eletrônica (NF-e), a Unidade Federativa (UF) do recibo não corresponde à UF que executou o processamento da NF-e. Na prática, isso significa que ao efetuar uma consulta de recibo, é necessário realizar essa consulta na mesma UF que executou o processamento da NF-e. A UF do recibo deve ser consistente com a UF autorizadora que recebeu a nota fiscal por meio da requisição de envio.

Dicas

Solução: Para resolver essa situação, ao consultar o recibo de uma NF-e, certifique-se de realizar a consulta na UF correta, aquela que processou e autorizou a emissão da nota fiscal. Isso garante a integridade e consistência das informações entre a consulta de recibo e o processamento efetuado pela UF autorizadora.","nfe, erros comuns nfe, resoluções nfe, erros comuns e resoluções - nf-e, erros comuns e resoluções - nfe",https://unoerpwiki.herokuapp.com/pt-br/menu-implantacao/configuracao-plugins/configuracao-nf-e/erros-nfe/rejeicao-248
Rejeições NFE,Rejeição: 249 - UF da Chave de Acesso diverge da UF autorizada.,"Rejeição

A rejeição 249 ""UF da Chave de Acesso diverge da UF autorizada"" ocorre quando a Unidade Federativa (UF) da chave de acesso de uma Nota Fiscal Eletrônica (NF-e) é diferente da UF da Secretaria da Fazenda (SEFAZ) que autorizou a nota. 

Causa do erro 

A rejeição 249 pode ocorrer quando o código de UF da NF-e está inválido ou foi preenchido incorretamente. 
Dicas

Para corrigir esse erro, é preciso revisar a chave de acesso e garantir que a UF esteja correta. 

Como corrigir o erro? 

Verifique se a UF da chave de acesso está de acordo com a UF da SEFAZ que autorizou a nota.
Certifique-se de que todos os dados, incluindo a UF, estão configurados corretamente.
Tente reenviar o documento para processamento.","nfe, erros comuns nfe, resoluções nfe, erros comuns e resoluções - nf-e, erros comuns e resoluções - nfe",https://unoerpwiki.herokuapp.com/pt-br/menu-implantacao/configuracao-plugins/configuracao-nf-e/erros-nfe/rejeicao-249
Rejeições NFE,Rejeição: 250 - UF diverge da UF autorizada.,"Rejeição

A rejeição 250 ""UF diverge da UF autorizada"" ocorre quando a validação de uma Nota Fiscal Eletrônica (NF-e) é enviada para uma Secretaria da Fazenda (SEFAZ) diferente da de origem do emitente. 

Dicas

     Como corrigir o erro? 

Verifique as configurações do sistema  de NF-e
Reenvie a NF-e para processamento

Situações semelhantes 
A rejeição 226 ocorre quando o código da UF do emitente diverge da UF autorizadora 
A rejeição 248 ocorre quando a UF do recibo diverge da UF autorizadora","nfe, erros comuns nfe, resoluções nfe, erros comuns e resoluções - nf-e, erros comuns e resoluções - nfe",https://unoerpwiki.herokuapp.com/pt-br/menu-implantacao/configuracao-plugins/configuracao-nf-e/erros-nfe/rejeicao-250
Rejeições NFE,Rejeição: 251 - UF/Município destinatário não pertence a SUFRAMA.,"Rejeição

UF/Município destinatário não pertence a SUFRAMA

Dicas

Para resolver a Rejeição 251: UF/Município destinatário não pertence a Suframa, deve ser informado um estado/município que pertença a SUFRAMA (Superintendência da Zona Franca de Manaus) nos campos UF ou cMun do destinatário quando a inscrição na SUFRAMA estiver informada no campo ISUF.","nfe, erros comuns nfe, resoluções nfe, erros comuns e resoluções - nf-e, erros comuns e resoluções - nfe",https://unoerpwiki.herokuapp.com/pt-br/menu-implantacao/configuracao-plugins/configuracao-nf-e/erros-nfe/rejeicao-251
Rejeições NFE,Rejeição: 252 - Ambiente informado diverge do Ambiente de recebimento.,"Rejeição

A Rejeição (252):""Ambiente informado diverge do Ambiente de recebimento"", indica que ao emitir uma NF-e com o ambiente de recebimento indicado no campo tpAmb diferente do ambiente atendido pelo WebService para o qual a nota está sendo enviada a rejeição 252 irá ocorrer.

Na prática, o que isso significa?

Caso o emissor informe “2” no campo tpAmb e envie a nota para o servidor de Produção, será retornada a Rejeição (252) “Ambiente informado diverge do Ambiente de recebimento”. Ou informar “1” no campo tpAmb e enviar a nota para o servidor de Homologação, a mesma rejeição será retornada.

Dicas

Como Resolver :

Verifique se nos parâmetros de NF ELETRÔNICA se o ambiente é o mesmo ambiente da NF
CADASTROS GERAIS > CADASTROS INICIAS > PARÂMETROS INICIAS > MODULO DE NF ELETRÔNICA","nfe, erros comuns nfe, resoluções nfe, erros comuns e resoluções - nf-e, erros comuns e resoluções - nfe",https://unoerpwiki.herokuapp.com/pt-br/menu-implantacao/configuracao-plugins/configuracao-nf-e/erros-nfe/rejeicao-252
Rejeições NFE,Rejeição: 253 - Dígito verificador da chave de acesso composta inválida.,"Rejeição

A rejeição 253 significa que o dígito verificador da chave de acesso está inválido. Isso pode acontecer quando a formação da chave de acesso ou o cálculo do dígito verificador não estão de acordo com os critérios da SEFAZ. 

Causas :

A chave de acesso contém espaços, pontos ou traços 
A chave de acesso contém algum número incorreto ou faltante 
A chave de acesso pertence a outro documento fiscal que não seja uma NF-e
O cálculo da chave de acesso está diferente do que é exigido pela Receita Federal 
Dicas

Solução :

Verificar se o número de dígitos da chave de acesso está correto 
Verificar como está sendo feita a formação da chave de acesso e o cálculo do dígito verificador 
Analisar se algum campo foi preenchido fora das especificações da Receita Federal 
Reprocessar a emissão do documento 
O dígito verificador (DV) garante a integridade da chave de acesso, protegendo-a principalmente contra digitações erradas.","nfe, erros comuns nfe, resoluções nfe, erros comuns e resoluções - nf-e, erros comuns e resoluções - nfe",https://unoerpwiki.herokuapp.com/pt-br/menu-implantacao/configuracao-plugins/configuracao-nf-e/erros-nfe/rejeicao-253
Rejeições NFE,Rejeição: 254 - NF-e referenciada não informada para NF-e complementar.OK,"Rejeição

NF-e referenciada não informada para NF-e complementar

Dicas

Para resolver a Rejeição 254: NF-e complementar não possui NF referenciada, é necessário referenciar uma NF-e, NFC-e, CT-e, ECF, NF de produtor rural ou NF modelo 1/1A no grupo NFRef. Quando emitida uma NF-e complementar (finNFe=2), deve-se obrigatoriamente informar o documento fiscal referenciado.","nfe, erros comuns nfe, resoluções nfe, erros comuns e resoluções - nf-e, erros comuns e resoluções - nfe",https://unoerpwiki.herokuapp.com/pt-br/menu-implantacao/configuracao-plugins/configuracao-nf-e/erros-nfe/rejeicao-254
Rejeições NFE,Rejeição: 255 - Informada mais de uma NF-e referenciada para NF-e complementar.,"Rejeição

A rejeição 255 ocorre quando uma NF-e complementar é emitida com mais de uma NF referenciada. 

A rejeição 255 ocorre porque: 

A operação de complementar ou ajustar está atrelada a um único objeto por vez 
Notas Fiscais Complementares não podem ter mais de um documento referenciado 
Deve ser criada uma Nota Fiscal Complementar para cada NF-e que será complementada 
Dicas

Como resolver :

Só poderá ser referenciada uma NF por NF complementar.","nfe, erros comuns nfe, resoluções nfe, erros comuns e resoluções - nf-e, erros comuns e resoluções - nfe",https://unoerpwiki.herokuapp.com/pt-br/menu-implantacao/configuracao-plugins/configuracao-nf-e/erros-nfe/rejeicao-255
Rejeições NFE,Rejeição: 256 - Uma NF-e da faixa já está inutilizada na base de dados da SEFAZ.,"Rejeição

A rejeição 256 ""Uma NF-e da faixa já está inutilizada na Base de dados da SEFAZ"" ocorre quando se tenta utilizar uma numeração que já foi inutilizada. O processo de validação acontece automaticamente, podendo levar alguns minutos, então em alguns casos também pode ocorrer de acontecer esta rejeição devido a consulta feita antes de que o processo seja validado automaticamente.

Dicas

O que fazer? 

Consultar na SEFAZ se a numeração está inutilizada
Utilizar outra numeração que não esteja inutilizada
Verificar se existe uma nota com essa numeração autorizada ou cancelada
Realizar o registro apenas com os números que ainda não foram inutilizados na SEFAZ
(BOTÃO DE RETRANSMISSÃO) 

Também poderá realizar a retransmissão da NF e aguardar ela ser validada sem efetuar a consulta da nota no SEFAZ, para que ela seja validada sozinha e corretamente","nfe, erros comuns nfe, resoluções nfe, erros comuns e resoluções - nf-e, erros comuns e resoluções - nfe",https://unoerpwiki.herokuapp.com/pt-br/menu-implantacao/configuracao-plugins/configuracao-nf-e/erros-nfe/rejeicao-256
Rejeições NFE,Rejeição: 257 - Solicitante não habilitado para emissão da NF-e.,"Rejeição

A Rejeição (257):""Solicitante não habilitado para emissão da NF-e"", indica que ao emitir uma NF-e o CNPJ do emissor não está autorizado pela SEFAZ para emitir esse tipo de documentos fiscal eletrônico.

Na prática, o que isso significa?

Que para emitir NF-e ou qualquer outro documento fiscal eletrônico, o emitente tem que estar autorizado pela SEFAZ da UF em que atua para emitir a nota fiscal eletrônica.

Dicas

Para resolver a Rejeição 257: Solicitante não habilitado para emissão da NF-e, deve-se entrar em contato com a SEFAZ, pois essa rejeição indica que o CNPJ que está tentando enviar a NF-e não está autorizado a emitir nota fiscal eletrônica.","nfe, erros comuns nfe, resoluções nfe, erros comuns e resoluções - nf-e, erros comuns e resoluções - nfe",https://unoerpwiki.herokuapp.com/pt-br/menu-implantacao/configuracao-plugins/configuracao-nf-e/erros-nfe/rejeicao-257
Rejeições NFE,Rejeição: 258 - CNPJ da consulta inválido.,"Rejeição

A Rejeição (258):""CNPJ da consulta inválido"", indica que ao realizar um requisição ao WebService de Consulta de Cadastro, o CNPJ do contribuinte utilizado não é válido. Segundo o manual é feita uma validação no dígito de controle ou zeros.

Na prática, o que isso significa?

Ao utilizar o WebService de Consulta de Cadastro para determinada UF, deve se conferir se o CNPJ do contribuinte é válido.

Dicas

Para resolver a Rejeição 258: CNPJ da consulta inválido, deve-se informar um CNPJ de contribuinte válido para o WebService de Consulta de Cadastro.","nfe, erros comuns nfe, resoluções nfe, erros comuns e resoluções - nf-e, erros comuns e resoluções - nfe",https://unoerpwiki.herokuapp.com/pt-br/menu-implantacao/configuracao-plugins/configuracao-nf-e/erros-nfe/rejeicao-258
Rejeições NFE,Rejeição: 259 - CNPJ da consulta não cadastrado como contribuinte na UF.,"Rejeição

A Rejeição (259):""CNPJ da consulta não cadastrado como contribuinte na UF"", indica que ao realizar uma requisição ao WebService de Consulta de Cadastro, o CNPJ do contribuinte consultado não pertence a UF na qual se está executando a consulta.

Na prática, o que isso significa?

Ao utilizar o WebService de Consulta de Cadastro para determinada UF, deve se conferir se o CNPJ do contribuinte pertence a mesma UF da SEFAZ.

Dicas

Para resolver a Rejeição 259: CNPJ da consulta não cadastrado como contribuinte na UF, deve-se informar um CNPJ de contribuinte que possua o cadastro na UF a qual se está efetuando a Consulta de Cadastro.

Tela de cadastro dentro da uno","nfe, erros comuns nfe, resoluções nfe, erros comuns e resoluções - nf-e, erros comuns e resoluções - nfe",https://unoerpwiki.herokuapp.com/pt-br/menu-implantacao/configuracao-plugins/configuracao-nf-e/erros-nfe/rejeicao-259
Rejeições NFE,Rejeição: 260 - IE da consulta inválida.,"Rejeição

A rejeição 260 ""IE da consulta inválida"" significa que a Inscrição Estadual (IE) do contribuinte consultado não corresponde à UF em que a consulta está sendo realizada. 

Causas 

A IE pode estar inválida se o número de cadastro tiver entre 2 e 14 caracteres numéricos
Os dois primeiros dígitos podem estar posicionados incorretamente
A IE pode estar inválida se algum número estiver posicionado incorretamente
Dicas

Soluções

Verifique no SINTEGRA e o IE é o mesmo do sistema e altere conforme cadastrado dentro do SINTEGRA.
Tela de cadastro dentro do uno","nfe, erros comuns nfe, resoluções nfe, erros comuns e resoluções - nf-e, erros comuns e resoluções - nfe",https://unoerpwiki.herokuapp.com/pt-br/menu-implantacao/configuracao-plugins/configuracao-nf-e/erros-nfe/rejeicao-260
Rejeições NFE,Rejeição: 261 - IE da consulta não cadastrado como contribuinte na UF.,"Rejeição
Causa

A rejeição 261 IE da consulta não cadastrada como contribuinte na UF, é um erro que pode ocorrer durante a emissão de uma NF-e. Esse erro indica que a Inscrição Estadual (IE) do destinatário não está registrada como contribuinte do ICMS na Unidade Federativa (UF) informada.

Dicas
Como Resolver

Para resolver a rejeição 261, é necessário verificar e corrigir a IE do destinatário na tela de cadastro dentro do uno.

Tela de cadastro dentro do uno","nfe, erros comuns nfe, resoluções nfe, erros comuns e resoluções - nf-e, erros comuns e resoluções - nfe",https://unoerpwiki.herokuapp.com/pt-br/menu-implantacao/configuracao-plugins/configuracao-nf-e/erros-nfe/rejeicao-261
Rejeições NFE,Rejeição: 262 - UF não fornece consulta por CPF.,"Rejeição
Causa

A rejeição 262 ocorre porque algumas UFs não permitem consultas de Inscrição Estadual utilizando o CPF do destinatário. Para evitar essa rejeição, é essencial verificar a necessidade da IE, utilizar o CNPJ para empresas e seguir as regras específicas de consulta de cada UF. 

Dicas
Como Resolver

Para resolver a rejeição 262, é necessário entender e ajustar a forma de consulta da Inscrição Estadual do destinatário. Aqui estão os passos detalhados para solucionar o problema:

Verifique a Necessidade da IE:

Determine se o destinatário realmente necessita de uma Inscrição Estadual. Pessoas físicas ou entidades que não são contribuintes do ICMS geralmente não têm IE.

Utilize o CNPJ em Vez do CPF:

Se o destinatário for uma empresa, utilize o CNPJ em vez do CPF para a consulta da IE. As UFs suportam consultas de IE baseadas em CNPJ.

Consulte a SEFAZ da UF:

Verifique no site da SEFAZ da UF do destinatário se há informações específicas sobre as formas de consulta de IE permitidas. Cada UF pode ter regras e sistemas diferentes, qualquer dúvida basta entrar em contato com nosso suporte.","nfe, erros comuns nfe, resoluções nfe, erros comuns e resoluções - nf-e, erros comuns e resoluções - nfe",https://unoerpwiki.herokuapp.com/pt-br/menu-implantacao/configuracao-plugins/configuracao-nf-e/erros-nfe/rejeicao-262
Rejeições NFE,Rejeição: 263 - CPF da consulta inválido.,"Detalhes do erro

Ao realizar uma consulta do CPF do contribuinte utilizando um CPF inconsistente (ex. erro no dígito de controle, ou seja, no código do CPF), o órgão autorizador retorna à rejeição ""263 – CPF da consulta inválido"".

Dicas de correção

É necessário verificar a situação cadastral do contribuinte, considerando as possíveis causas. Consulte a situação do CPF no site da Receita Federal: Comprovante de Situação Cadastral no CPF.","nfe, erros comuns nfe, resoluções nfe, erros comuns e resoluções - nf-e, erros comuns e resoluções - nfe",https://unoerpwiki.herokuapp.com/pt-br/menu-implantacao/configuracao-plugins/configuracao-nf-e/erros-nfe/rejeicao-263
Rejeições NFE,Rejeição: 264 - CPF da consulta não cadastrado como contribuinte na UF.,"Rejeição

Causa

Ao realizar uma consulta do CPF do contribuinte, utilizando o Webservice NfeConsultaCadastro, responsável em consultar o cadastro de contribuintes do ICMS da Unidade Federada, e o mesmo não corresponde a UF consultada, o órgão autorizador retorna à rejeição ""264 – CPF da consulta não cadastrado como contribuinte na UF"".

Dicas

Como Resolver

É necessário, verificar a situação cadastral do contribuinte, considerando a UF de cadastro do CPF. Consulte a situação do CPF no site da Receita Federal: Comprovante de Situação Cadastral no CPF.","nfe, erros comuns nfe, resoluções nfe, erros comuns e resoluções - nf-e, erros comuns e resoluções - nfe",https://unoerpwiki.herokuapp.com/pt-br/menu-implantacao/configuracao-plugins/configuracao-nf-e/erros-nfe/rejeicao-264
Rejeições NFE,Rejeição: 265 - Sigla da UF da consulta difere da UF do Web Service.,"Rejeição

A rejeição 265 ""Sigla da UF da consulta difere da UF do Web Service"" acontece quando a Unidade Federativa (UF) da consulta é diferente da UF do Web Service da SEFAZ.

Dicas

O que fazer para resolver? 

Verifique se a UF informada confere com o Web Service consultado. 
Verifique a configuração do sistema para que não esteja configurado para gerar requisições em determinada UF e estar fazendo o envio para outra UF. 

Quando pode acontecer? 

Esta rejeição pode ocorrer ao realizar uma consulta no Webservice NfeConsultaCadastro, que é responsável por consultar o cadastro de contribuintes do ICMS da Unidade Federada.","nfe, erros comuns nfe, resoluções nfe, erros comuns e resoluções - nf-e, erros comuns e resoluções - nfe",https://unoerpwiki.herokuapp.com/pt-br/menu-implantacao/configuracao-plugins/configuracao-nf-e/erros-nfe/rejeicao-265
Rejeições NFE,Rejeição: 266 - Série utilizada não permitida no Web Service.,"Detalhes do erro

Ao emitir uma NF-e (modelo 55) onde o campo processo de emissão é igual 0 ou 3 e o campo série estiver fora do intervalo 0-889, o órgão autorizador retornará a rejeição 266.

Ou seja, no cadastro de Série: ‘Vendas’ → ‘Cadastro de Série’ o ‘Código da série’ deve estar nesse intervalo de 0 a 889.

Dicas de correção

Para cada tipo de processo de emissão existe uma faixa de numeração para série da NF-e. Seguem os tipos possíveis:

0=Emissão de NF-e com aplicativo do contribuinte.
1=Emissão de NF-e avulsa pelo Fisco.
2=Emissão de NF-e avulsa, pelo contribuinte com seu certificado digital, através do site do Fisco.
3=Emissão NF-e pelo contribuinte com aplicativo fornecido pelo Fisco.
Para os tipos 0 e 3 o campo série deve estar entre 0-889.
Para os tipos 1 e 2 o campo série deve estar entre 890-899.

Sendo assim, no cadastro de série, o número de série deve respeitar a faixa de numeração.","nfe, erros comuns nfe, resoluções nfe, erros comuns e resoluções - nf-e, erros comuns e resoluções - nfe",https://unoerpwiki.herokuapp.com/pt-br/menu-implantacao/configuracao-plugins/configuracao-nf-e/erros-nfe/rejeicao-266
Rejeições NFE,Rejeição: 267 - NF complementar referencia outra NF-e inexistente. - OK,"Rejeição

Essa rejeição indica que ao emitir uma NF-e que referencia outra NF-e através da chave de acesso, a NF-e referenciada ainda não foi autorizada. Isso acontece quando NF-e que referencia e a NF-e referenciada pertencem a mesma UF.

Dicas

Ao emitir uma NF-e que faz referência a outra nota através da chave de acesso e ambas são da mesma UF, devemos aguardar que a nota referenciada seja autorizada antes de emitirmos a nota que irá fazer a referência.","nfe, erros comuns nfe, resoluções nfe, erros comuns e resoluções - nf-e, erros comuns e resoluções - nfe",https://unoerpwiki.herokuapp.com/pt-br/menu-implantacao/configuracao-plugins/configuracao-nf-e/erros-nfe/rejeicao-267
Rejeições NFE,Rejeição: 268 - NF complementar referencia outra NF-e complementar.,"Rejeição

A rejeição 268 ocorre quando uma nota fiscal complementar (NF-e) referencia outra NF-e complementar. Isso não é permitido, pois as NF-es complementares só podem referenciar notas com as finalidades ""Normal"", ""Ajuste"" ou ""Devolução"". 
 

Quando ocorre a rejeição 268? 

Ocorre quando, no campo de ""Documento Referenciado"" na nota fiscal complementar, foram inseridos dados de outra nota fiscal complementar. 

Dicas

Como resolver:

Não existe a possibilidade de gerar uma nf complementar usando outra nf complementar.","nfe, erros comuns nfe, resoluções nfe, erros comuns e resoluções - nf-e, erros comuns e resoluções - nfe",https://unoerpwiki.herokuapp.com/pt-br/menu-implantacao/configuracao-plugins/configuracao-nf-e/erros-nfe/rejeicao-268
Rejeições NFE,Rejeição: 269 - CNPJ emitente da NF complementar difere do CNPJ da NF referenciada.,"Rejeição

A rejeição 269 ocorre quando o CNPJ do emitente da nota fiscal complementar é diferente do CNPJ do documento referenciado.

Causa 

A nota fiscal complementar está referenciando um documento com um CNPJ diferente 
A chave do documento referenciado foi informada incorretamente 
Dicas

Solução 

Verificar se a nota fiscal complementar está sendo emitida corretamente
Validar se o campo NF-e está configurado corretamente
Baixar o XML da nota referenciada
Validar se o CNPJ do emissor está igual ao CNPJ da empresa
Identificar qual foi informado incorretamente
Fazer a correção e reemitir a nota fiscal","nfe, erros comuns nfe, resoluções nfe, erros comuns e resoluções - nf-e, erros comuns e resoluções - nfe",https://unoerpwiki.herokuapp.com/pt-br/menu-implantacao/configuracao-plugins/configuracao-nf-e/erros-nfe/rejeicao-269
Rejeições NFE,Rejeição: 270 - Código município do fato gerador: dígito inválido.,"Rejeição

A rejeição 270 ""Código Município do Fato Gerador: dígito inválido"" acontece quando o código do município informado na nota fiscal não está correto ou não está cadastrado no IBGE. 

Dicas

Para resolver esse erro, você pode: 

Verificar e corrigir o código do município do Fato Gerador (cMunFG)
Consultar a Tabela de Municípios do IBGE para identificar o código correto
Reenviar a nota fiscal para processamento

Como consultar a Tabela de Municípios do IBGE? 

Você pode consultar a Tabela de Municípios do IBGE no próprio site do IBGE","nfe, erros comuns nfe, resoluções nfe, erros comuns e resoluções - nf-e, erros comuns e resoluções - nfe",https://unoerpwiki.herokuapp.com/pt-br/menu-implantacao/configuracao-plugins/configuracao-nf-e/erros-nfe/rejeicao-270
Rejeições NFE,Rejeição: 271 - Código município do fato gerador: difere da UF do emitente.,"Rejeição

A rejeição 271 ocorre quando o código do município do fato gerador (cMunFG) de uma nota fiscal eletrônica (NF-e) tem os dois primeiros dígitos diferentes do código da unidade federativa (cUF). 

Dicas

Para resolver a rejeição, é preciso verificar se o código do município do fato gerador está de acordo com o código da UF informado. O código do município do fato gerador deve estar igual ao cadastrado no site do IBGE. 

Para corrigir a rejeição, é possível: 

Verificar o código do município do fato gerador no campo cMunFG
Verificar se o código do município do fato gerador está de acordo com o código da UF informado no campo cUF
Verificar se o código do município do fato gerador está igual ao cadastrado no site do IBGE","nfe, erros comuns nfe, resoluções nfe, erros comuns e resoluções - nf-e, erros comuns e resoluções - nfe",https://unoerpwiki.herokuapp.com/pt-br/menu-implantacao/configuracao-plugins/configuracao-nf-e/erros-nfe/rejeicao-271
Rejeições NFE,Rejeição: 272 - Código município do emitente: dígito inválido.,"Rejeição

A rejeição 272 ""Código Município do Emitente: dígito inválido"" ocorre quando o código do município informado está incorreto ou não existe na tabela do IBGE. 

O erro pode ocorrer quando: 

O município preenchido nos dados de endereço da empresa está incorreto.
O código do município informado para o emitente não existe na tabela de municípios do IBGE.
O código do município informado para o emitente é diferente do correspondente ao nome do município.
Dicas

Para resolver o erro, é possível: 

Consultar o código do município na tabela de municípios do IBGE.
Corrigir o código do município no cadastro do cliente em CADASTROS GERAIS > CLIENTES.","nfe, erros comuns nfe, resoluções nfe, erros comuns e resoluções - nf-e, erros comuns e resoluções - nfe",https://unoerpwiki.herokuapp.com/pt-br/menu-implantacao/configuracao-plugins/configuracao-nf-e/erros-nfe/rejeicao-272
Rejeições NFE,Rejeição: 273 - Código município do emitente: difere da UF do emitente.,"Rejeição

A rejeição 273 ""Código Município do Emitente: difere da UF do emitente"" ocorre quando o município preenchido nos dados da empresa não corresponde ao estado selecionado.

Exemplo

Foi emitida uma NFC-e com o Código do Município do Emitente, mas os dois primeiros dígitos são diferentes do Código da UF
Dicas

Resolução:

Para resolver essa falha, é preciso consultar a tabela de municípios do IBGE e identificar o código correto do emitente. Com a numeração correta, corrija a nota fiscal.","nfe, erros comuns nfe, resoluções nfe, erros comuns e resoluções - nf-e, erros comuns e resoluções - nfe",https://unoerpwiki.herokuapp.com/pt-br/menu-implantacao/configuracao-plugins/configuracao-nf-e/erros-nfe/rejeicao-273
Rejeições NFE,Rejeição: 274 - Código município do destinatário: dígito inválido.,"Rejeição

A rejeição 274 ""Código Município do Destinatário: dígito inválido"" ocorre quando o código do município do destinatário está incorreto ou não existe na Tabela de Municípios do IBGE. 

Causa 

O município informado na nota fiscal não está correto 
O código do município não está de acordo com a Tabela de Municípios do IBGE 
O código do município está cadastrado no sistema de forma desatualizada 
Dicas

Solução

Verifique o código do município do destinatário na Tabela de Municípios do IBGE
Corrija o código do município
Reenvie a nota fiscal para processamento

Considerações 

O campo do código do município deve ser composto por 7 dígitos 
O erro pode ocorrer na emissão de uma NF-e (mod. 55) ou NFC-e (mod. 65) 
Caso o CEP esteja correto, o erro pode ocorrer quando o código do município do IBGE cadastrado no sistema está desatualizado 
Para corrigir o código do município do IBGE, é preciso contatar o suporte do sistema","nfe, erros comuns nfe, resoluções nfe, erros comuns e resoluções - nf-e, erros comuns e resoluções - nfe",https://unoerpwiki.herokuapp.com/pt-br/menu-implantacao/configuracao-plugins/configuracao-nf-e/erros-nfe/rejeicao-274
Rejeições NFE,Rejeição: 275 - Código município do destinatário: difere da UF do destinatário.,"Detalhes do erro

Essa rejeição ocorre quando a UF cadastrada no cliente esta diferente da UF que o cliente esta cadastrado e validado no IBGE.

Dicas de correção

Para resolver a Rejeição 275: Código Município do Destinatário: difere da UF do Destinatário, verifique o código do município no endereço do destinatário, no campo cMun é igual ao que está cadastrado no site do IBGE e também pertence a UF informada.

Neste caso, qualquer diferente ao site do IBGE não será valido.

Valide no cadastro do cliente em:

Cadastros Gerais → Clientes > No endereço do cliente, o campo de UF deve ser o mesmo que tem no site do IBGE.","nfe, erros comuns nfe, resoluções nfe, erros comuns e resoluções - nf-e, erros comuns e resoluções - nfe",https://unoerpwiki.herokuapp.com/pt-br/menu-implantacao/configuracao-plugins/configuracao-nf-e/erros-nfe/rejeicao-275
Rejeições NFE,Rejeição: 276 - Código município do local de retirada: dígito inválido.,"Rejeição

A rejeição 276 significa que o código do município do local de retirada informado na nota fiscal é inválido ou inexistente.  

A rejeição 276 ocorre quando: 

A nota fiscal é emitida com o local de retirada no Brasil 
O código do município do local de retirada não existe na tabela de municípios do IBGE

Exemplo 

Por exemplo, se for emitida uma nota fiscal para o estado de Goiás, na cidade de Goiânia, e for informado o código do município como “5208700”, a nota fiscal será rejeitada. Esse código não existe na tabela do IBGE.

Dicas

Como resolver

Consultar a Tabela de Municípios do IBGE para obter o código correto do município
Entre em contato com o suporte informando o código correto para realizar a alteração.","nfe, erros comuns nfe, resoluções nfe, erros comuns e resoluções - nf-e, erros comuns e resoluções - nfe",https://unoerpwiki.herokuapp.com/pt-br/menu-implantacao/configuracao-plugins/configuracao-nf-e/erros-nfe/rejeicao-276
Rejeições NFE,Rejeição: 277 - Código município do local de retirada: difere da UF do local de retirada.,"Rejeição

A rejeição 277 ocorre quando o código do município do local de retirada difere da UF do local de retirada. Isso pode acontecer ao emitir uma nota fiscal eletrônica (NF-e). 

Causa 

Ao emitir uma NF-e, os dois primeiros dígitos do código do município (cMun) são diferentes do código da UF correspondente.
Dicas

Como resolver 

Verifique se a UF vinculada para as cidades envolvidas está correta.
Acesse a tela ""Cidades"" e revise os campos ""Cód. UF"" e ""Mun. domicílio fiscal"".
Entre em contato com o suporte informando o código correto para correção do erro.

Consultando o IBGE 

Para obter os códigos corretos, consulte a Tabela de Municípios do IBGE.","nfe, erros comuns nfe, resoluções nfe, erros comuns e resoluções - nf-e, erros comuns e resoluções - nfe",https://unoerpwiki.herokuapp.com/pt-br/menu-implantacao/configuracao-plugins/configuracao-nf-e/erros-nfe/rejeicao-277
Rejeições NFE,Rejeição: 278 - Código município do local de entrega: dígito inválido.,"Rejeição

A rejeição 278 ""Código Município do Local de Entrega inexistente"" ocorre quando o código do município informado na Nota Fiscal Eletrônica (NF-e) não é válido. 

Causas 

O código do município informado está incorreto 
O código do município informado não existe na tabela de municípios do IBGE
Dicas

Como resolver 

Verifique se o código do município informado está correto e atualizado
Consulte a Tabela de Município do IBGE
Solicite a correção do código para p suporte.","nfe, erros comuns nfe, resoluções nfe, erros comuns e resoluções - nf-e, erros comuns e resoluções - nfe",https://unoerpwiki.herokuapp.com/pt-br/menu-implantacao/configuracao-plugins/configuracao-nf-e/erros-nfe/rejeicao-278
Rejeições NFE,Rejeição: 279 - Código município do local de entrega: difere da UF do local de entrega.,"Detalhes do erro

Esse rejeição é referente a UF do endereço de entrega estar diferente do endereço cadastrado no IBGE.

 

Dicas de correção

Para resolver a Rejeição 279: Código Município do Local de Entrega: difere da UF do Local de Entrega, verifique o código do município no local de entrega, no campo cMun, é igual ao que está cadastrado no site do IBGE.

Neste caso, qualquer diferente ao site do IBGE não será valido.

Ou seja, precisa validar qual a UF esta no cadastro do cliente (Cadastros Gerais → Clientes) no endereço de entrega.

Se apresentar esse erro, entre em contato com o suporte.","nfe, erros comuns nfe, resoluções nfe, erros comuns e resoluções - nf-e, erros comuns e resoluções - nfe",https://unoerpwiki.herokuapp.com/pt-br/menu-implantacao/configuracao-plugins/configuracao-nf-e/erros-nfe/rejeicao-279
Rejeições NFE,Rejeição: 280 - Certificado transmissor inválido.,"Rejeição
Rejeição: Certificado Transmissor inválido

A Rejeição 280 pode ocorrer quando uma o CTe for emitido com certificado inválido, podendo estar inválido para uso, por diversos motivos, como: 

Dicas
Como Resolver

Para resolver a Rejeição 280: Certifique-se de que o certificado digital utilizado, tem validade para uso. 

Caso identifique que o certificado de fato é inválido, faça a reinstalação e ou contate a Sefaz para uma validação. Em alguns casos, pode ser necessária a substituição do certificado, junto a certificadora.","nfe, erros comuns nfe, resoluções nfe, erros comuns e resoluções - nf-e, erros comuns e resoluções - nfe",https://unoerpwiki.herokuapp.com/pt-br/menu-implantacao/configuracao-plugins/configuracao-nf-e/erros-nfe/rejeicao-280
Rejeições NFE,Rejeição: 281 - Certificado transmissor data validade.,"Rejeição

A rejeição 281 ""Certificado Transmissor","nfe, erros comuns nfe, resoluções nfe, erros comuns e resoluções - nf-e, erros comuns e resoluções - nfe",https://unoerpwiki.herokuapp.com/pt-br/menu-implantacao/configuracao-plugins/configuracao-nf-e/erros-nfe/rejeicao-281
Rejeições NFE,Rejeição: 282 - Certificado transmissor sem CNPJ.,"Rejeição

A rejeição 282 ""Certificado Transmissor sem CNPJ/CPF"" ocorre quando o certificado digital utilizado para transmitir um documento fiscal eletrônico não está vinculado a um CNPJ. 

A rejeição 282 é retornada pela SEFAZ. 

Para obter mais informações sobre essa rejeição, você pode entrar em contato com a SEFAZ. 

Dicas

Para resolver a rejeição 282, você pode: 

Revisar a configuração do certificado digital com a empresa certificadora.
Após regularização com certificadora, informar o suporte sobre a alteração.","nfe, erros comuns nfe, resoluções nfe, erros comuns e resoluções - nf-e, erros comuns e resoluções - nfe",https://unoerpwiki.herokuapp.com/pt-br/menu-implantacao/configuracao-plugins/configuracao-nf-e/erros-nfe/rejeicao-282
Rejeições NFE,Rejeição: 283 - Certificado Transmissor – erro cadeia de certificação.,"Rejeição

283 - Rejeição: Certificado Transmissor - erro de cadeia de certificado. 

O erro 283 ocorre quando o Web Service da SEFAZ não considera o certificado digital do transmissor como confiável, isto é ela não confia na AC emissora do certificado digital que está sendo utilizado pelo transmissor da NF-e.

Dicas

Como resolver:

Entre em contato com a sua certificadora e informe o erro, para que eles alterem alguma possível configuração.
Entrar em contato com o suporte se necessário após a alteração do certificado.","nfe, erros comuns nfe, resoluções nfe, erros comuns e resoluções - nf-e, erros comuns e resoluções - nfe",https://unoerpwiki.herokuapp.com/pt-br/menu-implantacao/configuracao-plugins/configuracao-nf-e/erros-nfe/rejeicao-283
Rejeições NFE,Rejeição: 293 - Certificado Assinatura – erro cadeia de certificação.,"Rejeição

A rejeição 293 ""Certificado Assinatura - erro Cadeia de Certificação"" ocorre quando a SEFAZ não consegue verificar a cadeia de certificação do certificado digital. 

Este erro pode acontecer quando:

O certificado da AC emissora não está cadastrado na SEFAZ
O certificado de AC está revogado
O certificado não foi assinado pela AC emissora
A entidade certificadora está fora do ar
Dicas

Para reportar o problema à SEFAZ, deve:

Informar o nome da Autoridade Certificadora que realizou a emissão do certificado digital.
Entrar em contato com a certificadora que realizou a emissão do certificado e informar sobre.
Após a realização da regularização do certificado atualizar dentro do cadastro da empresa.","nfe, erros comuns nfe, resoluções nfe, erros comuns e resoluções - nf-e, erros comuns e resoluções - nfe",https://unoerpwiki.herokuapp.com/pt-br/menu-implantacao/configuracao-plugins/configuracao-nf-e/erros-nfe/rejeicao-293
Rejeições NFE,Rejeição: 294 - Certificado Assinatura revogado.,"Rejeição

A rejeição 294 ""Certificado Assinatura revogado"" ocorre quando a Secretaria da Fazenda (SEFAZ) identifica que o certificado digital utilizado para assinar um documento está revogado. 

Dicas

O que fazer? 

Verificar se o certificado está na Lista de Certificados Revogados (LCR)
Entrar em contato com a certificadora que emitiu o certificado
Obter um novo certificado digital válido
Instalar e configurar o novo certificado digital","nfe, erros comuns nfe, resoluções nfe, erros comuns e resoluções - nf-e, erros comuns e resoluções - nfe",https://unoerpwiki.herokuapp.com/pt-br/menu-implantacao/configuracao-plugins/configuracao-nf-e/erros-nfe/rejeicao-294
Rejeições NFE,Rejeição: 295 - Certificado Assinatura difere ICP Brasil.,"Rejeição

A rejeição 295 ""Certificado Assinatura difere ICP-Brasil"" ocorre quando o certificado digital utilizado para assinar um documento fiscal eletrônico não está de acordo com a ICP-Brasil. 

Dicas

Para resolver essa rejeição, você pode: 

Confirmar se o certificado foi emitido por uma autoridade certificadora reconhecida pela ICP-Brasil
Caso o certificado não seja compatível, solicitar um novo certificado digital
Instalar e configurar o novo certificado digital
 
Tela do cadastro da empresa.

Como solicitar um novo certificado digital? 

Solicite um novo certificado digital emitido por uma autoridade certificadora que atenda aos padrões da ICP-Brasil","nfe, erros comuns nfe, resoluções nfe, erros comuns e resoluções - nf-e, erros comuns e resoluções - nfe",https://unoerpwiki.herokuapp.com/pt-br/menu-implantacao/configuracao-plugins/configuracao-nf-e/erros-nfe/rejeicao-295
Rejeições NFE,Rejeição: 296 - Certificado Assinatura erro no acesso a LCR.,"Rejeição

A rejeição 296 ""Certificado Assinatura erro no acesso a LCR"" ocorre quando a SEFAZ não consegue consultar a Lista de Certificados Revogados (LCR). Isso pode acontecer por problemas internos da SEFAZ. 

O que significa 

Essa rejeição não significa que o certificado está revogado. O problema é técnico e está relacionado à comunicação com a LCR. 

Dicas

Como resolver

Aguarde alguns minutos e volte a tentar a emissão ou comunicação
Reprocesse a nota fiscal
Caso o problema persista, entre em contato com o suporte","nfe, erros comuns nfe, resoluções nfe, erros comuns e resoluções - nf-e, erros comuns e resoluções - nfe",https://unoerpwiki.herokuapp.com/pt-br/menu-implantacao/configuracao-plugins/configuracao-nf-e/erros-nfe/rejeicao-296
Rejeições NFE,Rejeição: 297 - Assinatura difere do calculado.,"Rejeição

A rejeição 297 ""Assinatura difere do calculado"" ocorre quando a assinatura digital de uma nota fiscal é violada. Isso pode acontecer por causa de caracteres especiais, espaços em branco ou quebras de linha. 

Dicas

Como resolver 

Verificar se há caracteres especiais, espaços em branco ou quebras de linha nos campos da nota fiscal 
Remover ou substituir os caracteres especiais, espaços em branco ou quebras de linha 
Verificar se o XML da nota fiscal foi manipulado após a assinatura 
Reenviar a nota fiscal","nfe, erros comuns nfe, resoluções nfe, erros comuns e resoluções - nf-e, erros comuns e resoluções - nfe",https://unoerpwiki.herokuapp.com/pt-br/menu-implantacao/configuracao-plugins/configuracao-nf-e/erros-nfe/rejeicao-297
Rejeições NFE,Rejeição: 298 - Assinatura difere do padrão do projeto.,"Rejeição

A rejeição 298 ""Assinatura difere do padrão do projeto"" indica que a assinatura digital de um documento fiscal não atende às especificações da SEFAZ.

Causas 

O certificado digital não está credenciado no ICP-Brasil
O documento não apresenta as características exigidas pelo padrão da MDF-e
Existem caracteres especiais nos cadastros, como ""/"", ""*"", ""!"", ""&"", etc.
Dicas

Solução

Verifique o Manual do Contribuinte para saber os requisitos técnicos e procedimentos para emitir a NF-e
Verifique o formato da assinatura digital no XML da NF-e
Compare a assinatura com as especificações do manual do contribuinte
Faça os ajustes necessários para que a assinatura esteja em conformidade com o padrão
Reemita a NF-e com a nova assinatura digital","nfe, erros comuns nfe, resoluções nfe, erros comuns e resoluções - nf-e, erros comuns e resoluções - nfe",https://unoerpwiki.herokuapp.com/pt-br/menu-implantacao/configuracao-plugins/configuracao-nf-e/erros-nfe/rejeicao-298
Rejeições NFE,Rejeição: 299 - XML da área de cabeçalho com codificação diferente de UTF-8.,"Rejeição

A rejeição 299 significa que o XML da área de cabeçalho da nota fiscal eletrônica (NF-e) possui uma codificação diferente de UTF-8. 

Causa 

Ocorre quando o XML contém caracteres que não estão incluídos no conjunto de caracteres da codificação UTF-8 
Pode acontecer quando há caracteres especiais e/ou acentuados no texto
Dicas

Solução 

Verifique os campos preenchidos com acentuação
Remova ou substitua as letras acentuadas
Reenvie a NF-e para processamento","nfe, erros comuns nfe, resoluções nfe, erros comuns e resoluções - nf-e, erros comuns e resoluções - nfe",https://unoerpwiki.herokuapp.com/pt-br/menu-implantacao/configuracao-plugins/configuracao-nf-e/erros-nfe/rejeicao-299
Rejeições NFE,Rejeição: 346 - Somatório das quantidades informadas na Exportação Indireta não corresponde a quantidade total do item. - OK,"Detalhe do Erro
Ao realizar a emissão de uma NF-e (mod. 55) informando o grupo de Exportação Indireta (exportInd) e quantidade exportada (qExport) diferente da quantidade comercial total do item (qCom)
Dicas de Correção
O somatório das quantidades informada (tag:qExport), deve corresponder a quantidade comercial informada para o item (tag:qCom).
Na aplicação em vendas validas os itens e em cadastros gerais > Produtos, confira se todos estão na respectiva unidade tributável. Para que seja possível fazer o comparativo acesse: Tabela atualizada NCM e respectiva Utrib (comércio exterior).
Sendo necessário o cadastro de novas unidades de medida acesse Cadastros Gerais > Cadastros iniciais > Unidades de medida.","nfe, erros comuns nfe, resoluções nfe, erros comuns e resoluções - nf-e, erros comuns e resoluções - nfe",https://unoerpwiki.herokuapp.com/pt-br/menu-implantacao/configuracao-plugins/configuracao-nf-e/erros-nfe/rejeicao-346
Rejeições NFE,Rejeição: 347 - Descrição do Combustível diverge da descrição adotada pela ANP.,"Detalhe do Erro
Quando for emitida uma NF-e para Operação com Combustíveis e for informado Código do Produto da ANP (cProdANP) que não existe na Tabela do Sistema de Informações de Movimentação de Produtos ( SIMP ), será retornado a rejeição ""761 - Código de Produto ANP inexistente"". 
 
Quando for emitida uma NFC-e com Frete (Campo: modFrete) e Indicador de presença do comprador (Campo: indPres) for diferente de ""4 - NFC-e em operação com entrega a domicílio""

 

Dicas de Correção
Deve-se consultar a Tabela com os Códigos dos Produtos ANP divulgados pela Sefaz e SIMP e identificar Código que existente na mesma referente ao produto que está sendo comercializado.
 
A Sefaz divulgou em seu Portal Nacional tabela com a relação de códigos existentes, porém não possui a descrição dos produtos para cada código. Para ter acesso a essa tabela, acesse o endereço a seguir para baixá-la: http://www.nfe.fazenda.gov.br/portal/exibirArquivo.aspx?conteudo=2Cm8MVJiCVc=
 
Para ter acesso a tabela do SIMP, acesse o endereço: http://www.anp.gov.br/SITE/EXTRAS/SITE_SIMP/tabela-codigos.asp


Referência:

     Nota Técnica 2015/003 (v 1.60) -  http://www.nfe.fazenda.gov.br/portal/exibirArquivo.aspx?conteudo=zJGzcwysHPo=","nfe, erros comuns nfe, resoluções nfe, erros comuns e resoluções - nf-e, erros comuns e resoluções - nfe",https://unoerpwiki.herokuapp.com/menu-implantacao/configuracao-plugins/configuracao-nf-e/erros-nfe/rejeicao-347
Rejeições NFE,Rejeição: 348 - NFC-e com grupo RECOPI. - OK,"Detalhe do Erro
Quando for emitida uma NFC-e e for informado o grupo RECOPI (Reconhecimento e Controle das Operações com Papel Imune) (tag nRECOPI)será retornado a rejeição.

 

Dicas de Correção
Se o grupo RECOPI deve ser informado, então, deve-se emitir uma NF-e (modelo 55). Caso realmente, o documento a ser emitido seja uma NFC-e (modelo 65) o grupo RECOPI pode ter sido informado indevidamente

 

Referência:

Manual de Orientação do Contribuinte (v. 6.0) - http://www.nfe.fazenda.gov.br/portal/exibirArquivo.aspx?conteudo=URCYvjVMIzI=","nfe, erros comuns nfe, resoluções nfe, erros comuns e resoluções - nf-e, erros comuns e resoluções - nfe",https://unoerpwiki.herokuapp.com/pt-br/menu-implantacao/configuracao-plugins/configuracao-nf-e/erros-nfe/rejeicao-348
Rejeições NFE,Rejeição: 349 - Número RECOPI não informado. - OK,"Detalhe do Erro
Ao tentar realizar a emissão de uma NF-e (mod.55), sem o número de RECOPI (Reconhecimento e Controle das Operações com Papel Imune), em operações de impressão de livros, jornais e/ou periódicos (NCM identificando tais itens), o órgão autorizador retorna a rejeição

 

Dicas de Correção

 

É necessário adicionar o número de registro de controle da operação, cadastrado no Sistema RECOPI Nacional, que possuí 20 dígitos, na tag nRECOPI, dentro do grupo prod.","nfe, erros comuns nfe, resoluções nfe, erros comuns e resoluções - nf-e, erros comuns e resoluções - nfe",https://unoerpwiki.herokuapp.com/pt-br/menu-implantacao/configuracao-plugins/configuracao-nf-e/erros-nfe/rejeicao-349
Rejeições NFE,Rejeição: 350 - Número RECOPI inválido. - OK,"Detalhe do Erro

 

Ao tentar realizar a emissão de uma NF-e (mod.55), com o número de RECOPI (Reconhecimento e Controle das Operações com Papel Imune) inválido, o órgão autorizador retorna à rejeição.

 

O erro está relacionado ao preenchimento da tag nRECOPI sem considerar os seguintes critérios:
20 dígitos numéricos (0-9);
Não conter separadores, espaços ou caracteres não numéricos;
Dígitos verificadores inválidos
Dicas de Correção
Corrigindo o conteúdo informado no campo nRECOPI, dentro do grupo prod.","nfe, erros comuns nfe, resoluções nfe, erros comuns e resoluções - nf-e, erros comuns e resoluções - nfe",https://unoerpwiki.herokuapp.com/pt-br/menu-implantacao/configuracao-plugins/configuracao-nf-e/erros-nfe/rejeicao-350
Rejeições NFE,Rejeição: 351 - Valor do ICMS da Operação no CST=51 difere do produto BC e Alíquota. - OK,"Detalhe do Erro

 

Quando for emitida uma NF-e, com CST de ICMS igual a 51 - ""Diferimento"" e o Valor do ICMS da Operação (vICMSOp) for diferente do produto (multiplicação) da Base de Cálculo (vBC) e a Alíquota (pICMS), será retornado a rejeição.

      Veja como é feito o cálculo do Valor do ICMS da Operação da NF-e:

 

vBC (ID: N15)

pICMS (ID: N16)

_________________________

vICMSOp (ID: N16a)

 

Exemplo hipotético:
Foi emitida uma NF-e com CST de ICMS igual a 51, com Base de Cálculo igual a R$ 98.99 e Alíquota de 18.00% (por cento) e foi informado o Valor do ICMS da Operação igual a R$ 18.00. Sendo o valor correto da multiplicação da Base de Cálculo e Alíquota igual a R$ 17.82, a NF-e será rejeitada pelo motivo 351.Cálculo (vBC) e a Alíquota (pICMS), será retornado a rejeição.

 

Dicas de Correção
Na aplicação precisa validar nas regras de ICMS se a regra referente ao item esta correta com as alíquotas. No exemplo apresentado anteriormente o cálculo seria realizado da seguinte forma:

 

vBC (ID: N15) = 98.99

pICMS (ID: N16) = 18.00

______________________________________

vICMSOp (ID: N16a) = 98.99 x 18.00%

vICMSOp (ID: N16a) = 17.8182

 

     Realizando aproximação das quatro casas decimais para duas:

     vICMSOp (ID: N16a) = 17.82","nfe, erros comuns nfe, resoluções nfe, erros comuns e resoluções - nf-e, erros comuns e resoluções - nfe",https://unoerpwiki.herokuapp.com/pt-br/menu-implantacao/configuracao-plugins/configuracao-nf-e/erros-nfe/rejeicao-351
Rejeições NFE,Rejeição: 352 - Valor do ICMS Diferido no CST=51 difere do produto Valor ICMS Operação e percentual diferimento. - OK,"Detalhe do Erro

 

Quando for emitida uma NF-e, com CST de ICMS igual a 51 - ""Diferimento"" e o Valor do ICMS Diferido (vICMSDif) for diferente do produto (multiplicação) do Valor do ICMS da Operação (vICMSOp) e a Alíquota de Diferimento (pDif), será retornado a rejeição.

Veja como é feito o cálculo do Valor do ICMS da Operação da NF-e:A

 

vICMSOp (ID: N16a)

pDif (ID: N16b)

___________________

vICMSDif (ID: N16c)

 

Exemplo hipotético:
Foi emitida uma NF-e com CST de ICMS igual a 51, com Valor do ICMS da Operação igual a R$ 17.82 e Alíquota de Diferimento de 33.33% (por cento) e foi informado o Valor do ICMS de Diferido igual a R$ 6.00. Sendo o valor correto da multiplicação da Base de Cálculo e Alíquota igual a R$ 5.94.

 

Dicas de Correção

 

Na aplicação precisa validar nas regras de ICMS se a regra referente ao item esta correta com as alíquotas. No exemplo apresentado anteriormente o cálculo seria realizado da seguinte forma:

 

vICMSOp (ID: N16a) = 17.82

pDif (ID: N16b) = 33.33%

_____________________________________

vICMSDif (ID: N16c) = 5.939406

 

Realizando aproximação das quatro casas decimais para duas:

vICMSDif (ID: N16c) = 5.94","nfe, erros comuns nfe, resoluções nfe, erros comuns e resoluções - nf-e, erros comuns e resoluções - nfe",https://unoerpwiki.herokuapp.com/pt-br/menu-implantacao/configuracao-plugins/configuracao-nf-e/erros-nfe/rejeicao-352
Rejeições NFE,Rejeição: 353 - Valor do ICMS no CST=51 não corresponde a diferença do ICMS operação e ICMS diferido. OK,"Detalhe do Erro
Quando for emitida uma NF-e, com CST de ICMS igual a 51 - ""Diferimento"" e o Valor do ICMS (vICMS) for diferente da diferença entre o Valor do ICMS Diferido (vICMSDif) e o Valor do ICMS da Operação (vICMSOp), será retornado a rejeição

 

Veja como é feito o cálculo do Valor do ICMS da Operação da NF-e:

vICMSOp (ID: N16a)

vICMSDif (ID: N16c)

__________________________

vICMS (ID: N17)

 

Exemplo hipotético:
Foi emitida uma NF-e com CST de ICMS igual a 51, com Valor do ICMS da Operação igual a R$ 17.82 e o Valor do ICMS Diferido igual a R$ 5.94 e foi informado o Valor do ICMS igual a R$ 12.00. Sendo o valor correto da diferença do Valor do ICMS da Operação e o Valor do ICMS Diferido igual a R$ 11.88, a NF-e será rejeitada pelo motivo 353.

 

Dicas de Correção
Na aplicação precisa validar nas regras de ICMS se a regra referente ao item esta correta com as alíquotas. No exemplo apresentado anteriormente o cálculo seria realizado da seguinte forma:

 

vICMSOp (ID: N16a) = 17.82

vICMSDif (ID: N16c)  = 5.94

__________________________________

vICMS (ID: N17) = 11.88","nfe, erros comuns nfe, resoluções nfe, erros comuns e resoluções - nf-e, erros comuns e resoluções - nfe",https://unoerpwiki.herokuapp.com/pt-br/menu-implantacao/configuracao-plugins/configuracao-nf-e/erros-nfe/rejeicao-353
Rejeições NFE,Rejeição: 354 - Informado grupo de devolução de tributos para NF-e que não tem finalidade de devolução de mercadoria.,"Detalhe do Erro

 

Quando for emitida uma NF-e (modelo 55) com a finalidade de emissão diferente de devolução (finNFe <> 4) e informado o grupo de devolução de tributos (Grupo: det/impostoDevol), haverá a rejeição pelo motivo 354.

 

Exceções e Observações

 

Para essa Regra de Validação não há exceções. O grupo de devolução de tributos só deve ser informado quando a finalidade de emissão da NF-e for igual a devolução (finNFe=4).

 

 

Dicas de Correção

 

Na aplicação validar se a NOP não esta como 'devolução' marcado sendo uma operação de venda normal, com CFOP de venda. Se estiver na NOP precisa desmarcar a opção de 'devolução' e recarregar a NOP no pedido.","nfe, erros comuns nfe, resoluções nfe, erros comuns e resoluções - nf-e, erros comuns e resoluções - nfe",https://unoerpwiki.herokuapp.com/pt-br/menu-implantacao/configuracao-plugins/configuracao-nf-e/erros-nfe/rejeicao-354
Rejeições NFE,Rejeição: 355 - Informar o local de saída do Pais no caso da exportação. - OK,"Detalhe do Erro
Quando for emitida uma NF-e (modelo 55) com a finalidade de emissão diferente de devolução (finNFe <> 4) e informado o grupo de devolução de tributos (Grupo: det/impostoDevol), haverá a rejeição pelo motivo 354.

 

Exceções e Observações
Para essa Regra de Validação não há exceções. O grupo de devolução de tributos só deve ser informado quando a finalidade de emissão da NF-e for igual a devolução (finNFe=4).

 

Dicas de Correção

 

Na aplicação em Vendas > pedidos, buscar pelo pedido relacionado a nota fiscal emitida e pegar a NOP que esta no pedido e validar se ela esta marcada como Exportação, caso não esteja precisa marcar na NOP e depois de salvar as alterações no pedido retirar e colocar a NOP e faturar novamente para que gere a linha no banco de dados.","nfe, erros comuns nfe, resoluções nfe, erros comuns e resoluções - nf-e, erros comuns e resoluções - nfe",https://unoerpwiki.herokuapp.com/pt-br/menu-implantacao/configuracao-plugins/configuracao-nf-e/erros-nfe/rejeicao-355
Rejeições NFE,Rejeição: 356 - Informar o local de saída do Pais somente no caso da exportação. - OK,"Detalhes do Erro

 

O erro se deve pelo motivo de que no pedido de venda o nome do País estar escrito errado ou como no caso como 'Sem País'.
Dicas de Correção

 

Na aplicação em Vendas > pedidos, buscar pelo pedido relacionado a nota fiscal emitida e validar no campo de endereço se o Pais esta preenchido correto com o nome, precisa estar com nome correto ex: Brasil.","nfe, erros comuns nfe, resoluções nfe, erros comuns e resoluções - nf-e, erros comuns e resoluções - nfe",https://unoerpwiki.herokuapp.com/pt-br/menu-implantacao/configuracao-plugins/configuracao-nf-e/erros-nfe/rejeicao-356
Rejeições NFE,Rejeição: 357 - Chave de Acesso do grupo de Exportação Indireta inexistente [nRef: xxx]. - OK,"Detalhes do Erro
Este retorno de rejeição irá ocorrer nos casos em que for informada uma chave de acesso que não existe no portal do estado do emissor da NF-e. A chave de acesso a ser validada é a chave que consta no grupo detExport/exportInd campo <chNFe> e que seja do modelo 55.

 

Podem ocorrer casos em que a nota a ser referenciada foi emitida em produção e a nota que está sendo emitida seja em homologação, a SEFAZ também irá retornar esta rejeição em função de que a mesma consulta o documento no mesmo portal de autorização da nota.

 

 

Dicas de Correção
No pedido no passo dois nos itens informar a chave. Especifico para Exportação Indireta: Chave de Acesso da NF-e recebida para exportação: Deverá ser informado a Chave de Acesso da NF-e recebida que efetivou a exportação; (NF-e recebida com fim específico de exportação em caso de Exportação Indireta);","nfe, erros comuns nfe, resoluções nfe, erros comuns e resoluções - nf-e, erros comuns e resoluções - nfe",https://unoerpwiki.herokuapp.com/pt-br/menu-implantacao/configuracao-plugins/configuracao-nf-e/erros-nfe/rejeicao-357
Rejeições NFE,Rejeição: 358 - Chave de Acesso do grupo de Exportação Indireta cancelada ou denegada [nRef: xxx]. - OK,"Detalhes do Erro
Essa rejeição ocorre, quando você tenta emitir uma NF-e de exportação, e no grupo de Exportação Indireta é informada a chave de acesso de uma nota cancelada ou denegada

 

Dicas de Correção

 

No pedido de venda passo dois corrigir a informação da chave. Ela não pode estar cancelada ou denegada. Caso precise, é possível consultar a nota diretamente na SEFAZ pela chave de acesso.","nfe, erros comuns nfe, resoluções nfe, erros comuns e resoluções - nf-e, erros comuns e resoluções - nfe",https://unoerpwiki.herokuapp.com/pt-br/menu-implantacao/configuracao-plugins/configuracao-nf-e/erros-nfe/rejeicao-358
Rejeições NFE,Rejeição: 359 - NF-e de venda a Órgão Público sem informar a Nota de Empenho. - OK,"Detalhes do Erro
A Rejeição indica que ao emitir uma NF-e que possui o campo motDesICMS = 8, desoneração de ICMS motivada por venda a órgão público, devemos obrigatoriamente informar a nota de emprenho e a","nfe, erros comuns nfe, resoluções nfe, erros comuns e resoluções - nf-e, erros comuns e resoluções - nfe",https://unoerpwiki.herokuapp.com/pt-br/menu-implantacao/configuracao-plugins/configuracao-nf-e/erros-nfe/rejeicao-359
Rejeições NFE,Rejeição: 360 - NF-e com Nota de Empenho inválida para a UF. - OK,"Detalhes do Erro
Ao realizar a emissão de uma NF-e (mod. 55), que contenha a discriminação de uma nota de empenho que não é válida para aquele estado, o órgão autorizador retorna a rejeição

 

      Localizando a informação

Utilizando o Gestão DF-e, acesse a opção [Consulta de NF-e Emitidas] e acione o botão [XML – Visualizar XML]. Procure pela tag xNEmp dentro do grupo compra

 

 

Dicas de Correção
Verificar junto a licitação do Órgão Público as informações necessárias para informar na Nota de Empenho.

 

      Referência: Manual de Orientação ao Contribuinte (versão 6.00) - páginas: 226 e 259","nfe, erros comuns nfe, resoluções nfe, erros comuns e resoluções - nf-e, erros comuns e resoluções - nfe",https://unoerpwiki.herokuapp.com/pt-br/menu-implantacao/configuracao-plugins/configuracao-nf-e/erros-nfe/rejeicao-360
Rejeições NFE,Rejeição: 361 - NF-e com Nota de Empenho inexistente na UF. - OK,"Detalhes do Erro
 Esta rejeição ocorre nos casos em que for transmitida uma NF-e a órgão público com desoneração de ICMS motivada por venda a Órgão Público, <motDesICMS> igual a 8, e a nota de empenho referenciada no campo <xNEmp> do grupo compra não existir na UF que está sendo emitida a nota.

 

Dicas de Correção
Para resolver esse problema deverá referenciar notas de empenho que existam na UF de emissão com retorno de aprovada. Esta implementação é opcional para cada UF, devendo analisar se o seu estado emissor adere a esta regra ou não.","nfe, erros comuns nfe, resoluções nfe, erros comuns e resoluções - nf-e, erros comuns e resoluções - nfe",https://unoerpwiki.herokuapp.com/pt-br/menu-implantacao/configuracao-plugins/configuracao-nf-e/erros-nfe/rejeicao-361
Rejeições NFE,Rejeição: 362 - Venda de combustível sem informação do Transportador. - OK,"Detalhes do Erro
Quando for emitida uma NF-e com CFOP de Venda de Combustível e o Transportador não for identificado (CNPJ / CPF), será retornado a rejeição.

 

      Exceção a regra:

A regra de validação 362 se aplica somente para a NF-e com Finalidade de Emissão normal (finNFe = 1);
A regra de validação 362 se aplica somente para os Códigos de Produto ANP relacionados no Anexo XI.01 do MOC;
A regra de validação 362 não se aplica se for informada a UF do Transportador no exterior (transporta/UF = ”EX”).

 

      Exemplo hipotético:

Foi emitida uma NF-e de Venda de Combustível com o CFOP 5.656 e o Transportador não foi identificado. Nessa situação, a NF-e será rejeitada pelo motivo 362.

 

Dicas de Correção
Deve-se informar o CNPJ ou CPF do Transportador dentro do cadastro da transportadora, a fim de identificá-lo. Veja a seguir o exemplo corrigido:","nfe, erros comuns nfe, resoluções nfe, erros comuns e resoluções - nf-e, erros comuns e resoluções - nfe",https://unoerpwiki.herokuapp.com/pt-br/menu-implantacao/configuracao-plugins/configuracao-nf-e/erros-nfe/rejeicao-362
Rejeições NFE,Rejeição: 364 - Total do valor da dedução do ISS difere do somatório dos itens. - OK,"Detalhes do Erro
Ao realizar a emissão de uma NF-e (mod. 55) ou NFC-e (mod. 65) com total da dedução do ISS (tag vDeducao) no grupo total diferente da soma do Valor da dedução (tag vDeducao) de cada item, o órgão autorizador retorna a rejeição.

 

      Localizando a informação

Utilizando o Gestão DF-e, acesse a opção [Consulta de NF-e Emitidas] ou [Consulta de NFC-e Emitidas] e acione o botão [XML – Visualizar XML]. Procure pela tag vDeducao dentro do grupo infNFe/total/ISSQNtot.

 

No exemplo abaixo, o valor da dedução do ISS (tag vDeducao) de cada item é R$ 0,99. O somatório dos valores está incorreto na tag vDeducao dentro dos grupos total/ISSQNtot: vDeducao item 1 + vDeducao item 2 + vDeducao item n = vDeducao (total).

 

 

Dicas de Correção
Corrigindo o conteúdo informado no campo vDeducao do grupo ISSQNtot em total. Certifique-se que a informação preenchida seja igual à soma dos valores da dedução do ISS de cada item.

 

No exemplo utilizado, foi corrigido o valor na tag vDeducao, segundo o cálculo: R$ 0,99 (vDeducao item 1) + R$ 0,99 (vDeducao item 2) = R$ 1,98 (vDeducao total).","nfe, erros comuns nfe, resoluções nfe, erros comuns e resoluções - nf-e, erros comuns e resoluções - nfe",https://unoerpwiki.herokuapp.com/pt-br/menu-implantacao/configuracao-plugins/configuracao-nf-e/erros-nfe/rejeicao-364
Rejeições NFE,Rejeição: 365 - Total de outras retenções difere do somatório dos itens. - OK,"Detalhes do Erro
Ao realizar a emissão de uma NF-e (mod. 55) ou NFC-e (mod. 65) e o Total de Outras Retenções (tag vOutro no grupo total) estiver diferente da soma entre o Valor de Outras Retenções (tag vOutro) de cada item, o órgão autorizador retorna a rejeição.

 

      Localizando a informação

Utilizando o Gestão DF-e, acesse a opção [Consulta de NF-e Emitidas] ou [Consulta de NFC-e Emitidas] e acione o botão [XML – Visualizar XML]. Procure pela tag vOutro dentro dos grupos infNFe/total/ISSQNtot.

 

No exemplo abaixo, o valor de outras retenções (tag vOutro) de cada item é R$ 0,99. O somatório dos valores está incorreto na tag vOutro dentro dos grupos total/ISSQNtot: vOutro (item 1) + vOutro (item 2)+ vOutro (demais itens)= vOutro (total).

 

Dicas de Correção
Corrigindo o conteúdo informado no campo vOutro do grupo ISSQNtot em total. Certifique-se que a informação preenchida seja igual à soma dos valores de outras retenções de cada item.

 

No exemplo utilizado, foi corrigido o valor na tag vOutro, segundo o cálculo: 0,99 (vOutro item 1) + 0,99 (vOutro item 2) = 1,98 (vOutro total).","nfe, erros comuns nfe, resoluções nfe, erros comuns e resoluções - nf-e, erros comuns e resoluções - nfe",https://unoerpwiki.herokuapp.com/pt-br/menu-implantacao/configuracao-plugins/configuracao-nf-e/erros-nfe/rejeicao-365
Rejeições NFE,Rejeição: 366 - Total do desconto incondicionado ISS difere do somatório dos itens. - OK,"Detalhes do Erro
Ao realizar a emissão de uma NF-e (mod. 55) ou NFC-e (mod. 65) com Total do Desconto Incondicionado ISS (tag vDescIncond) do grupo total diferente da soma do Valor do Desconto Incondicionado ISS (tag vDescIncond) de cada item, o órgão autorizador retorna a rejeição.

 

      Localizando a informação

Utilizando o Gestão DF-e, acesse a opção [Consulta de NF-e Emitidas] ou [Consulta de NFC-e Emitidas] e acione o botão [XML – Visualizar XML]. Procure pela tag vDescIncond dentro do grupo infNFe/total/ISSQNtot.

 

No exemplo abaixo, o valor do Desconto Incondicionado ISS (tag vDescIncond) de cada item é R$ 1,19. O somatório dos valores está incorreto na tag vDescIncond dentro do grupo total/ISSQNtot: vDescIncond item 1 + vDescIncond item 2 + vDescIncond item n = vDescIncond (total).

 

 

 

Dicas de Correção
Corrigindo o conteúdo informado no campo vDescIncond do grupo ISSQNtot em total. Certifique-se que a informação preenchida seja igual à soma dos valores do Desconto Incondicionado ISS de cada item.

 

No exemplo utilizado, foi corrigido o valor na tag vDescIncond, segundo o cálculo: R$ 1,19 (vDescIncond item 1) + R$ 1,19 (vDescIncond item 2) = R$ 2,38 (vDescIncond total).","nfe, erros comuns nfe, resoluções nfe, erros comuns e resoluções - nf-e, erros comuns e resoluções - nfe",https://unoerpwiki.herokuapp.com/pt-br/menu-implantacao/configuracao-plugins/configuracao-nf-e/erros-nfe/rejeicao-366
Rejeições NFE,Rejeição: 367 - Total do desconto condicionado ISS difere do somatório dos itens. - OK,"Detalhes do Erro
Ao realizar a emissão de uma NF-e (mod. 55) ou NFC-e (mod. 65) com o Total do Desconto Condicionado ISS (tag vDescCond) do grupo total diferente da soma entre o Valor do Desconto Condicionado ISS (tag vDescCond) de cada item, o órgão autorizador retorna a rejeição.

 

      Localizando a informação

Utilizando o Gestão DF-e, acesse a opção [Consulta de NF-e Emitidas] ou [Consulta de NFC-e Emitidas] e acione o botão [XML – Visualizar XML]. Procure pela tag vDescCond dentro do grupo infNFe/total/ISSQNtot.

 

No exemplo abaixo, o valor do Desconto Condicionado ISS (tag vDescCond) de cada item é R$ 1,19. O somatório dos valores está incorreto na tag vDescCond dentro do grupo total/ISSQNtot: vDescCond item 1 + vDescCond item 2 + vDescCond item n = vDescCond (total).

 

Dicas de Correção
Corrigindo o conteúdo informado no campo vDescCond do grupo ISSQNtot em total. Certifique-se que a informação preenchida seja igual à soma dos valores do Desconto Condicionado ISS de cada item.

 

No exemplo utilizado, foi corrigido o valor na tag vDescCond, segundo o cálculo: R$ 1,19 (vDescCond item 1) + R$ 1,19 (vDescCond item 2) = R$ 2,38 (vDescCond total).","nfe, erros comuns nfe, resoluções nfe, erros comuns e resoluções - nf-e, erros comuns e resoluções - nfe",https://unoerpwiki.herokuapp.com/pt-br/menu-implantacao/configuracao-plugins/configuracao-nf-e/erros-nfe/rejeicao-367
Rejeições NFE,Rejeição: 368 - Total de ISS retido difere do somatório dos itens. - OK,"Detalhes do Erro
Ao realizar a emissão de uma NF-e (mod. 55) ou NFC-e (mod. 65) com Total do ISS Retido (tag vISSRet no grupo total) diferente da soma entre o Valor do ISS Retido (tag vISSRet) de cada item, o órgão autorizador retorna a rejeição.

 

      Localizando a informação

Utilizando o Gestão DF-e, acesse a opção [Consulta de NF-e Emitidas] ou [Consulta de NFC-e Emitidas] e acione o botão [XML – Visualizar XML]. Procure pela tag vISSRet dentro do grupo infNFe/total/ISSQNtot.

 

No exemplo abaixo, o valor do ISS Retido (tag vISSRet) de cada item é R$ 2,58. O somatório dos valores está incorreto na tag vISSRet dentro dos grupos total/ISSQNtot: vISSRet (nItem=”1”) + vISSRet (nItem=”2”) + vISSRet (nItem=”n”) = vISSRet (total).

 

 

Dicas de Correção
Corrigindo o conteúdo informado no campo vISSRet do grupo ISSQNtot em total. Certifique-se que a informação preenchida seja igual à soma dos valores do ISS Retido de cada item.

 

No exemplo utilizado, foi corrigido o valor na tag vISSRet, segundo o cálculo: R$ 2,58 (vISSRet/nItem=”1”) + R$ 2,58 (vISSRet/nItem=”2”) = R$ 5,16 (vISSRet total).","nfe, erros comuns nfe, resoluções nfe, erros comuns e resoluções - nf-e, erros comuns e resoluções - nfe",https://unoerpwiki.herokuapp.com/pt-br/menu-implantacao/configuracao-plugins/configuracao-nf-e/erros-nfe/rejeicao-368
Rejeições NFE,Rejeição: 369 - Não informado o grupo avulsa na emissão pelo Fisco. - OK,"Detalhes do Erro
Ao realizar a emissão de uma NF-e (mod. 55) ou uma NFC-e (mod. 65) com Processo de Emissão (tag procEmi) igual à 1 (Emissão de NF-e Avulsa pelo Fisco) ou 2 (Emissão de NF-e Avulsa pelo contribuinte), e não for informado o grupo Avulsa (tag avulsa), o órgão autorizador retorna a rejeição.

 

      Localizando a informação

Utilizando o Gestão DF-e, acesse a opção [Consulta de NF-e Emitidas] ou [Consulta de NFC-e Emitidas] e acione o botão [XML – Visualizar XML]. Procure pela tag procEmi dentro do grupo infNFe/ide (exemplo abaixo).

 

Dicas de Correção
Para resolver, é necessário adicionar o grupo avulsa no XML. Certifique-se que o documento esteja com o campo procEmi igual a 1 ou 2.","nfe, erros comuns nfe, resoluções nfe, erros comuns e resoluções - nf-e, erros comuns e resoluções - nfe",https://unoerpwiki.herokuapp.com/pt-br/menu-implantacao/configuracao-plugins/configuracao-nf-e/erros-nfe/rejeicao-369
Rejeições NFE,Rejeição: 370 - Nota Fiscal Avulsa com tipo de emissão inválido. - OK,"Detalhes do Erro
Ao realizar a emissão de NF-e (mod. 55) ou NFC-e (mod. 65) com Processo de Emissão (tag procEmi) igual à 1 (Emissão de NF-e Avulsa pelo Fisco) ou 2 (Emissão de NF-e Avulsa pelo contribuinte), informando o Tipo de Emissão (tag tpEmi) diferente de normal, o órgão autorizador retorna a rejeição.

 

       Localizando a informação

Utilizando o Gestão DF-e, acesse a opção [Consulta de NF-e Emitidas] ou [Consulta de NFC-e Emitidas] e acione o botão [XML – Visualizar XML]. Procure pela tag tpEmi dentro do grupo infNFe/ide (exemplo abaixo).

 

Dicas de Correção
Para resolver, é necessário colocar o Tipo de Emissão (tag tpEmi) igual à 1 (Normal). Certifique-se que o documento esteja com o campo procEmi igual a 1 ou 2.","nfe, erros comuns nfe, resoluções nfe, erros comuns e resoluções - nf-e, erros comuns e resoluções - nfe",https://unoerpwiki.herokuapp.com/pt-br/menu-implantacao/configuracao-plugins/configuracao-nf-e/erros-nfe/rejeicao-370
Rejeições NFE,Rejeição: 387 - Codigo de Enquadramento Legal do IPI invalido - OK,"Rejeição
Rejeição 387: Rejeicao: Codigo de Enquadramento Legal do IPI invalido
Causa
Motivo

Quando for emitida uma NF-e com Código de Enquadramento Legal do IPI (cEnq) preenchido com valor que não existe no Anexo XIV , será retornado a rejeição ""387 - Código de Enquadramento Legal do IPI inválido"".

Exemplo: Foi emitida uma NF-e com CST de IPI igual a 52 e com o Código de Enquadramento Legal do IPI (cEnq) igual a 399. Como o Código de Enquadramento informado não existe na tabela disponibilizada pela Sefaz, a NF-e será rejeitada pelo motivo 387.

Exceções
À Criar
Exemplo

Um erro muito comum dos usuários é informar códigos que ainda não foram publicados pela Sefaz em decorrência das regras de validação abaixo:

Se CST = ""02"" ou ""52"", informar cEnq com um valor entre ""301"" e ""399"";
Se CST = ""04"" ou ""54"", informar cEnq com um valor entre ""001"" e ""099"";
Se CST = ""05"" ou ""55"", informar cEnq com um valor entre ""101"" e ""199"";
Para os demais casos, informar cEnq com um valor entre ""601"" e ""608"" ou ""999"".

Por exemplo, foi informado o Código de Enquadramento Legal do IPI 399 para o CST 52. Apesar de estar no intervalo aceito para o CST de IPI igual 52, esse Código (399) ainda não consta na Lista disponibilizada pela Sefaz.

Para corrigir, é preciso informar código que esteja dentro do intervalo aceito para cada CST e que exista na Tabela: Código de Enquadramento Legal do IPI.

Como Resolver no UNO ERP

Na tela “CDW0011 - Classificação Fiscal” é necessário alterar o campo “cod enquadramento” para o código correto.

Após corrigir, reenviar a NF-e para processamento.

Referência
www.oobj.com.br/erro-387
Dicas
O que é código de enquadramento legal do IPI? Clique aqui.","nfe, erros comuns nfe, resoluções nfe, erros comuns e resoluções - nf-e, erros comuns e resoluções - nfe",https://unoerpwiki.herokuapp.com/pt-br/menu-implantacao/configuracao-plugins/configuracao-nf-e/erros-nfe/erro-387
Rejeições NFE,Rejeição: 401 - CPF do remetente inválido. - OK,"Detalhes do Erro
Ao emitir uma NF-e ou NFC-e com o CPF do emitente invalido. 
Motivos para um CPF invalido:
Número de dígitos diferente de 9 números;
Sequencia de 0;
Composição do digito verificador.

 

 

Dicas de Correção

 

Na aplicação em cadastros gerais > clientes, em contatos, aba: dados pessoais, no campo CPF precisa validar se as informações referente ao documento esta correto.","nfe, erros comuns nfe, resoluções nfe, erros comuns e resoluções - nf-e, erros comuns e resoluções - nfe",https://unoerpwiki.herokuapp.com/pt-br/menu-implantacao/configuracao-plugins/configuracao-nf-e/erros-nfe/rejeicao-401
Rejeições NFE,Rejeição: 402 - XML da área de dados com codificação diferente de UTF-8. - OK,"Ao realizar a emissão de uma NF-e (mod. 55) com codificação diferente de UTF-8, o órgão autorizador retorna a rejeição.
O erro está relacionado ao uso de caracteres no XML que não pertencem ao conjunto da codificação UTF-8. Você pode consultar o Padrão de Codificação na página 16 do Manual de Orientação ao Contribuinte (versão 6.00).

 

      Localizando a informação

 

Utilizando o Gestão DF-e, acesse a opção [Consulta de NF-e Emitidas] e acione o botão [XML – Visualizar XML]. No exemplo abaixo, a tag xProd dentro dos infNFe/prod foi preenchida utilizando letras acentuadas.

 

Dicas de Correção
Para resolver, é necessário verificar no XML quais campos foram preenchidos com letras acentuadas e remover as mesmas, ou substitui-las como no exemplo abaixo.

 

Ao emitir um documento, recomendamos que não sejam utilizados caracteres acentuados e textos copiados de ferramentas como editores de texto e planilhas de cálculo.","nfe, erros comuns nfe, resoluções nfe, erros comuns e resoluções - nf-e, erros comuns e resoluções - nfe",https://unoerpwiki.herokuapp.com/pt-br/menu-implantacao/configuracao-plugins/configuracao-nf-e/erros-nfe/rejeicao-402
Rejeições NFE,Rejeição: 403 - O grupo de informações da NF-e avulsa é de uso exclusivo do Fisco. - OK,"Detalhes do Erro
A Rejeição (403):""O grupo de informações da NF-e avulsa é de uso exclusivo do Fisco"", indica que foi emitida uma NF-e que possui a tag avulsa de uso exclusivo do fisco, e nesse caso a rejeição 403 irá ocorrer.

 

      Na prática, o que isso significa?

Que não podemos incluir o grupo avulsa em notas fiscais emitidas em nenhuma circunstância, seu uso é exclusivo do fisco.

 

Dicas de Correção
Para resolver a Rejeição 403: O grupo de informações da NF-e avulsa é de uso exclusivo do Fisco, deve ser removido do XML da NF-e o grupo de informações da NF-e avulsa (tag:avulsa). Esse grupo é de uso exclusivo do fisco.","nfe, erros comuns nfe, resoluções nfe, erros comuns e resoluções - nf-e, erros comuns e resoluções - nfe",https://unoerpwiki.herokuapp.com/pt-br/menu-implantacao/configuracao-plugins/configuracao-nf-e/erros-nfe/rejeicao-403
Rejeições NFE,Rejeição: 404 - Uso de prefixo de namespace não permitido. - OK,"Detalhes do Erro
A Rejeição (404):""Uso de prefixo de namespace não permitido"", indica que ao emitir uma NF-e, foi informado um prefixo não permitido em algum namespace da mensagem de envio. E nesse caso a rejeição 404 irá ocorrer.

 

      Na prática, o que isso significa?

Ao efetuarmos uma comunicação com a SEFAZ devemos seguir obrigatoriamente o padrão de comunicação exigida, caso contrário, iremos receber uma mensagem de rejeição. No exemplo ao lado, caso tivéssemos informado um prefixo ""xsi"" (por exemplo) no namespace padrão, ficando como no exemplo ao lado.

 

Dicas de Correção
Para resolver a Rejeição 404: Uso de prefixo de namespace não permitido, deve-se verificar se os namespaces da mensagem de envio da NF-e possuem algum prefixo diferente do que são permitidos pelo projeto NF-e da SEFAZ.

 

Abaixo exemplo de mensagem XML correto em relação ao padrão da SEFAZ:","nfe, erros comuns nfe, resoluções nfe, erros comuns e resoluções - nf-e, erros comuns e resoluções - nfe",https://unoerpwiki.herokuapp.com/pt-br/menu-implantacao/configuracao-plugins/configuracao-nf-e/erros-nfe/rejeicao-404
Rejeições NFE,Rejeição: 405 - Código do país do emitente: dígito inválido. - OK,"Detalhes do Erro
Ao realizar a emissão de uma NF-e (mod. 55) com o Código do País (tag cPais), dentro do grupo Emitente, informado incorretamente, o órgão autorizador retorna a rejeição.

 

      Localizando a informação

Utilizando o Gestão DF-e, acesse a opção [Consulta de NF-e Emitidas] e acione o botão [XML – Visualizar XML]. Procure pela tag cPais dentro do grupo emit/enderEmit (exemplo ao lado).

 

Dicas de Correção
Para resolver, é necessário corrigir o Código do País (tag cPais). Certifique-se que o Código do País informado esteja correto. Utilize como referência a Tabela de Países, publicada no Portal da Nota Fiscal Eletrônica.","nfe, erros comuns nfe, resoluções nfe, erros comuns e resoluções - nf-e, erros comuns e resoluções - nfe",https://unoerpwiki.herokuapp.com/pt-br/menu-implantacao/configuracao-plugins/configuracao-nf-e/erros-nfe/rejeicao-405
Rejeições NFE,Rejeição: 406 - Código do país do destinatário: dígito inválido. - OK,"Detalhes do Erro
Ao realizar a emissão de uma NF-e (mod. 55) com o Código do País (tag cPais), dentro do grupo Destinatário, informado incorretamente, o órgão autorizador retorna a rejeição.

 

       Localizando a informação

Utilizando o Gestão DF-e, acesse a opção [Consulta de NF-e Emitidas] e acione o botão [XML – Visualizar XML]. Procure pela tag cPais dentro do grupo dest/enderDest

 

Dicas de Correção
Para resolver, é necessário corrigir o Código do País (tag cPais). Certifique-se que o Código do País informado esteja correto, utilizando como referência a Tabela de Países, publicada no Portal da Nota Fiscal Eletrônica.","nfe, erros comuns nfe, resoluções nfe, erros comuns e resoluções - nf-e, erros comuns e resoluções - nfe",https://unoerpwiki.herokuapp.com/pt-br/menu-implantacao/configuracao-plugins/configuracao-nf-e/erros-nfe/rejeicao-406
Rejeições NFE,Rejeição: 407 - O CPF só pode ser informado no campo emitente para a NF-e avulsa. - OK,"Detalhes do Erro
Quando for emitida uma NF-e e for informado um CPF como emissor do documento, e este não for uma NF-e avulsa, será retornado a rejeição.

 

       Exemplo hipotético:

Foi emitida uma NF-e e foi informado um CPF como emissor por Sistema de Emissão próprio do Contribuinte. Nessa situação, por não ser uma NF-e avulsa, a NF-e será rejeitada pelo motivo 407.

 

 

Dicas de Correção
A emissão de NF-e avulsa é feita através dos Portais Estaduais, das Sefaz que disponibilizam esse recurso. Uma NF-e Avulsa é emitida com o CNPJ da Sefaz do Estado e Certificado da mesma, logo não é possível emitir o mesmo pelo Emissor Gratuito da Sefaz ou Emissor próprio. Para orientações sobre como emitir uma NF-e avulsa entre em contato com a Sefaz do seu Estado. Veja a seguir um exemplo de NF-e avulsa:","nfe, erros comuns nfe, resoluções nfe, erros comuns e resoluções - nf-e, erros comuns e resoluções - nfe",https://unoerpwiki.herokuapp.com/pt-br/menu-implantacao/configuracao-plugins/configuracao-nf-e/erros-nfe/rejeicao-407
Rejeições NFE,Rejeição: 408 - Evento não disponível para Autor pessoa física. - OK,"Detalhes do Erro
Nos casos de envio de NF-e em contingência EPEC é realizada a geração do documento a ser enviado a SEFAZ, nesta estruturação do documento as informações preenchidas são extraídas do arquivo da NF-e enviado pelo emissor.
Um dos campos preenchido é o campo CNPJ/CPF do emitente do documento, caso o emissor seja pessoa física, CPF, a SEFAZ rejeitará o EPEC enviado com o retorno 408 – Evento não disponível para Autor pessoa física.
Esta rejeição ocorre em função de que a SEFAZ não permite emissão de NF-e em contingência EPEC, tpEmis=4, para pessoa física, apenas pessoa jurídica.

 

Dicas de Correção
Para resolver a situação deverá ser emissor pessoa jurídica, CNPJ, e se for pessoa física, CPF, deverá analisar outras opções de contingência, como no caso SVC.","nfe, erros comuns nfe, resoluções nfe, erros comuns e resoluções - nf-e, erros comuns e resoluções - nfe",https://unoerpwiki.herokuapp.com/pt-br/menu-implantacao/configuracao-plugins/configuracao-nf-e/erros-nfe/rejeicao-408
Rejeições NFE,Rejeição: 409 - Campo cUF inexistente no elemento nfeCabecMsg do SOAP Header. - OK,"Detalhes do Erro
A Rejeição (409):""Campo cUF inexistente no elemento nfeCabecMsg do SOAP Header"", indica que ao enviar uma NF-e para SEFAZ, existe um problema no Header do envelope SOAP, que é a falta do campo cUF dentro do elemento nfeCabecMsg, que é o padrão exigido pela SEFAZ.

 

Dicas de Correção
Para resolver a Rejeição 409: Campo cUF inexistente no elemento nfeCabecMsg do SOAP Header, deve ser informado no Header do envelope SOAP o campo cUF dentro do elemento nfeCabecMSg, com o estado da SEFAZ para a qual a nota está sendo enviada.

 

      Exemplo de uma mensagem requisição padrão SOAP exigido pela SEFAZ:","nfe, erros comuns nfe, resoluções nfe, erros comuns e resoluções - nf-e, erros comuns e resoluções - nfe",https://unoerpwiki.herokuapp.com/pt-br/menu-implantacao/configuracao-plugins/configuracao-nf-e/erros-nfe/rejeicao-409
Rejeições NFE,Rejeição: 410 - UF informada no campo cUF não é atendida pelo Web Service. - OK,"Detalhes do erro
A Rejeição indica que ao emitir uma NF-e com o campo cUF preenchido com uma UF não atendida pela UF de recepção do documento a rejeição 410 irá ocorrer.

 

      Na prática, o que isso significa?

Quando um contribuinte se depara com a Rejeição (410): “UF informada no campo cUF não é atendida pelo webservice”, isto implica que foi informado um código do estado incorreto, em que o webservice que está recebendo o XML não atende esta UF ou o webservice que está sendo setado para o envio do documento não é o correto.

 

Dicas de Correção
Para resolver a Rejeição 410: UF informada no campo cUF não é atendida pelo webservice, verifique se o código da UF informada no campo cUF da NF-e está correto em relação a UF do WebService que está fazendo a recepção do documento. Pois existem estados que não possuem WebService próprio e são atendidos para outros estados da federação. Então para resolver essa rejeição verifique se a UF de recepção atende a UF informada na NF-e.","nfe, erros comuns nfe, resoluções nfe, erros comuns e resoluções - nf-e, erros comuns e resoluções - nfe",https://unoerpwiki.herokuapp.com/pt-br/menu-implantacao/configuracao-plugins/configuracao-nf-e/erros-nfe/rejeicao-410
Rejeições NFE,Rejeição: 411 - Campo versaoDados inexistente no elemento nfeCabecMsg do SOAP Header. - OK,"Detalhes do Erro
O campo versaoDados presente no elemento NFeCabecMsg deve obrigatoriamente ser informado na estrutura padrão SOAP no XML da SEFAZ. Caso não informar o campo, ou informar incorretamente será retornada à rejeição.

 

Dicas de Correção
Este problema ocorre devido a falhas na configuração do software do emissor.","nfe, erros comuns nfe, resoluções nfe, erros comuns e resoluções - nf-e, erros comuns e resoluções - nfe",https://unoerpwiki.herokuapp.com/pt-br/menu-implantacao/configuracao-plugins/configuracao-nf-e/erros-nfe/rejeicao-411
Rejeições NFE,Rejeição: 416 - Falha na descompactação da área de dados. - OK,"Detalhes do Erro
Este processo de descompactação dos dados é realizado pela SEFAZ no momento em que recebe do sistema emissor um documento inválido para leitura.
A SEFAZ permite com que os sistemas emissores de NF-e compactem os arquivos para envio, diminuindo o tráfego de dados na rede e tornando o processo mais ágil.
Caso o processo de compactação dos dados for realizado de uma forma incorreta a SEFAZ irá retornar a rejeição 

 

Dicas de Correção
Analisar a falha e compactar novamente no padrão GZip.","nfe, erros comuns nfe, resoluções nfe, erros comuns e resoluções - nf-e, erros comuns e resoluções - nfe",https://unoerpwiki.herokuapp.com/pt-br/menu-implantacao/configuracao-plugins/configuracao-nf-e/erros-nfe/rejeicao-416
Rejeições NFE,Rejeição: 417 - Total do ICMS superior ao valor limite estabelecido. - OK,"Detalhes do Erro
A rejeição 417 ocorre quando o valor total do ICMS ultrapassa o valor limite estabelecido pela UF do emitente.

 

Dicas de Correção
Em cadastros gerais > cadastros iniciais > regras de ICMS, necessário ajustar as informações pertinentes a ICMS de acordo com a informação passada pela contabilidade.","nfe, erros comuns nfe, resoluções nfe, erros comuns e resoluções - nf-e, erros comuns e resoluções - nfe",https://unoerpwiki.herokuapp.com/pt-br/menu-implantacao/configuracao-plugins/configuracao-nf-e/erros-nfe/rejeicao-417
Rejeições NFE,Rejeição: 418 - Total do ICMS ST superior ao valor limite estabelecido. - OK,"Detalhes do Erro
A rejeição 418 ocorre quando o valor total do ICMS-ST ultrapassa o valor limite estabelecido pela UF do emitente.

 

Dicas de Correção
Em cadastros gerais > cadastros iniciais > regras de ICMS ST, necessário ajustar as informações pertinentes a ICMS de acordo com a informação passada pela contabilidade.","nfe, erros comuns nfe, resoluções nfe, erros comuns e resoluções - nf-e, erros comuns e resoluções - nfe",https://unoerpwiki.herokuapp.com/pt-br/menu-implantacao/configuracao-plugins/configuracao-nf-e/erros-nfe/rejeicao-418
Rejeições NFE,Rejeição: 420 - Cancelamento para NF-e já cancelada. - OK,"Detalhes do Erro
A Rejeição indica que já existe uma NF-e com mesma Numeração e Série cancelada junto à base de dados da SEFAZ, ou seja, quando há uma segunda solicitação de cancelamento para uma mesma NF-e, que já se encontra cancelada.

 

Dicas de Correção
Em vendas > NF-e Federal, clicar na lupa de consulta para realizar o sincronismo da nota.","nfe, erros comuns nfe, resoluções nfe, erros comuns e resoluções - nf-e, erros comuns e resoluções - nfe",https://unoerpwiki.herokuapp.com/pt-br/menu-implantacao/configuracao-plugins/configuracao-nf-e/erros-nfe/rejeicao-420
Rejeições NFE,Rejeição: 450 - Modelo da NF-e diferente de 55. - OK,"Detalhes do Erro
Ao emitir uma NF-e com o modelo diferente de 55, será retornado da SEFAZ a rejeição 450 – Modelo da NF-e diferente de 55.

 

      Localizando a informação:

Utilizando o Gestão DF-e, acesse as opções [Consulta de NF-e Emitidas] e acione o botão [XML – Visualizar XML]. Procure pela tag <mod>dentro do grupo infNFe/ide.

 

Dicas de Correção
Altere o modelo do documento na tag <mod>dentro do grupo infNFe/ide e reenvie a nota (exemplo abaixo).","nfe, erros comuns nfe, resoluções nfe, erros comuns e resoluções - nf-e, erros comuns e resoluções - nfe",https://unoerpwiki.herokuapp.com/pt-br/menu-implantacao/configuracao-plugins/configuracao-nf-e/erros-nfe/rejeicao-450
Rejeições NFE,Rejeição: 451 - Processo de emissão informado inválido. - OK,"Detalhes do Erro
A Rejeição indica que ao emitir uma NF-e o campo de processo de emissão (procEmi) está diferente de 0.

 

A SEFAZ libera os seguintes códigos para esse campo: 0=Emissão de NF-e com aplicativo do contribuinte; 1=Emissão de NF-e avulsa pelo Fisco; 2=Emissão de NF-e avulsa, pelo contribuinte com seu certificado digital, através do site do Fisco; 3=Emissão NF-e pelo contribuinte com aplicativo fornecido pelo Fisco.

 

Para emitentes que usam a emissão de nota fiscal eletrônica via sistema automatizado contratado de terceiros ou de desenvolvimento próprio, devem utilizar o código 0 para esse campo.

 

Dicas de Correção
Para resolver a Rejeição 451, verifique o campo procEmi no XML da NF-e, que deve obrigatoriamente ter o valor 0, para notas enviadas via Sistema Automatizado.","nfe, erros comuns nfe, resoluções nfe, erros comuns e resoluções - nf-e, erros comuns e resoluções - nfe",https://unoerpwiki.herokuapp.com/pt-br/menu-implantacao/configuracao-plugins/configuracao-nf-e/erros-nfe/rejeicao-451
Rejeições NFE,Rejeição: 452/553 - Tipo Autorizador do Recibo diverge do Órgão Autorizador.,"Detalhes do Erro
A Rejeição indica que ao enviar uma consulta de recibo para determinando WebService o mesmo não foi o responsável pelo processamento do envio relacionado ao recibo que está se tentando consultar.

 

       Na prática, o que isso significa?

Ao fazer a consulta de recibo de uma NF-e devemos sempre estar atentos para que ela seja realizada exatamente no mesmo WebService ao qual o envio ocorreu.

 

Dicas de Correção
Para resolver a Rejeição, verifique exatamente para qual WebService está sendo enviada a requisição de consulta de recibo (tem que ser o mesmo WebService do envio), pois essa rejeição indica que está sendo solicitado informações que não foram processadas pelo WebService para qual está sendo enviada a consulta de recibo.","nfe, erros comuns nfe, resoluções nfe, erros comuns e resoluções - nf-e, erros comuns e resoluções - nfe",https://unoerpwiki.herokuapp.com/pt-br/menu-implantacao/configuracao-plugins/configuracao-nf-e/erros-nfe/rejeicao-452-553
Rejeições NFE,Rejeição: 453 - Ano de inutilização não pode ser superior ao Ano atual. - OK,"Detalhes do Erro
Ao tentar realizar a inutilização de uma NF-e (modelo 55), com o preenchimento do campo Ano superior ao atual, o órgão autorizador retorna à rejeição.

 

O Web service utilizado para realizar a inutilização de uma NF-e, realiza a validação de alguns campos, e um deles é o ano de ocorrência.

 

Dicas de Correção
Não é possível inutilizar a numeração de uma NF-e com preenchimento do campo ano, superior ao atual.

 

     Manual de Orientação ao Contribuinte (versão 6.00) - página 54","nfe, erros comuns nfe, resoluções nfe, erros comuns e resoluções - nf-e, erros comuns e resoluções - nfe",https://unoerpwiki.herokuapp.com/pt-br/menu-implantacao/configuracao-plugins/configuracao-nf-e/erros-nfe/rejeicao-453
Rejeições NFE,Rejeição: 454 - Ano de inutilização não pode ser inferior a 2006. - OK,"Detalhes do Erro
Ao tentar realizar a inutilização de uma NF-e (modelo 55), com o preenchimento do campo Ano inferior ao ano de 2006, o órgão autorizador retorna à rejeição.

 

O Web service utilizado para realizar a inutilização de uma NF-e, realiza a validação de alguns campos, e um deles é o Ano.

 

Dicas de Correção
Não é possível inutilizar a numeração de uma NF-e com preenchimento do campo Ano, inferior a 2006, pois o projeto da NF-e entrou em vigor no ano de 2006.

 

      Manual de Orientação ao Contribuinte (versão 6.00) - página 54","nfe, erros comuns nfe, resoluções nfe, erros comuns e resoluções - nf-e, erros comuns e resoluções - nfe",https://unoerpwiki.herokuapp.com/pt-br/menu-implantacao/configuracao-plugins/configuracao-nf-e/erros-nfe/rejeicao-454
Rejeições NFE,Rejeição: 455 - Órgão Autor do evento diferente da UF da Chave de Acesso.,"Detalhes do Erro
Nos casos de envio de NF-e em contingência EPEC é realizada a geração do documento a ser enviado a SEFAZ, nesta estruturação do documento as informações preenchidas são extraídas do arquivo da NF-e enviado pelo emissor.
Um dos campos preenchido é o campo ‘cOrgaoAutor’ com a informação do código da UF do emissor contido na tag ‘cUF’ do arquivo da NF-e. Caso informar um valor diferente do que consta na NF-e e na chave de acesso do documento será retornada à rejeição 455 – órgão do Autor do evento diferente da UF da Chave de Acesso.
Esta rejeição ocorre em função de que a SEFAZ valida se o código do estado enviado neste campo é igual ao código da UF contido na chave de acesso do documento.

 

Dicas de Correção
Para resolver a situação deverá ajustar a informação do campo e reenviar o evento de contingência EPEC.","nfe, erros comuns nfe, resoluções nfe, erros comuns e resoluções - nf-e, erros comuns e resoluções - nfe",https://unoerpwiki.herokuapp.com/pt-br/menu-implantacao/configuracao-plugins/configuracao-nf-e/erros-nfe/rejeicao-455
Rejeições NFE,Rejeição: 461 - Informado percentual de Gás Natural na mistura para produto diferente de GLP.,"Detalhes do Erro
A rejeição ocorre quando informou os campos Perc. GLP Deriv. Petróleo, Perc. Gás Nat. Nacional, Perc. Gás Nat. Importado para produto GLP (gás liquefeito de petróleo), com código ANP diferente de: 210203001.

 

       Obs: Essa informação é obrigatória para Código ANP 210203001, diferentes desse deixar os campos em branco.

 

      Segue uma breve descrição dos campos, segundo a NT:

 

Dicas de Correção
Para resolver a Rejeição 461, informe o código do produto(cProdANP) com o valor ""210203001"" quando informar os campos pGLP, pGNn ou pGNi.

 

     Exemplo da estrutura correta em XML:","nfe, erros comuns nfe, resoluções nfe, erros comuns e resoluções - nf-e, erros comuns e resoluções - nfe",https://unoerpwiki.herokuapp.com/pt-br/menu-implantacao/configuracao-plugins/configuracao-nf-e/erros-nfe/rejeicao-461
Rejeições NFE,Rejeição: 465 - Número de Controle da FCI inexistente.,"Detalhes do Erro
A informação do Número da FCI é obrigatória nas operações interestaduais, conforme a Origem da Mercadoria (3, 5 ou 8), a partir de 01/10/2013, conforme legislação atual NT2013/006.

 

Dicas de Correção
Quando for emitir uma NF-e que seja obrigatório informar o FCI, Ficha de Conteúdo de Importação, deverá ser gerado por uma função padrão de geração de números aleatórios e únicos, e com registro na Resolução 13/2012 do Senado Federal e na NT2013/006.
Este padrão acaba gerando uma sequência de 36 caracteres, contendo algarismos, letras maiúsculas de ""A"" a ""F"" e o caractere de hífen. Um exemplo: B01F70AF-10BF-4B1F-848C-65FF57F616FE.","nfe, erros comuns nfe, resoluções nfe, erros comuns e resoluções - nf-e, erros comuns e resoluções - nfe",https://unoerpwiki.herokuapp.com/pt-br/menu-implantacao/configuracao-plugins/configuracao-nf-e/erros-nfe/rejeicao-465
Rejeições NFE,Rejeição: 466 - Evento com Tipo de Autor incompatível.,"Rejeição

A rejeição 466 significa que a nota fiscal foi rejeitada por ter um evento com tipo de autor incompatível.

O que é uma rejeição de nota fiscal? 

Uma rejeição de nota fiscal ocorre quando a nota não atende aos critérios de validação do sistema. 

Dicas

Como resolver: 

Entrar em contato com a equipe de suporte, pois se trata de um erro do sistema do emissor da nota.","nfe, erros comuns nfe, resoluções nfe, erros comuns e resoluções - nf-e, erros comuns e resoluções - nfe",https://unoerpwiki.herokuapp.com/pt-br/menu-implantacao/configuracao-plugins/configuracao-nf-e/erros-nfe/rejeicao-466
Rejeições NFE,Rejeição: 467 - Dados da NF-e divergentes do EPEC.,"Detalhes do Erro
Quando uma NF-e em Contingência EPEC for recebida pela Sefaz Estadual com os dados divergentes do evento EPEC registrado na Sefaz Nacional haverá a rejeição 467 - Dados da NF-e divergentes do EPEC.

 

Alguns dados que podem estar divergentes:","nfe, erros comuns nfe, resoluções nfe, erros comuns e resoluções - nf-e, erros comuns e resoluções - nfe",https://unoerpwiki.herokuapp.com/pt-br/menu-implantacao/configuracao-plugins/configuracao-nf-e/erros-nfe/rejeicao-467
Rejeições NFE,"Rejeição: 468 - NF-e com Tipo Emissão = 4, sem EPEC correspondente. - OK","Detalhes do Erro
Quando se gera uma Contingência EPEC de NF-e, ela deve ser transmitida a Sefaz Estadual imediatamente após cessar os problemas técnicos no Ambiente Autorizador da Sefaz Estadual. Nesse tipo de Contingência, deve-se primeiro enviar o Evento EPEC para a SEFAZ Nacional, que será responsável por compartilhar esse mesmo evento com a SEFAZ Estadual.

 

No caso dessa Contingência EPEC ter sido recebida pela SEFAZ Estadual e a SEFAZ Nacional ainda não tiver feito o compartilhamento do Evento EPEC, a SFEAZ Estadual retornará a Rejeição 468 - NF-e com Tipo Emissão = 4, sem EPEC correspondente.

 

Dicas de Correção
Para resolver a Rejeição 468: NF-e com Tipo Emissão = 4, sem EPEC correspondente, segundo a SEFAZ, basta aguardar. Esta rejeição tem o objetivo de informar que o Evento EPEC ainda não foi sincronizado entre os Servidores da SEFAZ Nacional com a SEFAZ Estadual, podendo este ser uma falha na SEFAZ Nacional ao compartilhar o Evento ou então na SEFAZ Estadual que não conseguiu receber o Evento EPEC.","nfe, erros comuns nfe, resoluções nfe, erros comuns e resoluções - nf-e, erros comuns e resoluções - nfe",https://unoerpwiki.herokuapp.com/pt-br/menu-implantacao/configuracao-plugins/configuracao-nf-e/erros-nfe/rejeicao-468
Rejeições NFE,Rejeição: 471 - Informado NCM=00 indevidamente. - OK,"Rejeição

A nota retorna com a Rejeição 471 quando é informado 00 no campo NCM da classificação fiscal do item.

Exemplo: 

 

Dicas

Para resolver essa rejeição é necessário validar qual o NCM correto para preencher.

Após corrigir o NCM é necessário:

Inutilizar a nota para reabrir o pedido. 

Recarregar o item no pedido.","nfe, erros comuns nfe, resoluções nfe, erros comuns e resoluções - nf-e, erros comuns e resoluções - nfe",https://unoerpwiki.herokuapp.com/pt-br/menu-implantacao/configuracao-plugins/configuracao-nf-e/erros-nfe/rejeicao-471
Rejeições NFE,Rejeição: 476 - Código da UF diverge da UF da primeira NF-e do Lote.- OK,"Rejeição

A rejeição ""476 - Código da UF diverge da UF da primeira NF-e do Lote"" ocorre quando um lote de notas fiscais eletrônicas (NF-e) contém notas de diferentes Unidades Federativas (UF).

O que acontece? 

Essa rejeição acontece no ambiente virtual da SEFAZ. 
A SEFAZ Virtual não autoriza lotes com NF-e de diferentes UF.
Dicas

Como resolver? 

Verifique o código da UF do emitente. 

Verifique se os WebServices configurados nos parâmetros da NF-e direcionam para a Sefaz correta.
Entre em contato com o suporte.","nfe, erros comuns nfe, resoluções nfe, erros comuns e resoluções - nf-e, erros comuns e resoluções - nfe",https://unoerpwiki.herokuapp.com/pt-br/menu-implantacao/configuracao-plugins/configuracao-nf-e/erros-nfe/rejeicao-476
Rejeições NFE,Rejeição: 477 - Código do órgão diverge do órgão do primeiro evento do Lote.,"Rejeição

A rejeição 477 ""Código do órgão diverge do órgão do primeiro evento do Lote"" ocorre quando um lote de NF-e contém notas de diferentes órgãos. Isso acontece quando a emissão é feita no ambiente virtual da SEFAZ. 

Como ocorre? 

Ocorre quando um lote de NF-e enviado para processamento contém notas de diferentes órgãos. 
A rejeição ocorre nos casos em que a emissão for realizada pelo ambiente da SEFAZ Virtual.
Dicas

O que fazer? 

Para resolver a rejeição, é preciso verificar se o lote de NF-e enviado para processamento contém notas de diferentes órgãos.","nfe, erros comuns nfe, resoluções nfe, erros comuns e resoluções - nf-e, erros comuns e resoluções - nfe",https://unoerpwiki.herokuapp.com/pt-br/menu-implantacao/configuracao-plugins/configuracao-nf-e/erros-nfe/rejeicao-477
Rejeições NFE,Rejeição: 478 - Local da entrega não informado para faturamento direto de veículos novos.,"Detalhes do Erro
Se for deixado de informar o grupo de Entrega e sua respectiva UF, a rejeição iria ocorrer.

 

Dicas de Correção

Deve ser informado o campo UF (id:G09) do local de entrega (grupo entrega), quando informado operação de faturamento direto para consumidor de veículos novos, indicado no campo tpOP (id:J02) igual a 2.

Segundo o manual do contribuinte, a UF é necessária para validação da IEST nestas operações.

 

Segue exemplo de XML correto:","nfe, erros comuns nfe, resoluções nfe, erros comuns e resoluções - nf-e, erros comuns e resoluções - nfe",https://unoerpwiki.herokuapp.com/pt-br/menu-implantacao/configuracao-plugins/configuracao-nf-e/erros-nfe/rejeicao-478
Rejeições NFE,Rejeição: 484 - Chave de Acesso com tipo de emissão diferente de 4 (posição 35 da Chave de Acesso).,"Detalhes do Erro

A rejeição 484 significa que o campo de tipo de emissão da nota fiscal está diferente de 4, o que é o código da contingência EPEC da SEFAZ. 

Você pode consultar a Central de Atendimento da SEFAZ para mais informações. 

Dicas de Correção

Para resolver esse erro, você pode: 

Alterar o valor do campo tpEmis no XML da nota fiscal
Corrigir qualquer informação equivocada no momento da emissão
Fazer uma nova emissão da nota fiscal

Se a nota fiscal for rejeitada, você pode: 

Verificar se há alguma duplicidade de nota fiscal
Corrigir a série da nota fiscal
Corrigir qualquer informação equivocada no momento da emissão
Fazer uma nova emissão da nota fiscal","nfe, erros comuns nfe, resoluções nfe, erros comuns e resoluções - nf-e, erros comuns e resoluções - nfe",https://unoerpwiki.herokuapp.com/pt-br/menu-implantacao/configuracao-plugins/configuracao-nf-e/erros-nfe/rejeicao-484
Rejeições NFE,"Rejeição: 485 - Duplicidade de numeração do EPEC (Modelo, CNPJ, Série e Número).","Rejeição

A rejeição 485 significa que a numeração do EPEC (Evento Prévio de Emissão em Contingência) já foi autorizada anteriormente para o mesmo CNPJ. A rejeição é apresentada pela SEFAZ.

Causa da rejeição 

O emitente está utilizando a mesma numeração, série, modelo e tpEvent já autorizada anteriormente em EPEC para este CNPJ.
Dicas

Como evitar a rejeição 

Antes de enviar um novo documento para a SEFAZ, é recomendável consultar a situação do documento.
Evitará assim de retornar a duplicidade de evento EPEC.

 

O que é o EPEC? 

O EPEC é uma alternativa de emissão de NF-e em contingência.
Com o EPEC, é possível registrar previamente um evento com o resumo do conteúdo da NF-e que se deseja emitir.
O registro prévio do evento da NF-e permite a impressão do DANFE em papel comum.

O Portal Nacional da NF-e permite consultar os EPEC pendentes.","nfe, erros comuns nfe, resoluções nfe, erros comuns e resoluções - nf-e, erros comuns e resoluções - nfe",https://unoerpwiki.herokuapp.com/pt-br/menu-implantacao/configuracao-plugins/configuracao-nf-e/erros-nfe/rejeicao-485
Rejeições NFE,Rejeição: 489 - CNPJ informado inválido (DV ou zeros).,"Detalhes do Erro
 Indica que ao realizar um requisição a um WebService da SEFAZ, o CNPJ do contribuinte utilizado não é válido. Segundo o manual é feita uma validação no dígito de controle ou zeros.

 

Dicas de Correção
Deve-se informar um CNPJ de contribuinte válido para o WebService da SEFAZ. Verifique se o dígito verificador está correto e se existem zeros a esquerda e se o mesmo possui 14 caracteres.","nfe, erros comuns nfe, resoluções nfe, erros comuns e resoluções - nf-e, erros comuns e resoluções - nfe",https://unoerpwiki.herokuapp.com/pt-br/menu-implantacao/configuracao-plugins/configuracao-nf-e/erros-nfe/rejeicao-489
Rejeições NFE,Rejeição: 490 - CPF informado inválido (DV ou zeros).,"Detalhes do Erro
Indica que o CPF informado possui o dígito verificador que não corresponde ao cálculo dos dígitos anteriores ou está preenchido com zeros, tornando o CPF inválido. 

 

Dicas de Correção
Verifique o campo CPF do autor do evento relacionada a NF-e (CCe, Cancelamento, etc) está informado corretamente ou se está com o dígito verificador correto.","nfe, erros comuns nfe, resoluções nfe, erros comuns e resoluções - nf-e, erros comuns e resoluções - nfe",https://unoerpwiki.herokuapp.com/pt-br/menu-implantacao/configuracao-plugins/configuracao-nf-e/erros-nfe/rejeicao-490
Rejeições NFE,Rejeição: 491 - O tpEvento informado inválido.,"Detalhes do Erro
Indica que ao enviar um evento para ser vinculado ao uma NF-e, o código informado no campo tpEvento deve ser um código especifico para cada tipo de evento, caso contrário a rejeição 491 irá ocorrer.

 

Segue abaixo os códigos e seus determinados eventos:

 

Manifestação Destinatário: 210200, 210210, 210220, 210240
Cancelar NF-e por Evento: 110111
Envio de Pedido de Prorrogação: 111500, 111501
Cancelar Pedido de Prorrogação: 111502, 111503
Carta de Correção Eletrônica (CC-e): 110110
Dicas de Correção
Verifique o campo tpEvento no XML do evento ao qual ser quer vincular a determinada NF-e. O campo tpEvento deve ter o valor especifico do código do evento ao qual se quer emitir.","nfe, erros comuns nfe, resoluções nfe, erros comuns e resoluções - nf-e, erros comuns e resoluções - nfe",https://unoerpwiki.herokuapp.com/pt-br/menu-implantacao/configuracao-plugins/configuracao-nf-e/erros-nfe/rejeicao-491
Rejeições NFE,Rejeição: 492 - O verEvento informado inválido.,"Rejeição

A rejeição 492 ""O verEvento informado inválido"" ocorre quando o campo Versão do grupo de detalhe do evento da NF-e está com um valor inválido. 

O que acontece quando uma nota fiscal é rejeitada? 

A Sefaz rejeita a nota fiscal de forma imediata
A Sefaz avisa o código de erro para correção
A nota fiscal é descartada e não é armazenada no Banco de Dados
Dicas

Como resolver uma nota fiscal rejeitada?

Inutilizar a NF com erro.
Será necessário abrir uma OC para o time de suporte.
Após correção do time de suporte, será necessário realizar o processo novamente.","nfe, erros comuns nfe, resoluções nfe, erros comuns e resoluções - nf-e, erros comuns e resoluções - nfe",https://unoerpwiki.herokuapp.com/pt-br/menu-implantacao/configuracao-plugins/configuracao-nf-e/erros-nfe/rejeicao-492
Rejeições NFE,Rejeição: 493 - Evento não atende o Schema XML específico.,"Detalhes do Erro
Indica que ao emitir um evento da NF-e, carta de correção eletrônica ou cancelamento, ocorreu algum problema com algum dos campos definidos pelo Schema do evento (arquivo .xsd), esse campo pode estar faltando ou estar em um formato não esperado pela SEFAZ, logo, irá ocorrer a rejeição 493. XML da CC-e da NF-e contendo todos os campos:

 

Exemplo:

 

Da forma como está esse XML a rejeição 493 irá ocorrer, pois o campo dhEvento está fora do formato esperado pelo esquema do WebService de recepção de eventos. O campo dhEvento está com o valor 2018-11-26 quando o formato esperado é AAAA-MM-DDThh:mm:ssTZD, ou seja, 2018-11-26T16:59:02-02:00. 
Dicas de Correção
Deve ser verificado se o XML do evento da NF-e (Carta de correção ou cancelamento) está dentro do Schema especificado pela SEFAZ para o determinado evento. Provavelmente algum campo está fora do padrão esperado ou faltando.","nfe, erros comuns nfe, resoluções nfe, erros comuns e resoluções - nf-e, erros comuns e resoluções - nfe",https://unoerpwiki.herokuapp.com/pt-br/menu-implantacao/configuracao-plugins/configuracao-nf-e/erros-nfe/rejeicao-493
Rejeições NFE,Rejeição: 494 - Chave de Acesso inexistente.,"Rejeição

Quando for emitido um Evento de Cancelamento ou Carta de Correção, que exige uma NFe autorizada e a Chave de Acesso do Documento Fiscal Eletrônico informado no Evento não existir no Banco de Dados da Sefaz, será retornado a rejeição “494 – Chave de Acesso inexistente”.

Geralmente, esse problema ocorre nas seguintes situações:

NFes emitidas em Contingência;
Eventos emitidos antes da emissão da NFe correspondente a Chave de Acesso;
Falha no processamento do Evento pela Sefaz;
NFe aguardando autorização da Sefaz.
Dicas
Como resolver

Primeiro, confirme se a NFe já existe autorizada na Sefaz Estadual de Origem. Para isso, consulte a Chave de Acesso da NFe no Portal Estadual. Se a NFe já existir autorizada nesse ambiente, basta retransmitir a NF no sistema.

Caso a consulta não esteja disponível ou ainda não tenha sido autorizada a NFe, aguarde por alguns minutos e tente novamente. Se a Sefaz do seu Estado estiver indisponível ou intermitente, é necessário aguardar até que ela volte a sua disponibilidade normal. Se o documento foi emitido em Contingência SVC, espere até que a Servidor Virtual de Contingência compartilhe a NFe com a Sefaz Estadual.

Botão de retransmissão","nfe, erros comuns nfe, resoluções nfe, erros comuns e resoluções - nf-e, erros comuns e resoluções - nfe",https://unoerpwiki.herokuapp.com/pt-br/menu-implantacao/configuracao-plugins/configuracao-nf-e/erros-nfe/rejeicao-494
Rejeições NFE,Rejeição: 501 - Pedido de Cancelamento intempestivo (NF-e autorizada a mais de 7 dias).,"Rejeição

A rejeição 501 significa que o pedido de cancelamento de uma nota fiscal (NF-e) ou nota fiscal de consumidor (NFC-e) foi feito fora do prazo. 

Motivo 

O prazo para cancelamento de uma NF-e ou NFC-e é limitado a 24 horas, ou outro prazo determinado pela legislação estadual 
A rejeição ocorre quando é emitido um Evento de Cancelamento para uma NF-e ou NFC-e autorizada há mais tempo do que o prazo máximo 
Dicas

Como resolver 

Verificar se é possível solicitar o cancelamento extemporâneo à Secretaria da Fazenda (Sefaz) do seu estado 
Caso seja autorizado, é possível tentar a emissão do Evento de Cancelamento novamente 
Caso o seu estado não permita o Cancelamento Extemporâneo, pode-se emitir uma NF-e de estorno de mercadoria 

Dicas 

Para evitar rejeições, é importante monitorar os prazos de cancelamento de NF-e 
É importante implementar processos de controle e revisão para evitar erros na emissão de NF-e
Consulte o seu Consultor Tributário (Escritório de Contabilidade) para saber se a Sefaz do seu estado permite o cancelamento extemporâneo","nfe, erros comuns nfe, resoluções nfe, erros comuns e resoluções - nf-e, erros comuns e resoluções - nfe",https://unoerpwiki.herokuapp.com/pt-br/menu-implantacao/configuracao-plugins/configuracao-nf-e/erros-nfe/rejeicao-501
Rejeições NFE,Rejeição: 502 - Erro na Chave de Acesso - Campo Id não corresponde à concatenação dos campos correspondentes.,"Rejeição
NF-e | Como resolver a Rejeição 502? Erro na Chave de Acesso - Campo Id não corresponde à concatenação dos campos correspondentes
Dicas

Para resolver a Rejeição 502: Erro na Chave de Acesso - Campo Id não corresponde à concatenação dos campos correspondentes, verifique se o campo Id está correto. É necessário que a chave seja a concatenação dos seguintes campos:

cUF (2 caracteres);
Ano e mês (4 caracteres);
CNPJ do emitente (14 caracteres);
Modelo da NF-e (2 caracteres);
Série (3 caracteres);
Número da NF-e (9 caracteres);
Tipo da Emissão;
Código número (8 caracteres);
DV (Digito Verificador).
Entre em contato com o suporte para realizar a correção.","nfe, erros comuns nfe, resoluções nfe, erros comuns e resoluções - nf-e, erros comuns e resoluções - nfe",https://unoerpwiki.herokuapp.com/pt-br/menu-implantacao/configuracao-plugins/configuracao-nf-e/erros-nfe/rejeicao-502
Rejeições NFE,Rejeição: 503 - Série utilizada fora da faixa permitida no SCAN (900-999).,"Rejeição

A rejeição 503 significa que a série da nota fiscal eletrônica (NF-e) está fora da faixa permitida no Sistema de Contingência do Ambiente Nacional (SCAN). 

O que causa a rejeição 503? 

A rejeição 503 acontece quando a série da nota fiscal está diferente da faixa permitida para o CNPJ do emitente.
A faixa de série permitida para emitentes que usam o CNPJ como identificação é 000 a 909.
Dicas

Como resolver a rejeição 503? 

Para resolver a rejeição, basta alterar a série da nota fiscal para uma série dentro da faixa permitida. 
Depois de corrigir o erro, é preciso fazer uma nova emissão da nota fiscal
Se tudo estiver correto, a NF será aprovada pela Secretaria da Fazenda. 
Entre em contato com o suporte.","nfe, erros comuns nfe, resoluções nfe, erros comuns e resoluções - nf-e, erros comuns e resoluções - nfe",https://unoerpwiki.herokuapp.com/pt-br/menu-implantacao/configuracao-plugins/configuracao-nf-e/erros-nfe/rejeicao-503
Rejeições NFE,Rejeição: 504 - Data de Entrada/Saída posterior ao permitido.,"Rejeição

A rejeição 504 ""","nfe, erros comuns nfe, resoluções nfe, erros comuns e resoluções - nf-e, erros comuns e resoluções - nfe",https://unoerpwiki.herokuapp.com/pt-br/menu-implantacao/configuracao-plugins/configuracao-nf-e/erros-nfe/rejeicao-504
Rejeições NFE,Rejeição: 505 - Data de Entrada/Saída anterior ao permitido.,"Rejeição

A rejeição 505 ""","nfe, erros comuns nfe, resoluções nfe, erros comuns e resoluções - nf-e, erros comuns e resoluções - nfe",https://unoerpwiki.herokuapp.com/pt-br/menu-implantacao/configuracao-plugins/configuracao-nf-e/erros-nfe/rejeicao-505
Rejeições NFE,Rejeição: 506 - Data de Saída menor que a Data de Emissão.,"Rejeição

A rejeição 506 ocorre quando a","nfe, erros comuns nfe, resoluções nfe, erros comuns e resoluções - nf-e, erros comuns e resoluções - nfe",https://unoerpwiki.herokuapp.com/pt-br/menu-implantacao/configuracao-plugins/configuracao-nf-e/erros-nfe/rejeicao-506
Rejeições NFE,Rejeição: 507 - O CNPJ do destinatário/remetente não deve ser informado em operação com o exterior.,"Rejeição

A rejeição 507 ocorre quando se informa o CNPJ do destinatário ou remetente em uma operação de exportação. Para corrigir, é necessário alterar o cadastro do parceiro de negócios e informar o ID Estrangeiro.

Dicas

Na Uno, existe um bloqueio no momento do cadastro do cliente, que se selecionado estrangeiro, não permite inserir CPF OU CNPJ, somente o Passaporte.

Cadastro cliente estrangeiro","nfe, erros comuns nfe, resoluções nfe, erros comuns e resoluções - nf-e, erros comuns e resoluções - nfe",https://unoerpwiki.herokuapp.com/pt-br/menu-implantacao/configuracao-plugins/configuracao-nf-e/erros-nfe/rejeicao-507
Rejeições NFE,Rejeição: 508 - CST incompatível na operação com Não Contribuinte.,"Rejeição

Como resolver a Rejeição 508? CST incompatível na operação com Não Contribuinte

A Rejeição (508): ""CST incompatível na operação com Não Contribuinte"", indica que ao emitir uma NF-e com o campo IndIEDest=9, não contribuinte do ICMS, e o campo CST do ICMS receber um valor diferente de 00, 20, 40, 41, 60. Será retornada a rejeição 508. Segue descrição dos CST´s:

00 - Tributada Integralmente
20 - Com Redução da Base de Cálculo
40 - Isenta
41 - Não Tributada
60 - ICMS Cobrado Anteriormente por Substituição Tributária

Atenção! Essa regra possui exceções, seguem descritas abaixo.

Explicando as exceções/observações
Exceção 1: A regra de validação acima não se aplica para NF-e de entrada (tpNF=0).
Exceção 2: A regra de validação acima não se aplica para o CST=50-Suspensão, nas operações com CFOP de conserto ou reparo (CFOP 5915, 5916, 6915 e 6916 ) ou de remessa para demonstração dentro do Estado (CFOP 5912 e 5913). 
Exceção 3: A regra de validação acima não se aplica na venda de veículos novos (grupo veicProd), para a Venda direta para grandes consumidores (tpOp=3), ou para faturamento direto para consumidor final (tpOp=2). 
Exceção 4: A regra de validação não se aplica, em produção, para Nota Fiscal com","nfe, erros comuns nfe, resoluções nfe, erros comuns e resoluções - nf-e, erros comuns e resoluções - nfe",https://unoerpwiki.herokuapp.com/pt-br/menu-implantacao/configuracao-plugins/configuracao-nf-e/erros-nfe/rejeicao-508
Rejeições NFE,Rejeição: 509 - Informado código de município diferente de “9999999” para operação com o exterior.,"Rejeição

A rejeição 509 ocorre quando é emitida uma Nota Fiscal Eletrônica (NF-e) com o código do município diferente de 9999999 para uma operação com o exterior. 

Motivo 

A operação de destino está configurada como ""3 - Exterior""
A UF do destinatário é ""EX"" - Exterior
O código do município é diferente de ""9999999""
Dicas

Correção 

No caso do sistema da uno, ele barra, assim que inserimos que o cliente é estrangeiro, não mostrando o campo de código do município.

Tela de cadastro do Cliente Estrangeiro.","nfe, erros comuns nfe, resoluções nfe, erros comuns e resoluções - nf-e, erros comuns e resoluções - nfe",https://unoerpwiki.herokuapp.com/pt-br/menu-implantacao/configuracao-plugins/configuracao-nf-e/erros-nfe/rejeicao-509
Rejeições NFE,Rejeição: 510 - Operação com Exterior e Código País destinatário é 1058 (Brasil) ou não informado.,"Rejeição

A rejeição 510 ""Operação com Exterior e Código País destinatário é 1058 (Brasil) ou não informado"" ocorre quando se emite uma nota fiscal eletrônica (NF-e) de operação com exterior informando o Brasil (código 1058) como país do destinatário. 

Dicas

Para resolver a rejeição, é necessário informar o código do país do destinatário corretamente. 

Dentro do sistema da uno, quando o cliente e estrangeiro, é necessário inserir corretamente o nome do pais ao qual o CEP pertence. Segue um exemplo abaixo:

Tela de cadastro de Cliente

Acesso o link https://www.bcb.gov.br/ftp/paises.txt  para identificar o nome do país corretamente.","nfe, erros comuns nfe, resoluções nfe, erros comuns e resoluções - nf-e, erros comuns e resoluções - nfe",https://unoerpwiki.herokuapp.com/pt-br/menu-implantacao/configuracao-plugins/configuracao-nf-e/erros-nfe/rejeicao-510
Rejeições NFE,Rejeição: 511 - Não é de Operação com Exterior e Código País destinatário difere de 1058 (Brasil).,"Rejeição
NFC-e | Rejeição 511: Não é de Operação com Exterior e Código País destinatário difere de 1058 (Brasil)

Causa

Quando for emitida uma NF-e de Operação Estadual (idDest = 1) ou Operação Interestadual (idDest = 2) e o Código do País do Destinatário do documento for diferente de 1058 (Brasil), a NF-e será rejeitada pelo motivo “511 – Não é de Operação com Exterior e Código País destinatário difere de 1058 (Brasil)”.

Dicas

Resolução:

Na tela de cadastro de cliente dentro do sistema da uno, existe o cliente estrangeiro:

Tela de cadastro de cliente no Uno

Se for emitida uma NF com cliente estrangeiro, será necessário verificar nessa tela se o cliente é estrangeiro, conforme esta acima, se for será necessário realizara o cadastro do endereço do pais corretamente.

Tela de cadastro de cliente no Uno","nfe, erros comuns nfe, resoluções nfe, erros comuns e resoluções - nf-e, erros comuns e resoluções - nfe",https://unoerpwiki.herokuapp.com/pt-br/menu-implantacao/configuracao-plugins/configuracao-nf-e/erros-nfe/rejeicao-511
Rejeições NFE,Rejeição: 512 - CNPJ do Local de Retirada inválido.,"Rejeição

A rejeição 512 ocorre quando o CNPJ informado para o local de retirada de uma nota fiscal está incorreto.

A rejeição 512 pode ocorrer se o cadastro do local de retirada estiver incompleto. 

Dicas

Resolução:
Para corrigir problemas com CNPJ, você pode:

Acessar o site Cadastro Centralizado de Contribuinte (CCC).
Pesquisar pela UF e CNPJ da empresa.
Conferir as informações apresentadas.
Verificar se o CNPJ está com a Situação “Habilitado”.
Após validar, entrar no cadastro do cliente e inserir o CNPJ correto.
Caso de duvida entrar em contato com o cliente.","nfe, erros comuns nfe, resoluções nfe, erros comuns e resoluções - nf-e, erros comuns e resoluções - nfe",https://unoerpwiki.herokuapp.com/pt-br/menu-implantacao/configuracao-plugins/configuracao-nf-e/erros-nfe/rejeicao-512
Rejeições NFE,Rejeição: 513 - Código Município do Local de Retirada deve ser 9999999 para UF retirada = EX.,"Rejeição
Rejeição 513: Código Município do Local de Retirada deve ser “9999999” para UF retirada = EX (NFC-e)
Falha

Essa rejeição ocorre quando o Código Município do Local de Retirada difere de 9999999 para UF retirada = EX.

Dicas
Solução

Verificar ao realizar uma Operação com o Exterior, deve-se obrigatoriamente informar o valor 9999999 no Código do Município do Local de Retirada, caso contrário a Nota continuará sendo Rejeitada.","nfe, erros comuns nfe, resoluções nfe, erros comuns e resoluções - nf-e, erros comuns e resoluções - nfe",https://unoerpwiki.herokuapp.com/pt-br/menu-implantacao/configuracao-plugins/configuracao-nf-e/erros-nfe/rejeicao-513
Rejeições NFE,Rejeição: 514 - CNPJ do Local de Entrega inválido.,"Rejeição

A rejeição 514 ""CNPJ do Local de Entrega inválido"" ocorre quando o CNPJ informado no local de entrega da nota fiscal está incorreto. 

Dicas

Para corrigir, você pode:

Verificar se o CNPJ informado tem 14 caracteres numéricos
Conferir se o posicionamento dos números está correto
Checar se o dígito verificador está correto
Ajustar os dados do CNPJ
Recarregar o cliente no pedido e refazer o processo
Tela de cadastro de cliente","nfe, erros comuns nfe, resoluções nfe, erros comuns e resoluções - nf-e, erros comuns e resoluções - nfe",https://unoerpwiki.herokuapp.com/pt-br/menu-implantacao/configuracao-plugins/configuracao-nf-e/erros-nfe/rejeicao-514
Rejeições NFE,Rejeição: 515 - Código Município do Local de Entrega deve ser 9999999 para UF entrega = EX.,"Rejeição

A rejeição 515 ocorre quando é emitida uma nota fiscal eletrônica (NF-e) com operação para o exterior e o código do município de entrega é diferente de 9999999.

Dicas

O que fazer? 

Para resolver a rejeição, é necessário verificar o código do município de entrega e corrigi-lo.

Tela de cadastro do cliente","nfe, erros comuns nfe, resoluções nfe, erros comuns e resoluções - nf-e, erros comuns e resoluções - nfe",https://unoerpwiki.herokuapp.com/pt-br/menu-implantacao/configuracao-plugins/configuracao-nf-e/erros-nfe/rejeicao-515
Rejeições NFE,Rejeição: 516 - Falha no schema XML – inexiste a tag raiz esperada para a mensagem.,"Rejeição

A rejeição 516 ""Falha no schema XML – inexiste a tag raiz esperada para a mensagem"" ocorre quando um arquivo XML não possui o cabeçalho, ou seja, a tag raiz. 

A rejeição 516 pode ocorrer quando:

O arquivo XML não contém a tag raiz
Falta alguma TAG obrigatória no XML
Alguma informação está incorreta
Existem caracteres especiais, quebras de linhas
A Versão do XML diferente do esperado pelo Web Service
Dicas

Para resolver esse erro, você pode: 

Verificar se o XML está na versão mais recente exigida pela SEFAZ
Entre em contato com a equipe de suporte.","nfe, erros comuns nfe, resoluções nfe, erros comuns e resoluções - nf-e, erros comuns e resoluções - nfe",https://unoerpwiki.herokuapp.com/pt-br/menu-implantacao/configuracao-plugins/configuracao-nf-e/erros-nfe/rejeicao-516
Rejeições NFE,Rejeição: 517 - Falha no schema XML – inexiste atributo versão na tag raiz da mensagem.,"Rejeição

A rejeição 517 ""Falha no schema XML – inexistente atributo versão na tag raiz da mensagem"" ocorre quando não é informada a tag <versaoDados> no grupo cabeçalho da raiz da mensagem XML. 

Dicas

Para corrigir essa rejeição, pode:

Entre em contato com o suporte
Verificar se o XML está na versão mais recente exigida pela SEFAZ
Utilizar uma ferramenta de validação XML","nfe, erros comuns nfe, resoluções nfe, erros comuns e resoluções - nf-e, erros comuns e resoluções - nfe",https://unoerpwiki.herokuapp.com/pt-br/menu-implantacao/configuracao-plugins/configuracao-nf-e/erros-nfe/rejeicao-517
Rejeições NFE,Rejeição: 520 - CFOP de Operação com Exterior e UF destinatário difere de EX.,"Rejeição

A rejeição 520 ocorre quando uma nota fiscal eletrônica (NF-e) é emitida com um CFOP que indica operação com o exterior, mas a UF do destinatário é diferente de ""EX"". 

Motivo 

A NF-e foi emitida com um CFOP que começa por 3 ou 7, o que caracteriza uma operação com o exterior
A UF do destinatário é diferente de ""EX""
Dicas

Correção 

Se a nota fiscal é uma operação internacional, é necessário alterar o estado UF do destinatário
Se a nota fiscal é uma operação nacional, é necessário configurar o CFOP para que seja uma Operação Nacional
Entre em contato com o suporte para duvidas","nfe, erros comuns nfe, resoluções nfe, erros comuns e resoluções - nf-e, erros comuns e resoluções - nfe",https://unoerpwiki.herokuapp.com/pt-br/menu-implantacao/configuracao-plugins/configuracao-nf-e/erros-nfe/rejeicao-520
Rejeições NFE,Rejeição: 521 - CFOP de Operação Estadual e UF do emitente difere da UF do destinatário para destinatário contribuinte do ICMS.,"Rejeição

A rejeição 521 ocorre quando a UF do emitente é diferente da UF do destinatário, mas a nota fiscal foi emitida com um CFOP que inicia com 5.

Dicas

Como resolver a rejeição 521? 

Confirmar o CFOP com um contador 
Alterar o CFOP dentro da NOP para um código que corresponda a uma operação fora do estado 
Inutilizar a NF 
Recarregar a NOP no pedido e realizar o processo novamente","nfe, erros comuns nfe, resoluções nfe, erros comuns e resoluções - nf-e, erros comuns e resoluções - nfe",https://unoerpwiki.herokuapp.com/pt-br/menu-implantacao/configuracao-plugins/configuracao-nf-e/erros-nfe/rejeicao-521
Rejeições NFE,Rejeição: 522 - CFOP de Operação Estadual e UF emitente difere da UF remetente para remetente contribuinte do ICMS.,"Rejeição

A rejeição 522 ocorre quando o CFOP de uma operação estadual tem uma UF emitente diferente da UF remetente, e o remetente é contribuinte do ICMS. 

Causa 

O CFOP de operação no estado (inicia com 1) e a UF emitente são diferentes da UF remetente
O remetente é contribuinte do ICMS e tem IE
Dicas

Como resolver 

Verifique se o CFOP dentro da NOP foi preenchido corretamente, pois ele determina se a operação é estadual ou interestadual
Inutilize a NF
Recarregue NOP dentro do pedido 
Fature novamente e valide","nfe, erros comuns nfe, resoluções nfe, erros comuns e resoluções - nf-e, erros comuns e resoluções - nfe",https://unoerpwiki.herokuapp.com/pt-br/menu-implantacao/configuracao-plugins/configuracao-nf-e/erros-nfe/rejeicao-522
Rejeições NFE,Rejeição: 523 - CFOP não é de Operação Estadual e UF emitente igual a UF destinatário.,"Rejeição

A rejeição 523 ""CFOP não é de Operação Estadual e UF emitente igual a UF destinatário"" ocorre quando a SEFAZ valida a nota fiscal e identifica que o CFOP não corresponde à operação.

O que acontece? 

A rejeição 523 é apresentada quando o CFOP da nota fiscal indica uma operação interestadual, mas o emitente e o destinatário estão na mesma UF.
Para que o CFOP possa ser utilizado, a UF do emitente deve ser diferente da UF do destinatário.
Dicas

Como resolver? 

Verifique o CFOP utilizado na operação.
Verifique a UF do emitente e a UF do destinatário.
Caso o CFOP inicie por 2 ou 6, a UF do emitente deve ser diferente da do destinatário.
Mude para um NOP onde a CFOP seja para o mesmo estado
Inutilize a NF
Recarregue a NOP com a CFOP correta
Efetue o faturamento novamente para validação","nfe, erros comuns nfe, resoluções nfe, erros comuns e resoluções - nf-e, erros comuns e resoluções - nfe",https://unoerpwiki.herokuapp.com/pt-br/menu-implantacao/configuracao-plugins/configuracao-nf-e/erros-nfe/rejeicao-523
Rejeições NFE,Rejeição: 524 - CFOP de Operação com Exterior e não informado NCM.,"Rejeição

A rejeição 524 ""CFOP de Operação com Exterior e não informado NCM"" pode ocorrer quando é emitida uma nota com CFOP de exterior sem informar o NCM. 

Causa 

A nota foi emitida com um CFOP que não é 5.932 ou 6.932, sendo que o CFOP de operações com exterior começa com 3 ou 7 
O NCM não foi informado, sendo que a operação é de comércio exterior 
Dicas

Solução 

Verifique o CFOP dentro da NOP do pedido informado e confirme se é um dos exigidos pela Sefaz (5.932 ou 6.932) 
Verifique o tipo do CT-e 
Verifique a UF onde se inicia o transporte
Inutiliza a NF 
Refaça o processo com o CFOP e NCM corretos","nfe, erros comuns nfe, resoluções nfe, erros comuns e resoluções - nf-e, erros comuns e resoluções - nfe",https://unoerpwiki.herokuapp.com/pt-br/menu-implantacao/configuracao-plugins/configuracao-nf-e/erros-nfe/rejeicao-524
Rejeições NFE,Rejeição: 525 - CFOP de Importação e não informado dados da DI.,"Rejeição

A Rejeição (525):""CFOP de Importação e não informado dados da DI"", indica que ao emitir uma NF-e de entrada de importação é obrigatório informar o Grupo de Declaração de Importação (Grupo DI) quando o CFOP iniciar com 3. Caso contrário a rejeição 525 irá ocorrer.

Dicas
Como Resolver

Necessário informar na NOP importação

Tela de Configuração de NOP


E também devemos informar a declaração de Importação (DI)

Tela de Processo de importação","nfe, erros comuns nfe, resoluções nfe, erros comuns e resoluções - nf-e, erros comuns e resoluções - nfe",https://unoerpwiki.herokuapp.com/pt-br/menu-implantacao/configuracao-plugins/configuracao-nf-e/erros-nfe/rejeicao-525
Rejeições NFE,Rejeição: 527 - Operação de Exportação com informação de ICMS incompatível.,"Rejeição
Rejeição 527: Operação de Exportação com informação de ICMS incompatível - Como resolver
Dicas

Quando for emitida uma NFe que indica uma Operação de Exportação, ou seja, com o CFOP iniciado pelo dígito 7 (sete) e for informado CST de ICMS (campo: ICMS / ICMS40 / CST – ID: N12) diferente de “41 – Não tributada” ou CSOSN (campo: ICMS / ICMSSN102 / CSOSN – ID: N12a).

Será necessário validar com a área responsável na empresa, na parte de tributos, qual seria a CFOP e ICMS compatível com a operação.","nfe, erros comuns nfe, resoluções nfe, erros comuns e resoluções - nf-e, erros comuns e resoluções - nfe",https://unoerpwiki.herokuapp.com/pt-br/menu-implantacao/configuracao-plugins/configuracao-nf-e/erros-nfe/rejeicao-527
Rejeições NFE,Rejeição: 528 - Valor do ICMS difere do produto BC e Alíquota.,"Rejeição
Rejeição: 528 - Valor do ICMS difere do produto BC e Alíquota
Causa

Essa rejeição indica que, o 'valor de ICMS' informado nos produtos não está de acordo com o valor de ICMS Total informado nos totais da nota fiscal (na seção de 'Cálculo de imposto', abaixo da listagem dos produtos).

Por exemplo, se um produto está registrado com 50 reais de ICMS e outro produto com 20 reais, o total informado deverá ser 70 reais.

Dicas
Como resolver

Verifique se os valores estão corretos (inclusive os centavos) junto a contabilidade da sua empresa.","nfe, erros comuns nfe, resoluções nfe, erros comuns e resoluções - nf-e, erros comuns e resoluções - nfe",https://unoerpwiki.herokuapp.com/pt-br/menu-implantacao/configuracao-plugins/configuracao-nf-e/erros-nfe/rejeicao-528
Rejeições NFE,Rejeição: 529 - NCM de informação obrigatória para produto tributado pelo IPI.,"Rejeição

A Rejeição 529 acontece quando a NF-e é submetida com produtos tributados pelo IPI, porém sem a informação da NCM, a qual é obrigatória nessas situações. O NCM é um código de oito dígitos utilizado para identificar a natureza de um produto e é crucial para o cálculo preciso dos impostos, incluindo o IPI.

Dicas

Como resolver

Entre no cadastro do item e identifique a classificação fiscal do mesmo.

Tela de cadastro do produto

Após isso insira a NCM correta para o item em questão na tela de classificação do item em questão.

Tela de Classificação Fiscal","nfe, erros comuns nfe, resoluções nfe, erros comuns e resoluções - nf-e, erros comuns e resoluções - nfe",https://unoerpwiki.herokuapp.com/pt-br/menu-implantacao/configuracao-plugins/configuracao-nf-e/erros-nfe/rejeicao-529
Rejeições NFE,Rejeição: 530 - Operação com tributação de ISSQN sem informar a Inscrição Municipal.,"Rejeição

Rejeição 530 - Operação com tributação de ISSQN sem informar a Inscrição Municipal. A Rejeição irá ocorrer quando Emitida uma Nota Fiscal Eletrônica, Modelo NF-e 55, com Item classificado como Serviço e não foi informado no cadastro da Empresa o Número da Inscrição Municipal no Município.

A tributação de ISSQN (Imposto sobre serviços de qualquer natureza) exige a Inscrição Estadual, Municipal e CNAE da empresa.

Dicas
Como resolver

Localize o campo 'Inscrição Municipal', deve ser preenchido com a mesma informação da 'Inscrição Estadual'.

Tela de cadastro de empresa

Após isso, será necessário recarregar a empresa no pedido e refazer o processo de faturamento.","nfe, erros comuns nfe, resoluções nfe, erros comuns e resoluções - nf-e, erros comuns e resoluções - nfe",https://unoerpwiki.herokuapp.com/pt-br/menu-implantacao/configuracao-plugins/configuracao-nf-e/erros-nfe/rejeicao-530
Rejeições NFE,Rejeição: 531 - Total da BC ICMS difere do somatório dos itens.,"Rejeição
Rejeição: 531 - Total da BC ICMS difere do somatório dos itens
Causa
Motivo
No UNO ERP, está informado na NOP do pedido, que é para tributar ICMS e no pedido, consta informação sobre o CST “00” ou outro tributável e a alíquota igual a “0,00%”.
Exceções
Não há.
Exemplo
Não há.
Como Resolver no UNO ERP
No UNO ERP:
Tela “CDW0018 - Cadastro de NOP”, validar se a NOP do pedido consta a informação do campo “Tributação ICMS” selecionada. Se caso estiver, desmarque;
Tela “VDW0001 - Pedido”, validar se no passo 2, o campo “CST” consta ""41"" ou outro CST não tributável e o valor da alíquota igual a ""0,00"". Se caso não, ajustar.
CSOSN 102 também é uma das não tributáveis. 
Realizar cancelamento da NFe e realizar um novo faturamento para validar as alterações de base de cálculo de ICMS.
 
Referência
Não há.
Dicas
Não há.","nfe, erros comuns nfe, resoluções nfe, erros comuns e resoluções - nf-e, erros comuns e resoluções - nfe",https://unoerpwiki.herokuapp.com/pt-br/menu-implantacao/configuracao-plugins/configuracao-nf-e/erros-nfe/rejeicao-531
Rejeições NFE,Rejeição: 532 - Total do ICMS difere do somatório dos itens.,"Rejeição
NF-e | Rejeição 532: Total do ICMS difere do somatório dos itens
Dicas

No cadastro da NOP utilizada no pedido, a opção de tributar ICMS não está marcada

Tela de cadastro de NOP

Nesse caso, cancela a nota emitida, marque a opção na NOP, e a recarregue no pedido! 
Feito isso, realize o faturamento novamente!","nfe, erros comuns nfe, resoluções nfe, erros comuns e resoluções - nf-e, erros comuns e resoluções - nfe",https://unoerpwiki.herokuapp.com/pt-br/menu-implantacao/configuracao-plugins/configuracao-nf-e/erros-nfe/rejeicao-532
Rejeições NFE,Rejeição: 533 - Total da BC ICMS-ST difere do somatório dos itens.,"Rejeição
NF-e | Rejeição 533: Total da BC ICMS-ST difere do somatório dos itens

Essa rejeição ocorre ao emitir uma nota fiscal com o Total da Base de Cálculo do ICMS ST da NF-e diferente da Soma do Valor da Base de Cálculo do ICMS ST de cada item.

Dicas

Se o pedido vai gerar ICMS ST precisa verificar qual CSOSN deve ser utilizada no pedido que gere esse valor.

Vai ser necessário inutilizar a nota fiscal, corrigir a CSOSN e faturar o pedido novamente.","nfe, erros comuns nfe, resoluções nfe, erros comuns e resoluções - nf-e, erros comuns e resoluções - nfe",https://unoerpwiki.herokuapp.com/pt-br/menu-implantacao/configuracao-plugins/configuracao-nf-e/erros-nfe/rejeicao-533
Rejeições NFE,Rejeição: 534 - Total do ICMS-ST difere do somatório dos itens.,"Detalhes do erro

Essa é uma rejeição mais comum em notas complementares, porém, também pode aparecer em emissões de notas fiscais eletrônicas comuns.

Validação da SEFAZ: 
Se o emissor informar um valor no campo vBCST (valor da base de ST) e a soma dos campos vBCST de todos os itens não resultar em um valor igual, a nota será rejeitada. (caso de uma nota de venda normal)
Outra validação feita seria em notas complementares, que para complementar um valor de ICMS ST, precisa ter a base e o valor do ST na aba de complementos no cadastro da NOP:
CDW0018 - Cadastro de NOP - CDD0004 - Itens de Complemento 

 

(KCS de nota complementar: Nota complementar)

Dicas de correção

Para resolver a Rejeição 533, informe o valor Total da Base de Cálculo do Substituto Tributário da NF-e com o valor do somatório do valor da base de cálculo do Substituto Tributário dos itens.

Precisa validar com a contabilidade os campos de calculo ST no cadastro de regras e qual a CST usada nos itens do pedido em questão:
Calculo do ICMS ST

Exemplo, se não tiver nenhuma informação de calculo de ST, mas o item estiver com a CST 10 (Tributada e com cobrança do ICMS por substituição tributária) vai dar erro.

Então precisa validar com a contabilidade a regra usada no pedido e também se a CST usada esta correta.

 

Agora, se for uma nota complementar, vai precisar seguir o KCS e validar os campos de complemento na NOP.","nfe, erros comuns nfe, resoluções nfe, erros comuns e resoluções - nf-e, erros comuns e resoluções - nfe",https://unoerpwiki.herokuapp.com/pt-br/menu-implantacao/configuracao-plugins/configuracao-nf-e/erros-nfe/rejeicao-534
Rejeições NFE,Rejeição: 535 - Total do Frete difere do somatório dos itens.,"Rejeição
NF-e | Rejeição 535: Total do Frete difere do somatório dos itens

A Rejeição (535):""Total do Frete difere do somatório dos itens"", indica que ao emitir uma NF-e o valor total do frete informado está diferente do valor do frete informado nos itens somados. Dessa forma a nota será rejeitada.

Na prática, o que isso significa?

O somatório dos valores do frete de cada item deve ser exatamente igual ao valor informado no campo vFrete nos totais da NF-e.

Dicas

Como resolver

Entre em contato com suporte para validação interna.","nfe, erros comuns nfe, resoluções nfe, erros comuns e resoluções - nf-e, erros comuns e resoluções - nfe",https://unoerpwiki.herokuapp.com/pt-br/menu-implantacao/configuracao-plugins/configuracao-nf-e/erros-nfe/rejeicao-535
Rejeições NFE,Rejeição: 536 - Total do Seguro difere do somatório dos itens .,"Rejeição

A rejeição 536 ""Total do Seguro difere do somatório dos itens"" ocorre quando o valor do seguro total de uma nota fiscal é diferente da soma dos valores do seguro de cada item. 

Dicas

Para corrigir essa rejeição, é preciso: 

Verificar e refazer o somatório do valor do seguro de cada item
Corrigir o valor do seguro informado nos totais da nota fiscal","nfe, erros comuns nfe, resoluções nfe, erros comuns e resoluções - nf-e, erros comuns e resoluções - nfe",https://unoerpwiki.herokuapp.com/pt-br/menu-implantacao/configuracao-plugins/configuracao-nf-e/erros-nfe/rejeicao-536
Rejeições NFE,Rejeição: 537 - Total do Desconto difere do somatório dos itens.,"Rejeição
Rejeição 537: Total do Desconto difere do somatório dos itens

Foi emitida uma NFe com dois itens informados, cada um com desconto de R$ 19,99 e R$ 14,99 respectivamente. No Total do Desconto foi informado o valor de R$35,00. Sendo o valor correto dessa soma R$ 34,98, a NFe/NFCe será rejeitada pelo motivo 537.

Dicas

Verifique e refaça o somatório do Valor do Desconto de cada item e corrigir o Valor do Desconto informado nos Totais da NFe.

Há uma tolerância para mais ou para menos de R$ 0,01 de diferença do valor calculado sem aproximações.","nfe, erros comuns nfe, resoluções nfe, erros comuns e resoluções - nf-e, erros comuns e resoluções - nfe",https://unoerpwiki.herokuapp.com/pt-br/menu-implantacao/configuracao-plugins/configuracao-nf-e/erros-nfe/rejeicao-537
Rejeições NFE,Rejeição: 538 - Total do IPI difere do somatório dos itens.,"Rejeição
Rejeição 538: Total do IPI difere do somatório dos itens

Na prática, o que isso significa?

Foi emitida uma NFe com dois itens informados, cada um com o IPI calculado em R$ 144,67 e foi informado no Total do IPI o valor de R$ 290,00. Sendo o valor correto dessa soma R$ 289,34, a NFe será rejeitada pelo motivo 538.

Dicas

Como resolver

Verifique e refaça o somatório do Valor do IPI de cada item e corrija o Valor do IPI informado nos Totais da NFe.","nfe, erros comuns nfe, resoluções nfe, erros comuns e resoluções - nf-e, erros comuns e resoluções - nfe",https://unoerpwiki.herokuapp.com/pt-br/menu-implantacao/configuracao-plugins/configuracao-nf-e/erros-nfe/rejeicao-538
Rejeições NFE,Rejeição: 539 - Duplicidade de NF-e com diferença na Chave de Acesso [chNFe: 99999999999999999999999999999999999999999999][nRec:999999999999999].,"Rejeição

Quando for emitida uma NFe e na Sefaz existir outra NFe, já autorizada, com o mesmo CNPJ Emitente, Modelo, Série e Número, mas com","nfe, erros comuns nfe, resoluções nfe, erros comuns e resoluções - nf-e, erros comuns e resoluções - nfe",https://unoerpwiki.herokuapp.com/pt-br/menu-implantacao/configuracao-plugins/configuracao-nf-e/erros-nfe/rejeicao-539
Rejeições NFE,Rejeição: 540 - CPF do Local de Retirada inválido.,"Rejeição
540 - Rejeição: CPF do Local de Retirada inválido

CAUSA: Ao tentar emitir uma NF-e informando um CPF inválido para o local de retirada, é retornado ao emissor essa rejeição. Esse campo pode ser informado vazio ou então contendo 11 caracteres, caso contrário irá ocasionar a rejeição.

Exemplo:
A pessoa possui o seguinte CPF: 001.123.456-78. Durante a emissão de uma nota pode ocorrer do sistema emissor remover o zero à esquerda, e neste caso a SEFAZ irá rejeitar o lote NF-e. É possível também que o emissor inverta algum número, por exemplo, envie 010.123.456-78 em vez de 001.123.456-78. Nesse caso o lote NF-e enviado também será rejeitado.

Dicas

SOLUÇÃO: Deve-se verificar no cadastro na Receita Federal se o CPF está correto, caso não, altere no cadastro do cliente dentro do UNO. inutilize a nota errada, recarregue o cliente no pedido e refaça o processo novamente para validar.","nfe, erros comuns nfe, resoluções nfe, erros comuns e resoluções - nf-e, erros comuns e resoluções - nfe",https://unoerpwiki.herokuapp.com/pt-br/menu-implantacao/configuracao-plugins/configuracao-nf-e/erros-nfe/rejeicao-540
Rejeições NFE,Rejeição: 542 - CNPJ do Transportador inválido.,"Detalhes do erro

A rejeição ocorre quando é informado um transportador na NF-e sem ter a informação do CNPJ ou quando o CNPJ estiver informado incorretamente.

Dicas de correção

Para realizar a correção, precisa validar o CNPJ no cadastro da transportadora:

Corrigindo o conteúdo informado no campo CNPJ do grupo Transporta, seguindo os seguintes critérios:

14 dígitos numéricos (0-9), preservando zeros a esquerda;
Não conter separadores, espaços ou caractéres não numéricos;
Dígito verificador do CNPJ válido.

Após corrigir a informação precisa excluir a transportadora do pedido e colocar novamente para realizar o novo faturamento.","nfe, erros comuns nfe, resoluções nfe, erros comuns e resoluções - nf-e, erros comuns e resoluções - nfe",https://unoerpwiki.herokuapp.com/pt-br/menu-implantacao/configuracao-plugins/configuracao-nf-e/erros-nfe/rejeicao-542
Rejeições NFE,Rejeição: 543 - CPF do Transportador inválido.,"Detalhes do erro

Ao realizar a emissão de uma NF-e (mod. 55) ou um NFC-e (mod. 65), usando um CPF de Transportador inválido, o órgão autorizador retorna a rejeição ""543 - CPF do transportador inválido"".

O erro está relacionado ao preenchimento da tag CPF sem considerar os seguintes critérios:

11 dígitos numéricos (0-9), preservando zeros a esquerda;
Não conter separadores, espaços ou caracteres não numéricos;
Dígito verificador do CPF válido;
Dicas de correção

Para realizar a correção, precisa validar no cadastro da transportadora se o campo do CPF esta preenchido corretamente:","nfe, erros comuns nfe, resoluções nfe, erros comuns e resoluções - nf-e, erros comuns e resoluções - nfe",https://unoerpwiki.herokuapp.com/pt-br/menu-implantacao/configuracao-plugins/configuracao-nf-e/erros-nfe/rejeicao-543
Rejeições NFE,Rejeição: 544 - IE do Transportador inválida.,"Detalhes do erro

Esta rejeição ocorre pois a inscrição estadual do transportador informado na nota, pode estar incorreta.

Essa informação fica no cadastro da transportadora.

Dicas de correção

Para corrigir, precisa alterar o IE no cadastro da transportadora e emitir a nota novamente.","nfe, erros comuns nfe, resoluções nfe, erros comuns e resoluções - nf-e, erros comuns e resoluções - nfe",https://unoerpwiki.herokuapp.com/pt-br/menu-implantacao/configuracao-plugins/configuracao-nf-e/erros-nfe/rejeicao-544
Rejeições NFE,Rejeição: 545 - Falha no schema XML – versão informada na versaoDados do SOAPHeader diverge da versão da mensagem.,"Rejeição

A Rejeição (545):""Falha no schema XML – versão informada na versaoDados do SOAPHeader diverge da versão da mensagem"", indica que ao enviar uma NF-e para SEFAZ, existe um problema no Header do envelope SOAP, que é o valor do campo versaoDados que está diferente do atributo versao da tag nfeProc indicada no Body da mensagem ou vice-versa.

Na prática, o que isso significa?

Ao efetuarmos uma comunicação com a SEFAZ devemos seguir obrigatoriamente o padrão de comunicação exigida, caso contrário, iremos receber uma mensagem de rejeição.

Dicas
Como Resolver

Para resolver a Rejeição 545, deve ser informado no Header do envelope SOAP o mesmo valor para o campo versaoDados (dentro do elemento nfeCabecMSg) que está informado no atributo versao da NF-e informada no Body (corpo da mensagem) da mensagem. A NF-e é informada dentro do elemento nfeDadosMsg.
Entre em contato com o suporte da uno através do extranet.","nfe, erros comuns nfe, resoluções nfe, erros comuns e resoluções - nf-e, erros comuns e resoluções - nfe",https://unoerpwiki.herokuapp.com/pt-br/menu-implantacao/configuracao-plugins/configuracao-nf-e/erros-nfe/rejeicao-545
Rejeições NFE,Rejeição: 546 - Erro na Chave de Acesso – Campo Id – falta a literal NFe.,"Rejeição

A rejeição 546, ""Erro na Chave de Acesso – Campo Id – falta a literal NFe"", ocorre quando a chave de acesso da NF-e (Nota Fiscal Eletrônica) não está formatada corretamente, faltando a literal ""NFe"" no atributo Id da tag <infNFe>. Isso significa que a chave de acesso não começa com a identificação ""NFe"" seguida do número da chave

Dicas

Como corrigir: 

1. Verificar a chave de acesso:

Acesse o XML da NF-e rejeitada e procure pelo atributo Id dentro da tag <infNFe>. Este atributo deve conter a chave de acesso formatada como ""NFe[Chave de Acesso]"", entre em contato com o suporte uno através do extranet.

2. Reemitir a NF-e:

Após a correção, reemita a NF-e com a chave de acesso formatada corretamente.","nfe, erros comuns nfe, resoluções nfe, erros comuns e resoluções - nf-e, erros comuns e resoluções - nfe",https://unoerpwiki.herokuapp.com/pt-br/menu-implantacao/configuracao-plugins/configuracao-nf-e/erros-nfe/rejeicao-546
Rejeições NFE,Rejeição: 547 - Dígito Verificador da Chave de Acesso da NF-e Referenciada inválido.,"Rejeição

A rejeição 547 ocorre quando o dígito verificador da chave de acesso de uma NF-e referenciada em outra NF-e está incorreto. Este dígito é crucial para validar a autenticidade e integridade da chave de acesso, e quando está errado, a NF-e com a referência é rejeitada

Dicas

Para resolver:

1. Verifique a chave de acesso da NF-e referenciada:

Certifique-se de que a chave de acesso informada está correta, sem espaços ou caracteres especiais, e com os 44 dígitos necessários.

 

2. Consulte a NF-e original:

Se a chave estiver correta e a NF-e original estiver disponível no portal da Sefaz, o problema pode ser na própria NF-e de referência. Se a chave estiver incorreta, é necessário encontrar a chave correta da NF-e original e corrigi-la na NF-e com a referência.

 

3. Entre em contato com o suporte através do extranet.","nfe, erros comuns nfe, resoluções nfe, erros comuns e resoluções - nf-e, erros comuns e resoluções - nfe",https://unoerpwiki.herokuapp.com/pt-br/menu-implantacao/configuracao-plugins/configuracao-nf-e/erros-nfe/rejeicao-547
Rejeições NFE,Rejeição: 548 - CNPJ da NF referenciada inválido.,"Rejeição

Rejeição

548 - CNPJ da NF Referenciada inválido.

Causa

No processo de emissão de Notas Fiscais Eletrônicas existem casos em que é necessário o uso da NF-e Referenciada. Notas referenciadas, são notas emitidas anteriormente, que serão vinculadas a uma nova nota.

Quando a nota referenciada é uma NF-e (mod. 55), basta referenciar a chave completa do documento. Para notas fiscais modelo 1 ou 1A, é necessário informar seus dados (UF, ano e mês de emissão, CNPJ do emitente, modelo do documento fiscal (1), série e número).

A rejeição “548 – CNPJ da NF Referenciada inválido” pelo órgão autorizador ocorre quando o CNPJ da NF referenciada está nulo (vazio), com zeros, possui erro no cálculo do dígito verificador ou é inexistente.

Dicas

Como Resolver

Corrigindo ou incluindo conteúdo informado na tag CNPJ do grupo NFref, com um CNPJ válido. Certifique-se que a informação está correta através do Portal de Consulta da Receita Federal

Após a validação do CNPJ, corrija dentro do cadastro do cliente, invalide e nota fiscal errada e refaça o processo de faturamento novamente recarregando o cliente no pedido novamente após a alteração. 

Duvidas, entre em contato com o suporte através do EXTRANET.","nfe, erros comuns nfe, resoluções nfe, erros comuns e resoluções - nf-e, erros comuns e resoluções - nfe",https://unoerpwiki.herokuapp.com/pt-br/menu-implantacao/configuracao-plugins/configuracao-nf-e/erros-nfe/rejeicao-548
Rejeições NFE,Rejeição: 549 - CNPJ da NF referenciada de produtor inválido. - OK,"Rejeição

A Rejeição (549):""CNPJ da NF referenciada de produtor inválido"", indica que ao emitir uma NF-e com NF referenciada de produtor rural, o CNPJ informado está inválido e nesse caso a rejeição 549 irá ocorrer.

Isso significa que não foi informado o CNPJ do emitente corretamente. Este erro é comum em softwares que não realizam a validação do CNPJ no cadastro da empresa, consequentemente aceitando um valor inválido.

Dicas

Para resolver a Rejeição 549, deve ser informado um CNPJ que seja válido para a NF referenciada de produtor. Verificar se o CNPJ possui 14 caracteres numéricos, posicionamento errado de alguns números ou do dígito verificador.","nfe, erros comuns nfe, resoluções nfe, erros comuns e resoluções - nf-e, erros comuns e resoluções - nfe",https://unoerpwiki.herokuapp.com/pt-br/menu-implantacao/configuracao-plugins/configuracao-nf-e/erros-nfe/rejeicao-549
Rejeições NFE,Rejeição: 550 - CPF da NF referenciada de produtor inválido.,"Rejeição

550 - CPF da NF referenciada de produtor inválido.

Causa

No processo de emissão de Notas Fiscais Eletrônicas existem casos em que é necessário o uso de NF Referenciadas, que são documentos emitidos anteriormente, de forma a vinculá-las na nova operação.

Para Nota Fiscal de Produtor Rural modelo 4, é necessário informar seus dados de identificação (UF do emitente, ano e mês de emissão, CNPJ do emitente, CPF do emitente, IE do emitente, modelo do documento fiscal, série e número).

O órgão autorizador apresenta a rejeição: “550 – CPF da NF Referenciada de Produtor inválido” quando o CPF da NF referenciada está vazio, com zeros ou é inexistente.

Dicas

Como Resolver

Corrigindo o conteúdo informado do campo CPF no grupo refNFP, com um CPF válido. Certifique-se que a informação está correta através do  Portal de Consulta da Receita Federal.

Após a alteração dentro do cadastro do cliente, é necessário inutilizar a Nf errada, recarregar o cliente dentro do pedido e refazer o processo de faturamento novamente.

Duvida, entre em contato com o suporte através do EXTRANET.","nfe, erros comuns nfe, resoluções nfe, erros comuns e resoluções - nf-e, erros comuns e resoluções - nfe",https://unoerpwiki.herokuapp.com/pt-br/menu-implantacao/configuracao-plugins/configuracao-nf-e/erros-nfe/rejeicao-550
Rejeições NFE,Rejeição: 551 - IE da NF referenciada de produtor inválido. OK,"Rejeição

A Rejeição (551):""IE da NF referenciada de produtor inválido"", indica que ao emitir uma NF-e com NF referenciada de produtor rural, a inscrição estadual informada está inválida e nesse caso a rejeição 551 irá ocorrer.

 

Dicas

Para resolver a Rejeição 551, deve ser informada uma inscrição estadual, campo IE, que seja válida para a NF referenciada de produtor. Verifique o número de caracteres ficando entre 2 a 14, posicionamento dos dígitos (zeros a esquerda omitidos por exemplo) e o dígito verificador.","nfe, erros comuns nfe, resoluções nfe, erros comuns e resoluções - nf-e, erros comuns e resoluções - nfe",https://unoerpwiki.herokuapp.com/pt-br/menu-implantacao/configuracao-plugins/configuracao-nf-e/erros-nfe/rejeicao-551
Rejeições NFE,Rejeição: 552 - Dígito Verificador da Chave de Acesso do CT-e Referenciado inválido.,"Rejeição

Rejeição

552 - Dígito Verificador da Chave de Acesso do CT-e referenciado inválido 

Causa

Ao realizar a emissão de uma NF-e (modelo 55), fazendo referência a um ou mais CT-e (modelo 57), com o dígito verificador da chave de acesso inválido, o órgão autorizador retorna a Rejeição “552 – Dígito Verificador da Chave de Acesso do CT-e referenciado inválido”.

Dicas

Como Resolver

Valide as chaves de acesso do(s) CT-e referenciado(s) junto a SEFAZ. Para consultar uma chave de acesso de CT-e acesse o link: Portal do Conhecimento de Transporte Eletrônico

Entre em contato com o suporte através do EXTRANET.","nfe, erros comuns nfe, resoluções nfe, erros comuns e resoluções - nf-e, erros comuns e resoluções - nfe",https://unoerpwiki.herokuapp.com/pt-br/menu-implantacao/configuracao-plugins/configuracao-nf-e/erros-nfe/rejeicao-552
Rejeições NFE,Rejeição: 554 - Série difere da faixa 0-899.,"Detalhes do erro

Essa rejeição pode aparecer se no cadastros das séries, ela for informada com uma faixa de numeração diferente de 0-899.

Mas ela também também pode aparecer se a IE (Inscrição Estadual) no cadastro do cliente estiver como ISENTO indevidamente.

 

Dicas de correção

Para corrigir, primeiro valide a série que esta sendo faturada o pedido, se estiver OK, valide o cadastro do cliente o campo de inscrição estadual, se também estiver tudo OK, pode entrar em contato com o Suporte para validarmos o erro.","nfe, erros comuns nfe, resoluções nfe, erros comuns e resoluções - nf-e, erros comuns e resoluções - nfe",https://unoerpwiki.herokuapp.com/pt-br/menu-implantacao/configuracao-plugins/configuracao-nf-e/erros-nfe/rejeicao-554
Rejeições NFE,Rejeição: 555 - Tipo autorizador do protocolo diverge do Órgão Autorizador.,"Rejeição

Essa rejeição aparece quando a consulta do protocolo de uma NF-e é feita para um WebService diferente do WebService em que a NF-e foi enviada para autorização.

Dicas de correção

Exemplo: ao realizar a consulta de uma NF-e para o estado de RS, porém sua autorização foi realizada no estado de SP a SEFAZ irá retornar à rejeição 555. A consulta de informações dos documentos eletrônicos só pode ser realizada para o mesmo estado em que foi transmitida a nota.
No caso de contingência ocorre a mesma rejeição, onde a consulta do documento deve ser realizada sempre no mesmo Web Service em que foi realizada a transmissão do mesmo.

Se estiver com essa rejeição mesmo consultando corretamente pelo Web Service, entre em contato com o Suporte.","nfe, erros comuns nfe, resoluções nfe, erros comuns e resoluções - nf-e, erros comuns e resoluções - nfe",https://unoerpwiki.herokuapp.com/pt-br/menu-implantacao/configuracao-plugins/configuracao-nf-e/erros-nfe/rejeicao-555
Rejeições NFE,Rejeição: 556 - Justificativa de entrada em contingência não deve ser informada para tipo de emissão normal. OK,"Rejeição

A Rejeição (556):""Justificativa de entrada em contingência não deve ser informada para tipo de emissão normal"", indica que ao emitir uma NF-e em modo normal, foi informado a justificativa de entrada em contingência. 

Dicas

Quando há necessidade de entrada em contingência é necessário preencher o campo “Justificativa Entrada Contingência”, porém ao sair do modo de emissão em contingência esse campo não pode continuar preenchido.

Dentro do sistema UNO, esse campo fica no cadastro de série.

Vendas → Cadastro de Série:","nfe, erros comuns nfe, resoluções nfe, erros comuns e resoluções - nf-e, erros comuns e resoluções - nfe",https://unoerpwiki.herokuapp.com/pt-br/menu-implantacao/configuracao-plugins/configuracao-nf-e/erros-nfe/rejeicao-556
Rejeições NFE,Rejeição: 557 - A Justificativa de entrada em contingência deve ser informada. OK,"Rejeição

Essa rejeição acontece pois ao efetuar a emissão de uma Nota Fiscal Eletrônica em situação de contingência, caso não seja especificada a justificativa e/ou a","nfe, erros comuns nfe, resoluções nfe, erros comuns e resoluções - nf-e, erros comuns e resoluções - nfe",https://unoerpwiki.herokuapp.com/pt-br/menu-implantacao/configuracao-plugins/configuracao-nf-e/erros-nfe/rejeicao-557
Rejeições NFE,Rejeição: 558 - Data de entrada em contingência posterior a data de recebimento. OK,"Rejeição

Essa rejeição indica que ao emitir uma NF-e em contingência, a","nfe, erros comuns nfe, resoluções nfe, erros comuns e resoluções - nf-e, erros comuns e resoluções - nfe",https://unoerpwiki.herokuapp.com/pt-br/menu-implantacao/configuracao-plugins/configuracao-nf-e/erros-nfe/rejeicao-558
Rejeições NFE,Rejeição: 559 - UF do Transportador não informada.,"Detalhes do erro

O erro 559 ocorre quando a UF da transportadora não é informada na nota ou quando a nota não possui transportadora informada.

Dicas de correção

Para resolver este problema, basta verificar se a aba de endereço da transportadora está preenchida corretamente. Caso a NF-e não possua nenhuma transportadora, basta adicionar uma transportadora na nota.

Após a correção, reenvie a nota.","nfe, erros comuns nfe, resoluções nfe, erros comuns e resoluções - nf-e, erros comuns e resoluções - nfe",https://unoerpwiki.herokuapp.com/pt-br/menu-implantacao/configuracao-plugins/configuracao-nf-e/erros-nfe/rejeicao-559
Rejeições NFE,Rejeição: 560 - CNPJ base do emitente difere do CNPJ base da primeira NF-e do lote recebido.,"Detalhes do erro

Essa rejeição ocorre quando um lote de NF-e enviado para processamento, contém Notas de diferentes CNPJ/CPF emitente.

A SEFAZ autoriza somente os lotes que contêm arquivos de um único emitente, validado a partir da primeira NF-e do lote. Para corrigir, deve-se enviar, no mesmo lote, somente NF-e de um único emitente.

Dicas de correção

Nesse caso, basta validar as notas, corrigir e retransmitir as mesmas.

Qualquer dúvida, só entrar em contato com o suporte.","nfe, erros comuns nfe, resoluções nfe, erros comuns e resoluções - nf-e, erros comuns e resoluções - nfe",https://unoerpwiki.herokuapp.com/pt-br/menu-implantacao/configuracao-plugins/configuracao-nf-e/erros-nfe/rejeicao-560
Rejeições NFE,Rejeição: 569 - Data de entrada em contingência muito atrasada. - OK,"Rejeição

A regra de validação da SEFAZ, diz o seguinte:","nfe, erros comuns nfe, resoluções nfe, erros comuns e resoluções - nf-e, erros comuns e resoluções - nfe",https://unoerpwiki.herokuapp.com/pt-br/menu-implantacao/configuracao-plugins/configuracao-nf-e/erros-nfe/rejeicao-569
Rejeições NFE,Rejeição: 571 - O tpEmis informado diferente de 3 para contingência SCAN. OK,"Rejeição

A rejeição ""571 - O tpEmis informado diferente de 3 para contingência SCAN” ocorre ao emitir uma NF-e para o ambiente de contingência SCAN com o campo <tpEmis> com valor diferente de 3.

 

Dicas

No sistema, o cadastro do tipo de emissão em contingência é feito no cadastro de série:

Necessário preencher o tipo de emissão corretamente.","nfe, erros comuns nfe, resoluções nfe, erros comuns e resoluções - nf-e, erros comuns e resoluções - nfe",https://unoerpwiki.herokuapp.com/pt-br/menu-implantacao/configuracao-plugins/configuracao-nf-e/erros-nfe/rejeicao-571
Rejeições NFE,Rejeição: 573 - Duplicidade de Evento. OK,"Rejeição

Essa rejeição ocorre, pois a SEFAZ realiza a seguinte validação: 

Acesso BD de Eventos:
- Verificar duplicidade do evento (tpEvento + chNFe + nSeqEvento)

Dicas

Existem situações onde essa rejeição pode acontecer, segue abaixo:

Ao emitir um evento de cancelamento para determinada NF-e que já foi cancelada.
Ao emitir uma carta de correção (CCe) para determinada NF-e que já possui um evento de carta de correção vinculado e com o mesmo número sequencial ao qual está sendo enviado novamente.
Ao emitir um evento de confirmação do destinatário para determinada NF-e que já possui o mesmo vinculado a ela.

Esta regra de validação é obrigatória em todas as UFs e é valida para NF-e.","nfe, erros comuns nfe, resoluções nfe, erros comuns e resoluções - nf-e, erros comuns e resoluções - nfe",https://unoerpwiki.herokuapp.com/pt-br/menu-implantacao/configuracao-plugins/configuracao-nf-e/erros-nfe/rejeicao-573
Rejeições NFE,Rejeição: 578 - A data do evento não pode ser maior que a data do processamento. OK,"Rejeição

Essa rejeição acontece pois o emitir um evento para vínculo em uma NF-e, é essencial verificar a","nfe, erros comuns nfe, resoluções nfe, erros comuns e resoluções - nf-e, erros comuns e resoluções - nfe",https://unoerpwiki.herokuapp.com/pt-br/menu-implantacao/configuracao-plugins/configuracao-nf-e/erros-nfe/rejeicao-578
Rejeições NFE,Rejeição: 590 - Informado CST para emissor do Simples Nacional (CRT=1). - OK,"Rejeição
Motivo: Não é carregado a alíquota no pedido e enviado para validação SEFAZ.
Solução: No UNO ERP, acesse os parâmetros iniciais via caminho “Cadastro Inicial → Cadastros Iniciais → Parâmetros Iniciais → Módulo ”Vendas"", parâmetro “Indica se empresa é optante do Simples Nacional ”. Neste parâmetro, será necessário colocar como “sim"".

Este erro também pode ocorrer de forma ao contraria, a empresa pode não ser simples nacional e no parâmetros estar como sim, oque gera o mesmo erro.

Dicas
Exemplo de retorno erro no histórico de emissão: “Rejeição: Informado CST para emissor do Simples Nacional (CRT=1 ou 4) [nItem:1]”;
Para realizar o teste se deu certo, necessário cancelar o faturamento atual e realizar o novo faturamento do pedido, recarregando os dados dentro do pedido novamente.","nfe, erros comuns nfe, resoluções nfe, erros comuns e resoluções - nf-e, erros comuns e resoluções - nfe",https://unoerpwiki.herokuapp.com/pt-br/menu-implantacao/configuracao-plugins/configuracao-nf-e/erros-nfe/rejeicao-590
Rejeições NFE,Rejeição: 594 - O número de sequencia do evento informado é maior que o permitido. OK,"Rejeição

Essa rejeição indica que ao emitir uma carta de correção eletrônica (CCe) para determinada NF-e, o número máximo de correções foi excedido (20 correções). 

Dicas

Para resolver a Rejeição 594, é necessário verificar o valor do campo nSeqEvento no XML da Carta de Correção. Essa rejeição ocorre quando esse valor é superior a 20, o que indica que a nota fiscal já possui o número máximo permitido de eventos registrados. A SEFAZ estabelece um limite de até 20 eventos, incluindo Cartas de Correção e Cancelamentos, por NF-e. Portanto, se esse limite for ultrapassado, novos eventos não serão aceitos.


Exemplo da estrutura no XML:","nfe, erros comuns nfe, resoluções nfe, erros comuns e resoluções - nf-e, erros comuns e resoluções - nfe",https://unoerpwiki.herokuapp.com/pt-br/menu-implantacao/configuracao-plugins/configuracao-nf-e/erros-nfe/rejeicao-594
Rejeições NFE,Rejeição: 595 - Obrigatória a informação da justificativa do evento. OK,"Rejeição

Essa rejeição acontece  quando é utilizada a manifestação “Operação não realizada” e não informa uma justificativa.

 

Dicas

Para resolver essa questão é necessário informar uma justificativa quando for manifestar operação não realizada.

Dentro do UNO, essa opção fica na tela: EQW0106 - Painel de importação NF-e :","nfe, erros comuns nfe, resoluções nfe, erros comuns e resoluções - nf-e, erros comuns e resoluções - nfe",https://unoerpwiki.herokuapp.com/pt-br/menu-implantacao/configuracao-plugins/configuracao-nf-e/erros-nfe/rejeicao-595
Rejeições NFE,Rejeição: 596 - Evento apresentado fora do prazo: [prazo vigente] - OK,"Rejeição

Essa rejeição acontece quando o destinatário realiza uma manifestação na nota fora do prazo limite definido pela SEFAZ. 

Dicas

O destinatário precisa se manifestar dentro de um prazo limite, que começa a contar a partir da","nfe, erros comuns nfe, resoluções nfe, erros comuns e resoluções - nf-e, erros comuns e resoluções - nfe",https://unoerpwiki.herokuapp.com/pt-br/menu-implantacao/configuracao-plugins/configuracao-nf-e/erros-nfe/rejeicao-596
Rejeições NFE,Rejeição: 597 - CFOP de Importação e não informado dados de IPI. OK,"Rejeição

Essa rejeição ocorre quando é emitida uma NF-e com CFOP iniciado por 3, indicando uma operação de entrada do exterior, sem o preenchimento do grupo do Imposto sobre Produtos Industrializados (IPI).

 

Dicas

É necessário validar se todas as informações relacionadas ao IPI foram corretamente preenchidas, tanto na NOP quanto na Classificação Fiscal.

 

Na NOP:

Se a operação utiliza uma CST de IPI tributável, é necessário marcar a opção de tributação de IPI.

Se estiver sendo utilizada uma CST diferenciada de IPI, é necessário preencher também o código de enquadramento.

 

Na Classificação Fiscal:

Verifique se o código de enquadramento do IPI está corretamente informado.

Após realizar as validações e as correções inutilizar a nota e recarregar a NOP no pedido para que as informações sejam atualizadas.","nfe, erros comuns nfe, resoluções nfe, erros comuns e resoluções - nf-e, erros comuns e resoluções - nfe",https://unoerpwiki.herokuapp.com/pt-br/menu-implantacao/configuracao-plugins/configuracao-nf-e/erros-nfe/rejeicao-597
Rejeições NFE,Rejeição: 600 - CSOSN incompatível na operação com Não Contribuinte - OK,"Rejeição

Essa rejeição ocorre pois a CSOSN atribuída aos itens não é compatível na operação com Não Contribuinte.

Dicas

Para corrigir essa questão é necessário: 

Inutilizar a nota para reabrir o pedido

Validar com a contabilidade qual a CSOSN correta para a operação e corrigir no pedido ou na Regra de ICMS. 

 

EXCEÇÕES: 

 A regra de validação acima não se aplica para NF-e de entrada. 
A regra de validação acima não se aplica nas operações com CFOP de conserto ou reparo (CFOP 5915, 5916, 6915 e 6916) ou de remessa para demonstração dentro do Estado (CFOP 5912 e 5913).
A regra de validação não se aplica, em produção, para Nota Fiscal com","nfe, erros comuns nfe, resoluções nfe, erros comuns e resoluções - nf-e, erros comuns e resoluções - nfe",https://unoerpwiki.herokuapp.com/pt-br/menu-implantacao/configuracao-plugins/configuracao-nf-e/erros-nfe/rejeicao-600
Rejeições NFE,Rejeição: 612 - cEANTrib inválido. - OK,"Rejeição

Essa rejeição ocorre devido devido a SEFAZ validar que o Cod EAN de algum dos itens vinculados ao pedido está preenchido de forma incorreta. 

Dicas

Para resolver essa rejeição é necessário:

Validar o Cod EAN preenchido nos produtos.

Inutilizar a nota para reabrir o pedido.

Recarregar o item no pedido e faturar novamente. 

 

INFORMATIVO:","nfe, erros comuns nfe, resoluções nfe, erros comuns e resoluções - nf-e, erros comuns e resoluções - nfe",https://unoerpwiki.herokuapp.com/pt-br/menu-implantacao/configuracao-plugins/configuracao-nf-e/erros-nfe/rejeicao-612
Rejeições NFE,Rejeição: 625 - Inscrição SUFRAMA deve ser informada na venda com isenção para ZFM. - OK,"Rejeição

Essa rejeição ocorre quando a nota é emitida para a Zona Franca de Manaus e não foi vinculado ao cliente um Cód Suframa. 

Dicas

Dentro do sistema UNO a NOP está marcada como “Zona Franca”

Desta forma é necessário cadastrar o Cód Suframa no passo 03 do cadastro do cliente:

Após realizar essa correção:

Inutilize a nota para reabrir o pedido.

Recarregue o cliente no pedido que o sistema acate as alterações.","nfe, erros comuns nfe, resoluções nfe, erros comuns e resoluções - nf-e, erros comuns e resoluções - nfe",https://unoerpwiki.herokuapp.com/pt-br/menu-implantacao/configuracao-plugins/configuracao-nf-e/erros-nfe/rejeicao-625
Rejeições NFE,Rejeição: 626 - CFOP de operação isenta para ZFM diferente do previsto. OK,"Rejeição

A regra de validação da Sefaz, diz o seguinte:
Se informado a desoneração Suframa  deve ser informado um CFOP compatível com a operação. 

Dicas

Quando ocorrer essa rejeição inutilize a nota para reabrir o pedido.

Ajuste a CFOP na NOP. 

Recarregue a NOP no pedido para faturar novamente.","nfe, erros comuns nfe, resoluções nfe, erros comuns e resoluções - nf-e, erros comuns e resoluções - nfe",https://unoerpwiki.herokuapp.com/pt-br/menu-implantacao/configuracao-plugins/configuracao-nf-e/erros-nfe/rejeicao-626
Rejeições NFE,Rejeição: 628 - Total da NF superior ao valor limite estabelecido pela SEFAZ [Limite] - OK,"Rejeição

Essa rejeição ocorre pois cada estado define o valor máximo total para um documento fiscal. Quando ultrapassado esse valor, a rejeição 628 será exibida.

 

Dicas

Valide qual o valor máximo definido no estado e ajuste o pedido para que a nota seja autorizada.","nfe, erros comuns nfe, resoluções nfe, erros comuns e resoluções - nf-e, erros comuns e resoluções - nfe",https://unoerpwiki.herokuapp.com/pt-br/menu-implantacao/configuracao-plugins/configuracao-nf-e/erros-nfe/rejeicao-628
Rejeições NFE,Rejeição: 631 - CNPJ-Base do Destinatário difere do CNPJ-Base do Certificado Digital - OK,"Rejeição

Essa rejeição ocorre pois a SEFAZ realiza uma validação para verificar se o CNPJ-Base do Emitente difere do CNPJ-Base do Certificado Digital. 

 

Dicas

Para resolver a Rejeição 213 CNPJ-Base do Emitente difere do CNPJ-Base do Certificado Digital, é necessário verificar se o CNPJ do emitente informado é o mesmo CNPJ-base do certificado digital.","nfe, erros comuns nfe, resoluções nfe, erros comuns e resoluções - nf-e, erros comuns e resoluções - nfe",https://unoerpwiki.herokuapp.com/pt-br/menu-implantacao/configuracao-plugins/configuracao-nf-e/erros-nfe/rejeicao-631
Rejeições NFE,"Rejeição: 632 - Solicitação fora de prazo, a NF-e não está mais disponível para download. OK","Rejeição

Essa rejeição ocorre quando a NF-e esta indisponível para download devido a ausência de Manifestação do Destinatário.

 

Dicas

Quando não for efetuado o processo de Realizar Manifestação de Notas Fiscais Eletrônicas a NF-e não estará disponível para download, somente após um Evento de ""Ciência da Operação"" ou ""Confirmação de Operação"".

De acordo com a NT2012/002 a SEFAZ permite o download completo das NF-e dentro do prazo de 30 diasda autorização de uso e que tenha sido realizado a Confirmação da Operação ou Ciência da Operação.","nfe, erros comuns nfe, resoluções nfe, erros comuns e resoluções - nf-e, erros comuns e resoluções - nfe",https://unoerpwiki.herokuapp.com/pt-br/menu-implantacao/configuracao-plugins/configuracao-nf-e/erros-nfe/rejeicao-632
Rejeições NFE,Rejeição: 633 - NF-e indisponível para download devido a ausência de Manifestação do Destinatário. OK,"Rejeição

Essa rejeição ocorre quando a NF-e esta indisponível para download devido a ausência de Manifestação do Destinatário.

 

Dicas

Quando não for efetuado o processo de Realizar Manifestação de Notas Fiscais Eletrônicas a NF-e não estará disponível para download, somente após um Evento de ""Ciência da Operação"" ou ""Confirmação de Operação"".

Para resolver esta rejeição deverá manifestar a NF-e de acordo com a necessidade dentro do prazo de 180 dias a contar após a","nfe, erros comuns nfe, resoluções nfe, erros comuns e resoluções - nf-e, erros comuns e resoluções - nfe",https://unoerpwiki.herokuapp.com/pt-br/menu-implantacao/configuracao-plugins/configuracao-nf-e/erros-nfe/rejeicao-633
Rejeições NFE,Rejeição: 635 - NF-e com mesmo número e série já transmitida e aguardando processamento. OK,"Rejeição

Essa rejeição é muito comum em momentos de oscilações dos servidores da SEFAZ, que, consequentemente, levam um tempo maior do que o de costume para autorizar a nota, que fica aguardando processamento, o que leva ao usuário realizar um reenvio da nota, sem antes consultar a situação da nota anterior.

Dicas

Para evitar essa rejeição o ideal é realizar a consulta da notas antes de solicitar o reenvio de uma nota com mesma numeração e série.","nfe, erros comuns nfe, resoluções nfe, erros comuns e resoluções - nf-e, erros comuns e resoluções - nfe",https://unoerpwiki.herokuapp.com/pt-br/menu-implantacao/configuracao-plugins/configuracao-nf-e/erros-nfe/rejeicao-635
Rejeições NFE,"Rejeição: 650 - Evento de ""Ciência da Emissão"" para NF-e Cancelada ou Denegada. OK","Rejeição

Ao emitir uma Manifestação do Destinatário e tentar enviar o evento “Ciência da Emissão” para uma nota que já está Cancelada ou Denegada na Sefaz, será retornado a rejeição 650.

 

Dicas

Para corrigir essa rejeição, verifique se a nota foi cancelada antes de manifestar, se tiver sido cancelada esta nota não receberá nenhum evento do processo de destinadas caso esteja com este status.","nfe, erros comuns nfe, resoluções nfe, erros comuns e resoluções - nf-e, erros comuns e resoluções - nfe",https://unoerpwiki.herokuapp.com/pt-br/menu-implantacao/configuracao-plugins/configuracao-nf-e/erros-nfe/rejeicao-650
Rejeições NFE,"Rejeição: 651 - Evento de ""Desconhecimento da Operação"" para NF-e Cancelada ou Denegada. OK","Rejeição

Ao emitir um Manifesto do Destinatário e tentar enviar o evento ""Desconhecimento da Operação"" para uma nota que já está Cancelada ou Denegada na Sefaz, será retornado a rejeição 651.

 

Dicas

Para corrigir essa rejeição, verifique se a nota foi cancelada antes de manifestar, pois se tiver sido cancelada esta nota não receberá nenhum evento do processo de destinadas caso esteja com este status.","nfe, erros comuns nfe, resoluções nfe, erros comuns e resoluções - nf-e, erros comuns e resoluções - nfe",https://unoerpwiki.herokuapp.com/pt-br/menu-implantacao/configuracao-plugins/configuracao-nf-e/erros-nfe/rejeicao-651
Rejeições NFE,"Rejeição: 653 - NF-e Cancelada, arquivo indisponível para download. OK","Rejeição

Quando uma NF-e de recebimento é cancelada pelo emitente, e é efetuado uma tentativa de download do XML da nota, o documento irá registrar em seus eventos a rejeição 653 - Rejeição: NF-e Cancelada, arquivo indisponível para download.

 

Dicas

Não existe uma ação que podemos realizar neste caso, por conta do bloqueio pela validação da Receita.","nfe, erros comuns nfe, resoluções nfe, erros comuns e resoluções - nf-e, erros comuns e resoluções - nfe",https://unoerpwiki.herokuapp.com/pt-br/menu-implantacao/configuracao-plugins/configuracao-nf-e/erros-nfe/rejeicao-653
Rejeições NFE,"Rejeição: 654 - NF-e Denegada, arquivo indisponível para download. OK","Rejeição

Essa rejeição indica que a nota fiscal foi denegada pela SEFAZ e não pode ser utilizada para fins fiscais. Quando uma NF-e é denegada, significa que a SEFAZ identificou alguma irregularidade no CNPJ do emissor ou do destinatário, tornando a operação inválida.

Principais causas da rejeição 654:

Irregularidade cadastral do destinatário ou emissor:

O CNPJ pode estar suspenso, inapto, baixado ou irregular na Receita Federal ou na SEFAZ estadual.

 

Dicas

Para solucionar esse problema, é necessário identificar e corrigir a causa da denegação:

Verifique a situação cadastral do CNPJ da empresa. 
Caso o problema esteja no destinatário, entre em contato com ele e peça para que regularize sua situação fiscal junto à SEFAZ ou Receita Federal.
 Não tente reutilizar a NF-e denegada, uma vez denegada, a NF-e não pode ser corrigida, cancelada ou reutilizada.A única solução é emitir uma nova NF-e com um número diferente após a regularização da situação do destinatário.","nfe, erros comuns nfe, resoluções nfe, erros comuns e resoluções - nf-e, erros comuns e resoluções - nfe",https://unoerpwiki.herokuapp.com/pt-br/menu-implantacao/configuracao-plugins/configuracao-nf-e/erros-nfe/rejeicao-654
Rejeições NFE,Rejeição: 655 - Evento de Ciência da Emissão informado após a manifestação final do destinatário. OK,"Rejeição

A rejeição ""655 - Evento de Ciência da Emissão informado após a manifestação final do destinatário"" ocorre quando a NF-e para qual se está emitindo evento de Manifestação do Destinatário de ""Ciência de Operação"" já está vinculada a outros eventos de manifestação, como Confirmação da Operação, Operação não Realizada ou Desconhecimento

 

Dicas

Quando uma empresa (destinatário) recebe uma nota fiscal eletrônica (NF-e) emitida em seu nome, ela pode registrar um evento chamado ""Ciência da Emissão"". Isso significa que ela viu a nota e reconhece que ela foi emitida, mas ainda não tem certeza se a operação realmente aconteceu ou se está correta. 

Depois disso, a empresa deve registrar uma Manifestação Final, escolhendo uma das opções:

Confirmação da Operação (quando reconhece que a nota está certa),

Operação não Realizada (quando a operação não aconteceu),

Desconhecimento da Operação (quando a empresa nem sabe do que se trata).

Se a empresa já escolheu uma dessas três opções (ou seja, já deu uma resposta final), não faz sentido registrar a “Ciência da Emissão”, porque ela já analisou e concluiu o caso.","nfe, erros comuns nfe, resoluções nfe, erros comuns e resoluções - nf-e, erros comuns e resoluções - nfe",https://unoerpwiki.herokuapp.com/pt-br/menu-implantacao/configuracao-plugins/configuracao-nf-e/erros-nfe/rejeicao-655
Rejeições NFE,Rejeição: 660 - CFOP de Combustível e não informado grupo de combustível da NF-e. OK,"Rejeição

Quando for emitida NF-e que possua CFOP de combustível é obrigatório informar o grupo de combustível.

Dicas

 No sistema, deve ser preenchido os campos vinculados a ANP e ajustar os tributos de acordo com as orientações da área fiscal.

 

Link útil: https://atendimento.tecnospeed.com.br/hc/pt-br/articles/360010796194-NF-e-Como-resolver-a-Rejei%C3%A7%C3%A3o-660-CFOP-de-Combust%C3%ADvel-e-n%C3%A3o-informado-grupo-de-combust%C3%ADvel-da-NF-e","nfe, erros comuns nfe, resoluções nfe, erros comuns e resoluções - nf-e, erros comuns e resoluções - nfe",https://unoerpwiki.herokuapp.com/pt-br/menu-implantacao/configuracao-plugins/configuracao-nf-e/erros-nfe/rejeicao-660
Rejeições NFE,Rejeição: 678 - NF referenciada com UF diferente da NF-e complementar. OK,"Rejeição

A rejeição ""678: NF referenciada com UF diferente da NF-e complementar"" indica que em uma NF-e complementar  foi referenciado um documento fiscal de outra UF. Uma NF-e complementar deve sempre referenciar um documento fiscal emitido/ autorizado de sua mesma UF. 

Dicas

É necessário inutilizar a nota e corrigir a NF-e complementar, retirando a referência a documentos fiscais de UF diferente da sua. Após a correção, o documento deve ser reenviado para a SEFAZ.

Validação SEFAZ:

 

Se NF-e complementar (tag:finNFe=2):
UF da NF-e referenciada diferente da UF do emitente (NF-e, NFC-e, NF modelo 1) (NT 2013/003)	678	Rej.	Rejeição: NF referenciada com UF diferente da NF-e complementar","nfe, erros comuns nfe, resoluções nfe, erros comuns e resoluções - nf-e, erros comuns e resoluções - nfe",https://unoerpwiki.herokuapp.com/pt-br/menu-implantacao/configuracao-plugins/configuracao-nf-e/erros-nfe/rejeicao-678
